listing_url,image_url,image_index,source_csv,source_row,city
https://www.tecnocasa.tn/vendre/appartement/bizerte/bizerte/45686.html,https://cdn-media.medialabtc.it/tn/agencies/bzco1/estates/45686/images/227753/detail.jpeg,1,data\csv\tecnocasa_real_estate_listings_all.csv,54,Bizerte
https://www.tecnocasa.tn/vendre/appartement/bizerte/bizerte/48999.html,https://cdn-media.medialabtc.it/tn/agencies/bzco1/estates/48999/images/272294/gallery_media.jpeg,1,data\csv\tecnocasa_real_estate_listings_all.csv,32,Bizerte
https://www.tecnocasa.tn/vendre/appartement/bizerte/bizerte/48999.html,https://cdn-media.medialabtc.it/tn/agencies/bzco1/estates/48999/images/272294/detail.jpeg,2,data\csv\tecnocasa_real_estate_listings_all.csv,32,Bizerte
https://www.tecnocasa.tn/vendre/appartement/bizerte/bizerte/51008.html,https://cdn-media.medialabtc.it/tn/agencies/bzco1/estates/51008/images/253572/detail.jpeg,1,data\csv\tecnocasa_real_estate_listings_all.csv,57,Bizerte
https://www.tecnocasa.tn/vendre/appartement/bizerte/bizerte/51865.html,https://cdn-media.medialabtc.it/tn/agencies/bzco1/estates/51865/images/271906/detail.jpeg,1,data\csv\tecnocasa_real_estate_listings_all.csv,58,Bizerte
https://www.tecnocasa.tn/vendre/appartement/bizerte/bizerte/54975.html,https://cdn-media.medialabtc.it/tn/agencies/bzco1/estates/54975/images/294095/gallery_media.jpeg,1,data\csv\tecnocasa_real_estate_listings_all.csv,48,Bizerte
https://www.tecnocasa.tn/vendre/appartement/bizerte/bizerte/54975.html,https://cdn-media.medialabtc.it/tn/agencies/bzco1/estates/54975/images/294095/detail.jpeg,2,data\csv\tecnocasa_real_estate_listings_all.csv,48,Bizerte
https://www.tecnocasa.tn/vendre/appartement/bizerte/bizerte/55319.html,https://cdn-media.medialabtc.it/tn/agencies/bzco1/estates/55319/images/292082/detail.jpeg,1,data\csv\tecnocasa_real_estate_listings_all.csv,13,Bizerte
https://www.tecnocasa.tn/vendre/appartement/bizerte/bizerte/56418.html,https://cdn-media.medialabtc.it/tn/agencies/bzco1/estates/56418/images/317858/detail.jpeg,1,data\csv\tecnocasa_real_estate_listings_all.csv,6,Bizerte
https://www.tecnocasa.tn/vendre/appartement/bizerte/bizerte/57418.html,https://cdn-media.medialabtc.it/tn/agencies/bzco1/estates/57418/images/318234/detail.jpeg,1,data\csv\tecnocasa_real_estate_listings_all.csv,43,Bizerte
https://www.tecnocasa.tn/vendre/appartement/bizerte/bizerte/57938.html,https://cdn-media.medialabtc.it/tn/agencies/bzco1/estates/57938/images/315445/detail.jpeg,1,data\csv\tecnocasa_real_estate_listings_all.csv,44,Bizerte
https://www.tecnocasa.tn/vendre/appartement/bizerte/bizerte/58845.html,https://cdn-media.medialabtc.it/tn/agencies/bzco1/estates/58845/images/351599/detail.jpeg,1,data\csv\tecnocasa_real_estate_listings_all.csv,5,Bizerte
https://www.tecnocasa.tn/vendre/appartement/bizerte/bizerte/60632.html,https://cdn-media.medialabtc.it/tn/agencies/bzco1/estates/60632/images/341532/gallery_media.jpeg,1,data\csv\tecnocasa_real_estate_listings_all.csv,16,Bizerte
https://www.tecnocasa.tn/vendre/appartement/bizerte/bizerte/60632.html,https://cdn-media.medialabtc.it/tn/agencies/bzco1/estates/60632/images/341532/detail.jpeg,2,data\csv\tecnocasa_real_estate_listings_all.csv,16,Bizerte
https://www.tecnocasa.tn/vendre/appartement/bizerte/bizerte/61533.html,https://cdn-media.medialabtc.it/tn/agencies/bzco1/estates/61533/images/348778/detail.jpeg,1,data\csv\tecnocasa_real_estate_listings_all.csv,7,Bizerte
https://www.tecnocasa.tn/vendre/appartement/bizerte/bizerte/62274.html,https://cdn-media.medialabtc.it/tn/agencies/bzco1/estates/62274/images/357122/gallery_media.jpeg,1,data\csv\tecnocasa_real_estate_listings_all.csv,4,Bizerte
https://www.tecnocasa.tn/vendre/appartement/bizerte/bizerte/62274.html,https://cdn-media.medialabtc.it/tn/agencies/bzco1/estates/62274/images/357122/detail.jpeg,2,data\csv\tecnocasa_real_estate_listings_all.csv,4,Bizerte
https://www.tecnocasa.tn/vendre/appartement/bizerte/bizerte/62987.html,https://cdn-media.medialabtc.it/tn/agencies/bzco1/estates/62987/images/368206/gallery_media.jpeg,1,data\csv\tecnocasa_real_estate_listings_all.csv,2,Bizerte
https://www.tecnocasa.tn/vendre/appartement/bizerte/bizerte/62987.html,https://cdn-media.medialabtc.it/tn/agencies/bzco1/estates/62987/images/368206/detail.jpeg,2,data\csv\tecnocasa_real_estate_listings_all.csv,2,Bizerte
https://www.tecnocasa.tn/vendre/appartement/cap-bon/hammamet/39464.html,https://cdn-media.medialabtc.it/tn/agencies/naha2/estates/39464/images/166418/detail.jpeg,1,data\csv\tecnocasa_real_estate_listings_all.csv,179,"Hammamet, Boulevard de L'Environnment - Hammamet Nord"
https://www.tecnocasa.tn/vendre/appartement/cap-bon/hammamet/41327.html,https://cdn-media.medialabtc.it/tn/agencies/naha2/estates/41327/images/294909/gallery_media.jpeg,1,data\csv\tecnocasa_real_estate_listings_all.csv,180,"Hammamet, Hammamet nord - Hammamet Nord"
https://www.tecnocasa.tn/vendre/appartement/cap-bon/hammamet/41327.html,https://cdn-media.medialabtc.it/tn/agencies/naha2/estates/41327/images/294909/detail.jpeg,2,data\csv\tecnocasa_real_estate_listings_all.csv,180,"Hammamet, Hammamet nord - Hammamet Nord"
https://www.tecnocasa.tn/vendre/appartement/cap-bon/hammamet/44766.html,https://cdn-media.medialabtc.it/tn/agencies/naha3/estates/44766/images/200013/detail.jpeg,1,data\csv\tecnocasa_real_estate_listings_all.csv,194,"Hammamet, Hammamet sud - Hammamet Sud"
https://www.tecnocasa.tn/vendre/appartement/cap-bon/hammamet/45473.html,https://cdn-media.medialabtc.it/tn/agencies/naha3/estates/45473/images/208582/detail.jpeg,1,data\csv\tecnocasa_real_estate_listings_all.csv,189,"Hammamet, Barraket essahel - Barreket Essahel"
https://www.tecnocasa.tn/vendre/appartement/cap-bon/hammamet/45475.html,https://cdn-media.medialabtc.it/tn/agencies/naha3/estates/45475/images/208538/detail.jpeg,1,data\csv\tecnocasa_real_estate_listings_all.csv,202,"Hammamet, Barraket essahel - Barreket Essahel"
https://www.tecnocasa.tn/vendre/appartement/cap-bon/hammamet/45572.html,https://cdn-media.medialabtc.it/tn/agencies/naha3/estates/45572/images/210174/detail.jpeg,1,data\csv\tecnocasa_real_estate_listings_all.csv,193,"Hammamet, Jinene Hammamet - Hammamet Sud"
https://www.tecnocasa.tn/vendre/appartement/cap-bon/hammamet/48225.html,https://cdn-media.medialabtc.it/tn/agencies/naha3/estates/48225/images/230896/gallery_media.jpeg,1,data\csv\tecnocasa_real_estate_listings_all.csv,195,"Hammamet, Moncef bey - Hammamet Sud"
https://www.tecnocasa.tn/vendre/appartement/cap-bon/hammamet/48225.html,https://cdn-media.medialabtc.it/tn/agencies/naha3/estates/48225/images/230896/detail.jpeg,2,data\csv\tecnocasa_real_estate_listings_all.csv,195,"Hammamet, Moncef bey - Hammamet Sud"
https://www.tecnocasa.tn/vendre/appartement/cap-bon/hammamet/48424.html,https://cdn-media.medialabtc.it/tn/agencies/naha3/estates/48424/images/230317/detail.jpeg,1,data\csv\tecnocasa_real_estate_listings_all.csv,192,"Hammamet, Yasmine Hammamet - Hammamet Sud"
https://www.tecnocasa.tn/vendre/appartement/cap-bon/hammamet/48648.html,https://cdn-media.medialabtc.it/tn/agencies/naha3/estates/48648/images/234725/detail.jpeg,1,data\csv\tecnocasa_real_estate_listings_all.csv,200,"Hammamet, Rue moncef bey - Hammamet Sud"
https://www.tecnocasa.tn/vendre/appartement/cap-bon/hammamet/50272.html,https://cdn-media.medialabtc.it/tn/agencies/naha3/estates/50272/images/285669/gallery_media.jpeg,1,data\csv\tecnocasa_real_estate_listings_all.csv,197,"Hammamet, Hammamet sud - Hammamet Sud"
https://www.tecnocasa.tn/vendre/appartement/cap-bon/hammamet/50272.html,https://cdn-media.medialabtc.it/tn/agencies/naha3/estates/50272/images/285669/detail.jpeg,2,data\csv\tecnocasa_real_estate_listings_all.csv,197,"Hammamet, Hammamet sud - Hammamet Sud"
https://www.tecnocasa.tn/vendre/appartement/cap-bon/hammamet/50956.html,https://cdn-media.medialabtc.it/tn/agencies/naha2/estates/50956/images/282270/detail.jpeg,1,data\csv\tecnocasa_real_estate_listings_all.csv,227,"Hammamet, Rue kharouba - Hammamet Nord"
https://www.tecnocasa.tn/vendre/appartement/cap-bon/hammamet/51464.html,https://cdn-media.medialabtc.it/tn/agencies/naha3/estates/51464/images/284472/detail.jpeg,1,data\csv\tecnocasa_real_estate_listings_all.csv,190,"Hammamet, Oued baten Hammamet sud - Hammamet Sud"
https://www.tecnocasa.tn/vendre/appartement/cap-bon/hammamet/55494.html,https://cdn-media.medialabtc.it/tn/agencies/naha2/estates/55494/images/328056/detail.jpeg,1,data\csv\tecnocasa_real_estate_listings_all.csv,234,"Hammamet, Rue Hammamet - Hammamet Nord"
https://www.tecnocasa.tn/vendre/appartement/cap-bon/hammamet/55512.html,https://cdn-media.medialabtc.it/tn/agencies/naha3/estates/55512/images/293723/detail.jpeg,1,data\csv\tecnocasa_real_estate_listings_all.csv,191,"Hammamet, Rue Moncef Bay - Hammamet Sud"
https://www.tecnocasa.tn/vendre/appartement/cap-bon/hammamet/57915.html,https://cdn-media.medialabtc.it/tn/agencies/naha2/estates/57915/images/339351/gallery_media.jpeg,1,data\csv\tecnocasa_real_estate_listings_all.csv,62,"Hammamet, Avenue omar khayem - Hammamet Nord"
https://www.tecnocasa.tn/vendre/appartement/cap-bon/hammamet/57915.html,https://cdn-media.medialabtc.it/tn/agencies/naha2/estates/57915/images/339351/detail.jpeg,2,data\csv\tecnocasa_real_estate_listings_all.csv,62,"Hammamet, Avenue omar khayem - Hammamet Nord"
https://www.tecnocasa.tn/vendre/appartement/cap-bon/hammamet/61068.html,https://cdn-media.medialabtc.it/tn/agencies/naha2/estates/61068/images/345379/detail.jpeg,1,data\csv\tecnocasa_real_estate_listings_all.csv,158,"Hammamet, Avenue Dali Jazi - Hammamet Nord"
https://www.tecnocasa.tn/vendre/appartement/cap-bon/hammamet/62463.html,https://cdn-media.medialabtc.it/tn/agencies/naha1/estates/62463/images/355272/detail.jpeg,1,data\csv\tecnocasa_real_estate_listings_all.csv,210,Hammamet - Hammamet Centre
https://www.tecnocasa.tn/vendre/appartement/cap-bon/kelibia/55235.html,https://cdn-media.medialabtc.it/tn/agencies/naca4/estates/55235/images/290268/detail.jpeg,1,data\csv\tecnocasa_real_estate_listings_all.csv,124,"Kélibia, Rue Manzel Horr"
https://www.tecnocasa.tn/vendre/appartement/cap-bon/kelibia/59059.html,https://cdn-media.medialabtc.it/tn/agencies/naca4/estates/59059/images/324438/detail.jpeg,1,data\csv\tecnocasa_real_estate_listings_all.csv,65,"Kélibia, s+3 sidi ben aissa"
https://www.tecnocasa.tn/vendre/appartement/cap-bon/kelibia/59539.html,https://cdn-media.medialabtc.it/tn/agencies/naca4/estates/59539/images/347390/gallery_media.jpeg,1,data\csv\tecnocasa_real_estate_listings_all.csv,120,"Kélibia, Kélibia la blanche"
https://www.tecnocasa.tn/vendre/appartement/cap-bon/kelibia/59539.html,https://cdn-media.medialabtc.it/tn/agencies/naca4/estates/59539/images/347390/detail.jpeg,2,data\csv\tecnocasa_real_estate_listings_all.csv,120,"Kélibia, Kélibia la blanche"
https://www.tecnocasa.tn/vendre/appartement/cap-bon/kelibia/59811.html,https://cdn-media.medialabtc.it/tn/agencies/naca4/estates/59811/images/331777/detail.jpeg,1,data\csv\tecnocasa_real_estate_listings_all.csv,114,"Kélibia, Cité riadh"
https://www.tecnocasa.tn/vendre/appartement/cap-bon/kelibia/59911.html,https://cdn-media.medialabtc.it/tn/agencies/naca4/estates/59911/images/356591/detail.jpeg,1,data\csv\tecnocasa_real_estate_listings_all.csv,69,"Kélibia, Rue sakiet sidi youssef"
https://www.tecnocasa.tn/vendre/appartement/cap-bon/kelibia/60319.html,https://cdn-media.medialabtc.it/tn/agencies/naca4/estates/60319/images/364284/detail.jpeg,1,data\csv\tecnocasa_real_estate_listings_all.csv,86,"Kélibia, Jinen Mansoura"
https://www.tecnocasa.tn/vendre/appartement/cap-bon/kelibia/60421.html,https://cdn-media.medialabtc.it/tn/agencies/naca4/estates/60421/images/338156/detail.jpeg,1,data\csv\tecnocasa_real_estate_listings_all.csv,72,"Kélibia, Jinene Mansoura"
https://www.tecnocasa.tn/vendre/appartement/cap-bon/kelibia/60597.html,https://cdn-media.medialabtc.it/tn/agencies/naca4/estates/60597/images/348758/detail.jpeg,1,data\csv\tecnocasa_real_estate_listings_all.csv,117,"Kélibia, Rue Victor Hugo"
https://www.tecnocasa.tn/vendre/appartement/cap-bon/kelibia/61409.html,https://cdn-media.medialabtc.it/tn/agencies/naca4/estates/61409/images/356577/detail.jpeg,1,data\csv\tecnocasa_real_estate_listings_all.csv,119,"Kélibia, Hamem lghezez"
https://www.tecnocasa.tn/vendre/appartement/cap-bon/kelibia/61532.html,https://cdn-media.medialabtc.it/tn/agencies/naca4/estates/61532/images/350570/gallery_media.jpeg,1,data\csv\tecnocasa_real_estate_listings_all.csv,121,"Kélibia, cite Merdes"
https://www.tecnocasa.tn/vendre/appartement/cap-bon/kelibia/61532.html,https://cdn-media.medialabtc.it/tn/agencies/naca4/estates/61532/images/350570/detail.jpeg,2,data\csv\tecnocasa_real_estate_listings_all.csv,121,"Kélibia, cite Merdes"
https://www.tecnocasa.tn/vendre/appartement/cap-bon/kelibia/61850.html,https://cdn-media.medialabtc.it/tn/agencies/naca4/estates/61850/images/352037/detail.jpeg,1,data\csv\tecnocasa_real_estate_listings_all.csv,112,"Kélibia, Kélibia la blanche"
https://www.tecnocasa.tn/vendre/appartement/cap-bon/kelibia/61913.html,https://cdn-media.medialabtc.it/tn/agencies/naca4/estates/61913/images/356271/detail.jpeg,1,data\csv\tecnocasa_real_estate_listings_all.csv,103,"Kélibia, Hamem ghzez"
https://www.tecnocasa.tn/vendre/appartement/cap-bon/kelibia/61952.html,https://cdn-media.medialabtc.it/tn/agencies/naca4/estates/61952/images/352211/detail.jpeg,1,data\csv\tecnocasa_real_estate_listings_all.csv,123,"Kélibia, Rue Mamounia"
https://www.tecnocasa.tn/vendre/appartement/cap-bon/kelibia/62019.html,https://cdn-media.medialabtc.it/tn/agencies/naca4/estates/62019/images/352485/detail.jpeg,1,data\csv\tecnocasa_real_estate_listings_all.csv,115,"Kélibia, Jinen mansoura"
https://www.tecnocasa.tn/vendre/appartement/cap-bon/kelibia/62096.html,https://cdn-media.medialabtc.it/tn/agencies/naca4/estates/62096/images/366966/detail.jpeg,1,data\csv\tecnocasa_real_estate_listings_all.csv,231,"Kélibia, Cité Merdes"
https://www.tecnocasa.tn/vendre/appartement/cap-bon/kelibia/62097.html,https://cdn-media.medialabtc.it/tn/agencies/naca4/estates/62097/images/363602/detail.jpeg,1,data\csv\tecnocasa_real_estate_listings_all.csv,88,"Kélibia, Cité Merdes"
https://www.tecnocasa.tn/vendre/appartement/cap-bon/kelibia/62214.html,https://cdn-media.medialabtc.it/tn/agencies/naca4/estates/62214/images/356444/detail.jpeg,1,data\csv\tecnocasa_real_estate_listings_all.csv,125,"Kélibia, Rue Mamounia"
https://www.tecnocasa.tn/vendre/appartement/cap-bon/kelibia/62228.html,https://cdn-media.medialabtc.it/tn/agencies/naca4/estates/62228/images/357534/detail.jpeg,1,data\csv\tecnocasa_real_estate_listings_all.csv,111,"Kélibia, Avenue des nations unies"
https://www.tecnocasa.tn/vendre/appartement/cap-bon/kelibia/62395.html,https://cdn-media.medialabtc.it/tn/agencies/naca4/estates/62395/images/355809/detail.jpeg,1,data\csv\tecnocasa_real_estate_listings_all.csv,126,"Kélibia, El zahra"
https://www.tecnocasa.tn/vendre/appartement/cap-bon/kelibia/62427.html,https://cdn-media.medialabtc.it/tn/agencies/naca4/estates/62427/images/355121/gallery_media.jpeg,1,data\csv\tecnocasa_real_estate_listings_all.csv,206,"Kélibia, Jinen mansoura"
https://www.tecnocasa.tn/vendre/appartement/cap-bon/kelibia/62427.html,https://cdn-media.medialabtc.it/tn/agencies/naca4/estates/62427/images/355121/detail.jpeg,2,data\csv\tecnocasa_real_estate_listings_all.csv,206,"Kélibia, Jinen mansoura"
https://www.tecnocasa.tn/vendre/appartement/cap-bon/kelibia/62442.html,https://cdn-media.medialabtc.it/tn/agencies/naca4/estates/62442/images/362816/detail.jpeg,1,data\csv\tecnocasa_real_estate_listings_all.csv,98,"Kélibia, Rue kerkouen"
https://www.tecnocasa.tn/vendre/appartement/cap-bon/kelibia/62446.html,https://cdn-media.medialabtc.it/tn/agencies/naca4/estates/62446/images/364084/detail.jpeg,1,data\csv\tecnocasa_real_estate_listings_all.csv,87,"Kélibia, Avenue des nations Unies"
https://www.tecnocasa.tn/vendre/appartement/cap-bon/kelibia/63773.html,https://cdn-media.medialabtc.it/tn/agencies/naca4/estates/63773/images/368371/gallery_media.jpeg,1,data\csv\tecnocasa_real_estate_listings_all.csv,207,"Kélibia, Av de la mansoura"
https://www.tecnocasa.tn/vendre/appartement/cap-bon/kelibia/63773.html,https://cdn-media.medialabtc.it/tn/agencies/naca4/estates/63773/images/368371/detail.jpeg,2,data\csv\tecnocasa_real_estate_listings_all.csv,207,"Kélibia, Av de la mansoura"
https://www.tecnocasa.tn/vendre/appartement/cap-bon/nabeul/44033.html,https://cdn-media.medialabtc.it/tn/agencies/naca1/estates/44033/images/195202/gallery_media.jpeg,1,data\csv\tecnocasa_real_estate_listings_all.csv,107,Nabeul - Nabeul Centre-Ville
https://www.tecnocasa.tn/vendre/appartement/cap-bon/nabeul/44033.html,https://cdn-media.medialabtc.it/tn/agencies/naca1/estates/44033/images/195202/detail.jpeg,2,data\csv\tecnocasa_real_estate_listings_all.csv,107,Nabeul - Nabeul Centre-Ville
https://www.tecnocasa.tn/vendre/appartement/cap-bon/nabeul/44426.html,https://cdn-media.medialabtc.it/tn/agencies/naca1/estates/44426/images/318272/gallery_media.jpeg,1,data\csv\tecnocasa_real_estate_listings_all.csv,106,"Nabeul, Rue lido - Nabeul Centre-Ville"
https://www.tecnocasa.tn/vendre/appartement/cap-bon/nabeul/44426.html,https://cdn-media.medialabtc.it/tn/agencies/naca1/estates/44426/images/318281/detail.jpeg,2,data\csv\tecnocasa_real_estate_listings_all.csv,106,"Nabeul, Rue lido - Nabeul Centre-Ville"
https://www.tecnocasa.tn/vendre/appartement/cap-bon/nabeul/53137.html,https://cdn-media.medialabtc.it/tn/agencies/naca2/estates/53137/images/273020/detail.jpeg,1,data\csv\tecnocasa_real_estate_listings_all.csv,133,"Nabeul, Cité el wafa - Nabeul AFH"
https://www.tecnocasa.tn/vendre/appartement/cap-bon/nabeul/54095.html,https://cdn-media.medialabtc.it/tn/agencies/naca2/estates/54095/images/279247/detail.jpeg,1,data\csv\tecnocasa_real_estate_listings_all.csv,235,"Nabeul, Rue 4 - Nabeul AFH"
https://www.tecnocasa.tn/vendre/appartement/cap-bon/nabeul/54594.html,https://cdn-media.medialabtc.it/tn/agencies/naca1/estates/54594/images/284172/detail.jpeg,1,data\csv\tecnocasa_real_estate_listings_all.csv,130,Nabeul - Nabeul Centre-Ville
https://www.tecnocasa.tn/vendre/appartement/cap-bon/nabeul/54863.html,https://cdn-media.medialabtc.it/tn/agencies/naca1/estates/54863/images/286703/detail.jpeg,1,data\csv\tecnocasa_real_estate_listings_all.csv,162,Nabeul - Nabeul Centre-Ville
https://www.tecnocasa.tn/vendre/appartement/cap-bon/nabeul/55190.html,https://cdn-media.medialabtc.it/tn/agencies/naca1/estates/55190/images/290096/detail.jpeg,1,data\csv\tecnocasa_real_estate_listings_all.csv,161,Nabeul - Nabeul Centre-Ville
https://www.tecnocasa.tn/vendre/appartement/cap-bon/nabeul/55205.html,https://cdn-media.medialabtc.it/tn/agencies/naca1/estates/55205/images/291793/detail.jpeg,1,data\csv\tecnocasa_real_estate_listings_all.csv,173,"Nabeul, Ave. Taib Mhiri - Nabeul Centre-Ville"
https://www.tecnocasa.tn/vendre/appartement/cap-bon/nabeul/56365.html,https://cdn-media.medialabtc.it/tn/agencies/naca1/estates/56365/images/303556/detail.jpeg,1,data\csv\tecnocasa_real_estate_listings_all.csv,85,Nabeul - Nabeul Centre-Ville
https://www.tecnocasa.tn/vendre/appartement/cap-bon/nabeul/57050.html,https://cdn-media.medialabtc.it/tn/agencies/naca2/estates/57050/images/308125/detail.jpeg,1,data\csv\tecnocasa_real_estate_listings_all.csv,134,"Nabeul, Cité el wafa - Nabeul AFH"
https://www.tecnocasa.tn/vendre/appartement/cap-bon/nabeul/57372.html,https://cdn-media.medialabtc.it/tn/agencies/naca1/estates/57372/images/312187/detail.jpeg,1,data\csv\tecnocasa_real_estate_listings_all.csv,148,Nabeul - Nabeul Centre-Ville
https://www.tecnocasa.tn/vendre/appartement/cap-bon/nabeul/57373.html,https://cdn-media.medialabtc.it/tn/agencies/naca1/estates/57373/images/312751/detail.jpeg,1,data\csv\tecnocasa_real_estate_listings_all.csv,176,Nabeul - Nabeul Centre-Ville
https://www.tecnocasa.tn/vendre/appartement/cap-bon/nabeul/57375.html,https://cdn-media.medialabtc.it/tn/agencies/naca1/estates/57375/images/311442/detail.jpeg,1,data\csv\tecnocasa_real_estate_listings_all.csv,153,Nabeul - Nabeul Centre-Ville
https://www.tecnocasa.tn/vendre/appartement/cap-bon/nabeul/57778.html,https://cdn-media.medialabtc.it/tn/agencies/naca2/estates/57778/images/312723/gallery_media.jpeg,1,data\csv\tecnocasa_real_estate_listings_all.csv,60,"Nabeul, Cite wafa nabeul - Nabeul AFH"
https://www.tecnocasa.tn/vendre/appartement/cap-bon/nabeul/57778.html,https://cdn-media.medialabtc.it/tn/agencies/naca2/estates/57778/images/312723/detail.jpeg,2,data\csv\tecnocasa_real_estate_listings_all.csv,60,"Nabeul, Cite wafa nabeul - Nabeul AFH"
https://www.tecnocasa.tn/vendre/appartement/cap-bon/nabeul/57869.html,https://cdn-media.medialabtc.it/tn/agencies/naca2/estates/57869/images/333418/gallery_media.jpeg,1,data\csv\tecnocasa_real_estate_listings_all.csv,136,"Nabeul, Cité el wafa - Nabeul AFH"
https://www.tecnocasa.tn/vendre/appartement/cap-bon/nabeul/58146.html,https://cdn-media.medialabtc.it/tn/agencies/naca1/estates/58146/images/315635/detail.jpeg,1,data\csv\tecnocasa_real_estate_listings_all.csv,147,Nabeul - Nabeul Centre-Ville
https://www.tecnocasa.tn/vendre/appartement/cap-bon/nabeul/58193.html,https://cdn-media.medialabtc.it/tn/agencies/naca2/estates/58193/images/320090/detail.jpeg,1,data\csv\tecnocasa_real_estate_listings_all.csv,139,"Nabeul, Cité el wafa - Nabeul AFH"
https://www.tecnocasa.tn/vendre/appartement/cap-bon/nabeul/58195.html,https://cdn-media.medialabtc.it/tn/agencies/naca2/estates/58195/images/320202/detail.jpeg,1,data\csv\tecnocasa_real_estate_listings_all.csv,138,"Nabeul, Cité el wafa - Nabeul AFH"
https://www.tecnocasa.tn/vendre/appartement/cap-bon/nabeul/59939.html,https://cdn-media.medialabtc.it/tn/agencies/naca1/estates/59939/images/336990/gallery_media.jpeg,1,data\csv\tecnocasa_real_estate_listings_all.csv,90,Nabeul - Nabeul Centre-Ville
https://www.tecnocasa.tn/vendre/appartement/cap-bon/nabeul/59939.html,https://cdn-media.medialabtc.it/tn/agencies/naca1/estates/59939/images/336990/detail.jpeg,2,data\csv\tecnocasa_real_estate_listings_all.csv,90,Nabeul - Nabeul Centre-Ville
https://www.tecnocasa.tn/vendre/appartement/cap-bon/nabeul/60341.html,https://cdn-media.medialabtc.it/tn/agencies/naca2/estates/60341/images/339060/detail.jpeg,1,data\csv\tecnocasa_real_estate_listings_all.csv,140,Nabeul - Nabeul AFH
https://www.tecnocasa.tn/vendre/appartement/cap-bon/nabeul/60400.html,https://cdn-media.medialabtc.it/tn/agencies/naca1/estates/60400/images/337625/detail.jpeg,1,data\csv\tecnocasa_real_estate_listings_all.csv,104,Nabeul - Nabeul Centre-Ville
https://www.tecnocasa.tn/vendre/appartement/cap-bon/nabeul/60504.html,https://cdn-media.medialabtc.it/tn/agencies/naca2/estates/60504/images/338984/detail.jpeg,1,data\csv\tecnocasa_real_estate_listings_all.csv,141,Nabeul - Nabeul AFH
https://www.tecnocasa.tn/vendre/appartement/cap-bon/nabeul/60659.html,https://cdn-media.medialabtc.it/tn/agencies/naca1/estates/60659/images/341457/detail.jpeg,1,data\csv\tecnocasa_real_estate_listings_all.csv,127,Nabeul - Nabeul Centre-Ville
https://www.tecnocasa.tn/vendre/appartement/cap-bon/nabeul/60775.html,https://cdn-media.medialabtc.it/tn/agencies/naca2/estates/60775/images/343436/detail.jpeg,1,data\csv\tecnocasa_real_estate_listings_all.csv,142,Nabeul - Nabeul AFH
https://www.tecnocasa.tn/vendre/appartement/cap-bon/nabeul/60999.html,https://cdn-media.medialabtc.it/tn/agencies/naca1/estates/60999/images/342561/detail.jpeg,1,data\csv\tecnocasa_real_estate_listings_all.csv,131,Nabeul - Nabeul Centre-Ville
https://www.tecnocasa.tn/vendre/appartement/cap-bon/nabeul/61098.html,https://cdn-media.medialabtc.it/tn/agencies/naca2/estates/61098/images/343647/detail.jpeg,1,data\csv\tecnocasa_real_estate_listings_all.csv,143,Nabeul - Nabeul AFH
https://www.tecnocasa.tn/vendre/appartement/cap-bon/nabeul/61174.html,https://cdn-media.medialabtc.it/tn/agencies/naca1/estates/61174/images/344733/detail.jpeg,1,data\csv\tecnocasa_real_estate_listings_all.csv,80,Nabeul - Nabeul Centre-Ville
https://www.tecnocasa.tn/vendre/appartement/cap-bon/nabeul/61216.html,https://cdn-media.medialabtc.it/tn/agencies/naca1/estates/61216/images/346886/detail.jpeg,1,data\csv\tecnocasa_real_estate_listings_all.csv,79,Nabeul - Nabeul Centre-Ville
https://www.tecnocasa.tn/vendre/appartement/cap-bon/nabeul/61217.html,https://cdn-media.medialabtc.it/tn/agencies/naca1/estates/61217/images/344778/detail.jpeg,1,data\csv\tecnocasa_real_estate_listings_all.csv,78,Nabeul - Nabeul Centre-Ville
https://www.tecnocasa.tn/vendre/appartement/cap-bon/nabeul/61377.html,https://cdn-media.medialabtc.it/tn/agencies/naca2/estates/61377/images/351334/detail.jpeg,1,data\csv\tecnocasa_real_estate_listings_all.csv,144,Nabeul - Nabeul AFH
https://www.tecnocasa.tn/vendre/appartement/cap-bon/nabeul/61381.html,https://cdn-media.medialabtc.it/tn/agencies/naca2/estates/61381/images/351348/detail.jpeg,1,data\csv\tecnocasa_real_estate_listings_all.csv,145,Nabeul - Nabeul AFH
https://www.tecnocasa.tn/vendre/appartement/cap-bon/nabeul/62024.html,https://cdn-media.medialabtc.it/tn/agencies/naca1/estates/62024/images/355041/detail.jpeg,1,data\csv\tecnocasa_real_estate_listings_all.csv,84,Nabeul - Nabeul Centre-Ville
https://www.tecnocasa.tn/vendre/appartement/cap-bon/nabeul/62025.html,https://cdn-media.medialabtc.it/tn/agencies/naca1/estates/62025/images/357553/detail.jpeg,1,data\csv\tecnocasa_real_estate_listings_all.csv,110,Nabeul - Nabeul Centre-Ville
https://www.tecnocasa.tn/vendre/appartement/cap-bon/nabeul/62053.html,https://cdn-media.medialabtc.it/tn/agencies/naca2/estates/62053/images/352697/detail.jpeg,1,data\csv\tecnocasa_real_estate_listings_all.csv,146,Nabeul - Nabeul AFH
https://www.tecnocasa.tn/vendre/appartement/cap-bon/nabeul/62354.html,https://cdn-media.medialabtc.it/tn/agencies/naca1/estates/62354/images/358511/detail.jpeg,1,data\csv\tecnocasa_real_estate_listings_all.csv,225,Nabeul - Nabeul Centre-Ville
https://www.tecnocasa.tn/vendre/appartement/cap-bon/nabeul/62435.html,https://cdn-media.medialabtc.it/tn/agencies/naca1/estates/62435/images/355606/detail.jpeg,1,data\csv\tecnocasa_real_estate_listings_all.csv,66,Nabeul - Nabeul Centre-Ville
https://www.tecnocasa.tn/vendre/appartement/cap-bon/nabeul/62690.html,https://cdn-media.medialabtc.it/tn/agencies/naca1/estates/62690/images/358004/detail.jpeg,1,data\csv\tecnocasa_real_estate_listings_all.csv,226,Nabeul - Nabeul Centre-Ville
https://www.tecnocasa.tn/vendre/appartement/cap-bon/nabeul/63466.html,https://cdn-media.medialabtc.it/tn/agencies/naca2/estates/63466/images/367065/detail.jpeg,1,data\csv\tecnocasa_real_estate_listings_all.csv,228,Nabeul - Nabeul AFH
https://www.tecnocasa.tn/vendre/appartement/cap-bon/nabeul/63471.html,https://cdn-media.medialabtc.it/tn/agencies/naca1/estates/63471/images/364541/detail.jpeg,1,data\csv\tecnocasa_real_estate_listings_all.csv,83,Nabeul - Nabeul Centre-Ville
https://www.tecnocasa.tn/vendre/appartement/grand-tunis/ain-zaghouan/57629.html,https://cdn-media.medialabtc.it/tn/agencies/tuhb2/estates/57629/images/314214/detail.jpeg,1,data\csv\tecnocasa_real_estate_listings_all.csv,1393,"Ain Zaghouan, Rue Rn9 - Ain Zaghouane"
https://www.tecnocasa.tn/vendre/appartement/grand-tunis/ain-zaghouan/58880.html,https://cdn-media.medialabtc.it/tn/agencies/tuhb2/estates/58880/images/323766/gallery_media.jpeg,1,data\csv\tecnocasa_real_estate_listings_all.csv,1420,"Ain Zaghouan, Rue osmane bahri - Ain Zaghouane"
https://www.tecnocasa.tn/vendre/appartement/grand-tunis/ain-zaghouan/58880.html,https://cdn-media.medialabtc.it/tn/agencies/tuhb2/estates/58880/images/323766/detail.jpeg,2,data\csv\tecnocasa_real_estate_listings_all.csv,1420,"Ain Zaghouan, Rue osmane bahri - Ain Zaghouane"
https://www.tecnocasa.tn/vendre/appartement/grand-tunis/ain-zaghouan/60619.html,https://cdn-media.medialabtc.it/tn/agencies/tuhb2/estates/60619/images/339833/detail.jpeg,1,data\csv\tecnocasa_real_estate_listings_all.csv,1098,"Ain Zaghouan, Avenue La Perla 5 - Ain Zaghouane"
https://www.tecnocasa.tn/vendre/appartement/grand-tunis/ain-zaghouan/62196.html,https://cdn-media.medialabtc.it/tn/agencies/tuao3/estates/62196/images/353589/detail.jpeg,1,data\csv\tecnocasa_real_estate_listings_all.csv,1170,"Ain Zaghouan, Avenue khaled ibn walid - Ain Zaghouane"
https://www.tecnocasa.tn/vendre/appartement/grand-tunis/ain-zaghouan/62726.html,https://cdn-media.medialabtc.it/tn/agencies/tuhb2/estates/62726/images/357489/detail.jpeg,1,data\csv\tecnocasa_real_estate_listings_all.csv,949,"Ain Zaghouan, Rue du Forum - Ain Zaghouane"
https://www.tecnocasa.tn/vendre/appartement/grand-tunis/ain-zaghouan/62855.html,https://cdn-media.medialabtc.it/tn/agencies/tuhb2/estates/62855/images/367199/detail.jpeg,1,data\csv\tecnocasa_real_estate_listings_all.csv,964,"Ain Zaghouan, Ain zaghouan nord - Ain Zaghouane"
https://www.tecnocasa.tn/vendre/appartement/grand-tunis/ain-zaghouan/63350.html,https://cdn-media.medialabtc.it/tn/agencies/tuhb2/estates/63350/images/363893/detail.jpeg,1,data\csv\tecnocasa_real_estate_listings_all.csv,1056,"Ain Zaghouan, Rue N10 - Ain Zaghouane"
https://www.tecnocasa.tn/vendre/appartement/grand-tunis/ain-zaghouan/63406.html,https://cdn-media.medialabtc.it/tn/agencies/tuhb2/estates/63406/images/365024/detail.jpeg,1,data\csv\tecnocasa_real_estate_listings_all.csv,1038,"Ain Zaghouan, Rue de L'harmonie, 12 AIN ZAGHOUAN (gt) 1100 - Ain Zaghouane"
https://www.tecnocasa.tn/vendre/appartement/grand-tunis/ain-zaghouan/63507.html,https://cdn-media.medialabtc.it/tn/agencies/tuhb2/estates/63507/images/365179/gallery_media.jpeg,1,data\csv\tecnocasa_real_estate_listings_all.csv,1031,"Ain Zaghouan, Ain Zaghouan Nord - Ain Zaghouane"
https://www.tecnocasa.tn/vendre/appartement/grand-tunis/ain-zaghouan/63507.html,https://cdn-media.medialabtc.it/tn/agencies/tuhb2/estates/63507/images/365179/detail.jpeg,2,data\csv\tecnocasa_real_estate_listings_all.csv,1031,"Ain Zaghouan, Ain Zaghouan Nord - Ain Zaghouane"
https://www.tecnocasa.tn/vendre/appartement/grand-tunis/ain-zaghouan/63681.html,https://cdn-media.medialabtc.it/tn/agencies/tuhb2/estates/63681/images/367783/detail.jpeg,1,data\csv\tecnocasa_real_estate_listings_all.csv,950,"Ain Zaghouan, Ain Zaghouan Nord - Ain Zaghouane"
https://www.tecnocasa.tn/vendre/appartement/grand-tunis/aouina/56940.html,https://cdn-media.medialabtc.it/tn/agencies/tuha3/estates/56940/images/363548/gallery_media.jpeg,1,data\csv\tecnocasa_real_estate_listings_all.csv,1062,Aouina
https://www.tecnocasa.tn/vendre/appartement/grand-tunis/aouina/56940.html,https://cdn-media.medialabtc.it/tn/agencies/tuha3/estates/56940/images/369211/detail.jpeg,2,data\csv\tecnocasa_real_estate_listings_all.csv,1062,Aouina
https://www.tecnocasa.tn/vendre/appartement/grand-tunis/aouina/59104.html,https://cdn-media.medialabtc.it/tn/agencies/tuha5/estates/59104/images/324972/detail.jpeg,1,data\csv\tecnocasa_real_estate_listings_all.csv,1043,"Aouina, Rue Des Mimosas - Aouina 2"
https://www.tecnocasa.tn/vendre/appartement/grand-tunis/aouina/62498.html,https://cdn-media.medialabtc.it/tn/agencies/tuha3/estates/62498/images/355424/gallery_media.jpeg,1,data\csv\tecnocasa_real_estate_listings_all.csv,1211,Aouina
https://www.tecnocasa.tn/vendre/appartement/grand-tunis/aouina/62809.html,https://cdn-media.medialabtc.it/tn/agencies/tuao3/estates/62809/images/358480/detail.jpeg,1,data\csv\tecnocasa_real_estate_listings_all.csv,1169,"Aouina, Rue . - Aouina 2"
https://www.tecnocasa.tn/vendre/appartement/grand-tunis/aouina/62834.html,https://cdn-media.medialabtc.it/tn/agencies/tusk3/estates/62834/images/367348/detail.jpeg,1,data\csv\tecnocasa_real_estate_listings_all.csv,959,Aouina
https://www.tecnocasa.tn/vendre/appartement/grand-tunis/aouina/63373.html,https://cdn-media.medialabtc.it/tn/agencies/tuha5/estates/63373/images/364973/detail.jpeg,1,data\csv\tecnocasa_real_estate_listings_all.csv,982,Aouina - Aouina 2
https://www.tecnocasa.tn/vendre/appartement/grand-tunis/aouina/63397.html,https://cdn-media.medialabtc.it/tn/agencies/tuao3/estates/63397/images/364322/gallery_media.jpeg,1,data\csv\tecnocasa_real_estate_listings_all.csv,1046,"Aouina, Rue Cheikh Mohamed Enneifer - Aouina 2"
https://www.tecnocasa.tn/vendre/appartement/grand-tunis/aouina/63397.html,https://cdn-media.medialabtc.it/tn/agencies/tuao3/estates/63397/images/364322/detail.jpeg,2,data\csv\tecnocasa_real_estate_listings_all.csv,1046,"Aouina, Rue Cheikh Mohamed Enneifer - Aouina 2"
https://www.tecnocasa.tn/vendre/appartement/grand-tunis/aouina/63478.html,https://cdn-media.medialabtc.it/tn/agencies/tuha5/estates/63478/images/366154/detail.jpeg,1,data\csv\tecnocasa_real_estate_listings_all.csv,999,Aouina - Aouina 2
https://www.tecnocasa.tn/vendre/appartement/grand-tunis/aouina/63592.html,https://cdn-media.medialabtc.it/tn/agencies/tuha5/estates/63592/images/366143/detail.jpeg,1,data\csv\tecnocasa_real_estate_listings_all.csv,1000,Aouina - Aouina 2
https://www.tecnocasa.tn/vendre/appartement/grand-tunis/aouina/63597.html,https://cdn-media.medialabtc.it/tn/agencies/tuao3/estates/63597/images/367976/detail.jpeg,1,data\csv\tecnocasa_real_estate_listings_all.csv,939,"Aouina, Rue Cheikh Mohamed Enneifer - Aouina 2"
https://www.tecnocasa.tn/vendre/appartement/grand-tunis/ariana/43596.html,https://cdn-media.medialabtc.it/tn/agencies/tuha9/estates/43596/images/240135/gallery_media.jpeg,1,data\csv\tecnocasa_real_estate_listings_all.csv,1286,"Ariana, Rue des palmiers - Ariana Ville"
https://www.tecnocasa.tn/vendre/appartement/grand-tunis/ariana/43596.html,https://cdn-media.medialabtc.it/tn/agencies/tuha9/estates/43596/images/240135/detail.jpeg,2,data\csv\tecnocasa_real_estate_listings_all.csv,1286,"Ariana, Rue des palmiers - Ariana Ville"
https://www.tecnocasa.tn/vendre/appartement/grand-tunis/ariana/51376.html,https://cdn-media.medialabtc.it/tn/agencies/tuha9/estates/51376/images/258301/detail.jpeg,1,data\csv\tecnocasa_real_estate_listings_all.csv,1453,Ariana - Ariana Superieur
https://www.tecnocasa.tn/vendre/appartement/grand-tunis/ariana/54224.html,https://cdn-media.medialabtc.it/tn/agencies/tuha8/estates/54224/images/280675/detail.jpeg,1,data\csv\tecnocasa_real_estate_listings_all.csv,1289,"Ariana, Ariana soghra - La Petite Ariana"
https://www.tecnocasa.tn/vendre/appartement/grand-tunis/ariana/55858.html,https://cdn-media.medialabtc.it/tn/agencies/tuha8/estates/55858/images/297585/detail.jpeg,1,data\csv\tecnocasa_real_estate_listings_all.csv,1448,"Ariana, Nour jaafer - Nour Jaafer"
https://www.tecnocasa.tn/vendre/appartement/grand-tunis/ariana/56031.html,https://cdn-media.medialabtc.it/tn/agencies/tuha9/estates/56031/images/297892/detail.jpeg,1,data\csv\tecnocasa_real_estate_listings_all.csv,1434,Ariana - Nouvelle Ariana
https://www.tecnocasa.tn/vendre/appartement/grand-tunis/ariana/58538.html,https://cdn-media.medialabtc.it/tn/agencies/tuha9/estates/58538/images/318523/detail.jpeg,1,data\csv\tecnocasa_real_estate_listings_all.csv,1386,Ariana - Nouvelle Ariana
https://www.tecnocasa.tn/vendre/appartement/grand-tunis/ariana/58830.html,https://cdn-media.medialabtc.it/tn/agencies/tuha8/estates/58830/images/322914/detail.jpeg,1,data\csv\tecnocasa_real_estate_listings_all.csv,1424,"Ariana, Avenue Doha - Cité El Ghazala"
https://www.tecnocasa.tn/vendre/appartement/grand-tunis/ariana/59391.html,https://cdn-media.medialabtc.it/tn/agencies/tuha9/estates/59391/images/329221/detail.jpeg,1,data\csv\tecnocasa_real_estate_listings_all.csv,1232,Ariana - Nouvelle Ariana
https://www.tecnocasa.tn/vendre/appartement/grand-tunis/ariana/59836.html,https://cdn-media.medialabtc.it/tn/agencies/tuha8/estates/59836/images/332783/detail.jpeg,1,data\csv\tecnocasa_real_estate_listings_all.csv,1395,"Ariana, Cité essahafa ARIANA (gt) 2080 - Cité El Ghazala"
https://www.tecnocasa.tn/vendre/appartement/grand-tunis/ariana/59883.html,https://cdn-media.medialabtc.it/tn/agencies/tuha8/estates/59883/images/337285/detail.jpeg,1,data\csv\tecnocasa_real_estate_listings_all.csv,1320,"Ariana, Rue sidi yahya - Cité El Ghazala"
https://www.tecnocasa.tn/vendre/appartement/grand-tunis/ariana/59914.html,https://cdn-media.medialabtc.it/tn/agencies/tuha9/estates/59914/images/338303/detail.jpeg,1,data\csv\tecnocasa_real_estate_listings_all.csv,1208,Ariana - Nouvelle Ariana
https://www.tecnocasa.tn/vendre/appartement/grand-tunis/ariana/60262.html,https://cdn-media.medialabtc.it/tn/agencies/tuha2/estates/60262/images/336442/detail.jpeg,1,data\csv\tecnocasa_real_estate_listings_all.csv,1368,Ariana - Riadh Landalous
https://www.tecnocasa.tn/vendre/appartement/grand-tunis/ariana/60524.html,https://cdn-media.medialabtc.it/tn/agencies/tuha2/estates/60524/images/352946/detail.jpeg,1,data\csv\tecnocasa_real_estate_listings_all.csv,1135,Ariana - Cité El Ghazala
https://www.tecnocasa.tn/vendre/appartement/grand-tunis/ariana/60610.html,https://cdn-media.medialabtc.it/tn/agencies/tuha2/estates/60610/images/355575/gallery_media.jpeg,1,data\csv\tecnocasa_real_estate_listings_all.csv,918,Ariana - Riadh Landalous
https://www.tecnocasa.tn/vendre/appartement/grand-tunis/ariana/60610.html,https://cdn-media.medialabtc.it/tn/agencies/tuha2/estates/60610/images/355575/detail.jpeg,2,data\csv\tecnocasa_real_estate_listings_all.csv,918,Ariana - Riadh Landalous
https://www.tecnocasa.tn/vendre/appartement/grand-tunis/ariana/60736.html,https://cdn-media.medialabtc.it/tn/agencies/tuha9/estates/60736/images/340879/detail.jpeg,1,data\csv\tecnocasa_real_estate_listings_all.csv,1180,Ariana - Ariana Ville
https://www.tecnocasa.tn/vendre/appartement/grand-tunis/ariana/60772.html,https://cdn-media.medialabtc.it/tn/agencies/tuha8/estates/60772/images/342183/detail.jpeg,1,data\csv\tecnocasa_real_estate_listings_all.csv,1337,"Ariana, Ariana soghra - La Petite Ariana"
https://www.tecnocasa.tn/vendre/appartement/grand-tunis/ariana/61257.html,https://cdn-media.medialabtc.it/tn/agencies/tuha9/estates/61257/images/345295/detail.jpeg,1,data\csv\tecnocasa_real_estate_listings_all.csv,1195,"Ariana, Rue Ibn Mandhour - Ariana Ville"
https://www.tecnocasa.tn/vendre/appartement/grand-tunis/ariana/61995.html,https://cdn-media.medialabtc.it/tn/agencies/tuha9/estates/61995/images/353352/detail.jpeg,1,data\csv\tecnocasa_real_estate_listings_all.csv,1221,"Ariana, Rue André Ampère - Ariana Ville"
https://www.tecnocasa.tn/vendre/appartement/grand-tunis/ariana/62117.html,https://cdn-media.medialabtc.it/tn/agencies/tuha9/estates/62117/images/353368/detail.jpeg,1,data\csv\tecnocasa_real_estate_listings_all.csv,1234,"Ariana, Av. Abou Kacem Chebbi - Ariana Ville"
https://www.tecnocasa.tn/vendre/appartement/grand-tunis/ariana/62127.html,https://cdn-media.medialabtc.it/tn/agencies/tuha8/estates/62127/images/353712/detail.jpeg,1,data\csv\tecnocasa_real_estate_listings_all.csv,1225,"Ariana, Résidence emna - Cité El Ghazala"
https://www.tecnocasa.tn/vendre/appartement/grand-tunis/ariana/62162.html,https://cdn-media.medialabtc.it/tn/agencies/tuha9/estates/62162/images/359239/detail.jpeg,1,data\csv\tecnocasa_real_estate_listings_all.csv,1125,"Ariana, Rue abou kacem chebbi - Ariana Ville"
https://www.tecnocasa.tn/vendre/appartement/grand-tunis/ariana/62511.html,https://cdn-media.medialabtc.it/tn/agencies/tuha2/estates/62511/images/356333/detail.jpeg,1,data\csv\tecnocasa_real_estate_listings_all.csv,1146,Ariana - Riadh Landalous
https://www.tecnocasa.tn/vendre/appartement/grand-tunis/ariana/62608.html,https://cdn-media.medialabtc.it/tn/agencies/tuha9/estates/62608/images/357335/detail.jpeg,1,data\csv\tecnocasa_real_estate_listings_all.csv,1189,"Ariana, Avenue Mustapha Hjeij - Nouvelle Ariana"
https://www.tecnocasa.tn/vendre/appartement/grand-tunis/ariana/62740.html,https://cdn-media.medialabtc.it/tn/agencies/tuaa1/estates/62740/images/359325/detail.jpeg,1,data\csv\tecnocasa_real_estate_listings_all.csv,932,"Ariana, Rue Bulla Regia - Hedi Nouira Ariana"
https://www.tecnocasa.tn/vendre/appartement/grand-tunis/ariana/62744.html,https://cdn-media.medialabtc.it/tn/agencies/tuha8/estates/62744/images/358397/detail.jpeg,1,data\csv\tecnocasa_real_estate_listings_all.csv,1173,"Ariana, Rue Imem Sahnoun - La Petite Ariana"
https://www.tecnocasa.tn/vendre/appartement/grand-tunis/ariana/62775.html,https://cdn-media.medialabtc.it/tn/agencies/tuha8/estates/62775/images/358143/detail.jpeg,1,data\csv\tecnocasa_real_estate_listings_all.csv,1070,"Ariana, Cité el wafa - Pôle Technologique"
https://www.tecnocasa.tn/vendre/appartement/grand-tunis/ariana/62841.html,https://cdn-media.medialabtc.it/tn/agencies/tuha8/estates/62841/images/368734/detail.jpeg,1,data\csv\tecnocasa_real_estate_listings_all.csv,917,"Ariana, Résidence emna - Cité El Ghazala"
https://www.tecnocasa.tn/vendre/appartement/grand-tunis/ariana/62990.html,https://cdn-media.medialabtc.it/tn/agencies/tuaa1/estates/62990/images/364537/detail.jpeg,1,data\csv\tecnocasa_real_estate_listings_all.csv,1044,"Ariana, Rue Saleheddine Bou Choucha - Hedi Nouira Ariana"
https://www.tecnocasa.tn/vendre/appartement/grand-tunis/ariana/63053.html,https://cdn-media.medialabtc.it/tn/agencies/tuha9/estates/63053/images/362298/gallery_media.jpeg,1,data\csv\tecnocasa_real_estate_listings_all.csv,924,Ariana - Ariana Ville
https://www.tecnocasa.tn/vendre/appartement/grand-tunis/ariana/63053.html,https://cdn-media.medialabtc.it/tn/agencies/tuha9/estates/63053/images/362337/detail.jpeg,2,data\csv\tecnocasa_real_estate_listings_all.csv,924,Ariana - Ariana Ville
https://www.tecnocasa.tn/vendre/appartement/grand-tunis/ariana/63203.html,https://cdn-media.medialabtc.it/tn/agencies/tuha2/estates/63203/images/362921/detail.jpeg,1,data\csv\tecnocasa_real_estate_listings_all.csv,1074,Ariana - Riadh Landalous
https://www.tecnocasa.tn/vendre/appartement/grand-tunis/ariana/63207.html,https://cdn-media.medialabtc.it/tn/agencies/tuaa1/estates/63207/images/368667/gallery_media.jpeg,1,data\csv\tecnocasa_real_estate_listings_all.csv,914,"Ariana, Rue chedly meftah - Hedi Nouira Ariana"
https://www.tecnocasa.tn/vendre/appartement/grand-tunis/ariana/63207.html,https://cdn-media.medialabtc.it/tn/agencies/tuaa1/estates/63207/images/368667/detail.jpeg,2,data\csv\tecnocasa_real_estate_listings_all.csv,914,"Ariana, Rue chedly meftah - Hedi Nouira Ariana"
https://www.tecnocasa.tn/vendre/appartement/grand-tunis/ariana/63242.html,https://cdn-media.medialabtc.it/tn/agencies/tuaa1/estates/63242/images/365020/detail.jpeg,1,data\csv\tecnocasa_real_estate_listings_all.csv,1039,"Ariana, Rue Saleheddine Bou Choucha - Hedi Nouira Ariana"
https://www.tecnocasa.tn/vendre/appartement/grand-tunis/ariana/63313.html,https://cdn-media.medialabtc.it/tn/agencies/tuha9/estates/63313/images/364031/detail.jpeg,1,data\csv\tecnocasa_real_estate_listings_all.csv,1049,"Ariana, Rue Ibn Mandhour - Ariana Ville"
https://www.tecnocasa.tn/vendre/appartement/grand-tunis/ariana/63335.html,https://cdn-media.medialabtc.it/tn/agencies/tuha9/estates/63335/images/364485/gallery_media.jpeg,1,data\csv\tecnocasa_real_estate_listings_all.csv,923,"Ariana, Rue Errihanne - Ariana Ville"
https://www.tecnocasa.tn/vendre/appartement/grand-tunis/ariana/63335.html,https://cdn-media.medialabtc.it/tn/agencies/tuha9/estates/63335/images/364485/detail.jpeg,2,data\csv\tecnocasa_real_estate_listings_all.csv,923,"Ariana, Rue Errihanne - Ariana Ville"
https://www.tecnocasa.tn/vendre/appartement/grand-tunis/ariana/63399.html,https://cdn-media.medialabtc.it/tn/agencies/tuha8/estates/63399/images/364006/detail.jpeg,1,data\csv\tecnocasa_real_estate_listings_all.csv,1055,"Ariana, Ghazela ariana - Cité El Ghazala"
https://www.tecnocasa.tn/vendre/appartement/grand-tunis/ariana/63611.html,https://cdn-media.medialabtc.it/tn/agencies/tuha2/estates/63611/images/368307/detail.jpeg,1,data\csv\tecnocasa_real_estate_listings_all.csv,929,Ariana - Riadh Landalous
https://www.tecnocasa.tn/vendre/appartement/grand-tunis/ariana/63674.html,https://cdn-media.medialabtc.it/tn/agencies/tuaa1/estates/63674/images/368759/gallery_media.jpeg,1,data\csv\tecnocasa_real_estate_listings_all.csv,911,Ariana - Hedi Nouira Ariana
https://www.tecnocasa.tn/vendre/appartement/grand-tunis/ariana/63674.html,https://cdn-media.medialabtc.it/tn/agencies/tuaa1/estates/63674/images/368759/detail.jpeg,2,data\csv\tecnocasa_real_estate_listings_all.csv,911,Ariana - Hedi Nouira Ariana
https://www.tecnocasa.tn/vendre/appartement/grand-tunis/ariana/63675.html,https://cdn-media.medialabtc.it/tn/agencies/tuaa1/estates/63675/images/368756/gallery_media.jpeg,1,data\csv\tecnocasa_real_estate_listings_all.csv,912,Ariana - Hedi Nouira Ariana
https://www.tecnocasa.tn/vendre/appartement/grand-tunis/ariana/63675.html,https://cdn-media.medialabtc.it/tn/agencies/tuaa1/estates/63675/images/368756/detail.jpeg,2,data\csv\tecnocasa_real_estate_listings_all.csv,912,Ariana - Hedi Nouira Ariana
https://www.tecnocasa.tn/vendre/appartement/grand-tunis/ariana/63777.html,https://cdn-media.medialabtc.it/tn/agencies/tuaa1/estates/63777/images/368725/gallery_media.jpeg,1,data\csv\tecnocasa_real_estate_listings_all.csv,913,Ariana - Hedi Nouira Ariana
https://www.tecnocasa.tn/vendre/appartement/grand-tunis/ariana/63777.html,https://cdn-media.medialabtc.it/tn/agencies/tuaa1/estates/63777/images/368725/detail.jpeg,2,data\csv\tecnocasa_real_estate_listings_all.csv,913,Ariana - Hedi Nouira Ariana
https://www.tecnocasa.tn/vendre/appartement/grand-tunis/ben-arous/60105.html,https://cdn-media.medialabtc.it/tn/agencies/tucc1/estates/60105/images/339425/detail.jpeg,1,data\csv\tecnocasa_real_estate_listings_all.csv,1355,Ben Arous
https://www.tecnocasa.tn/vendre/appartement/grand-tunis/ben-arous/61077.html,https://cdn-media.medialabtc.it/tn/agencies/tucc1/estates/61077/images/343866/gallery_media.jpeg,1,data\csv\tecnocasa_real_estate_listings_all.csv,1018,"Ben Arous, Cité elisken"
https://www.tecnocasa.tn/vendre/appartement/grand-tunis/ben-arous/61077.html,https://cdn-media.medialabtc.it/tn/agencies/tucc1/estates/61077/images/343866/detail.jpeg,2,data\csv\tecnocasa_real_estate_listings_all.csv,1018,"Ben Arous, Cité elisken"
https://www.tecnocasa.tn/vendre/appartement/grand-tunis/ben-arous/61652.html,https://cdn-media.medialabtc.it/tn/agencies/tucc1/estates/61652/images/350163/detail.jpeg,1,data\csv\tecnocasa_real_estate_listings_all.csv,1261,Ben Arous
https://www.tecnocasa.tn/vendre/appartement/grand-tunis/ben-arous/62320.html,https://cdn-media.medialabtc.it/tn/agencies/tucc1/estates/62320/images/354879/detail.jpeg,1,data\csv\tecnocasa_real_estate_listings_all.csv,1012,Ben Arous - Cité Du Stade
https://www.tecnocasa.tn/vendre/appartement/grand-tunis/borj-cedria/57646.html,https://cdn-media.medialabtc.it/tn/agencies/tuhd2/estates/57646/images/326405/gallery_media.jpeg,1,data\csv\tecnocasa_real_estate_listings_all.csv,1302,"Borj Cédria, Rue nabel"
https://www.tecnocasa.tn/vendre/appartement/grand-tunis/borj-cedria/57646.html,https://cdn-media.medialabtc.it/tn/agencies/tuhd2/estates/57646/images/326405/detail.jpeg,2,data\csv\tecnocasa_real_estate_listings_all.csv,1302,"Borj Cédria, Rue nabel"
https://www.tecnocasa.tn/vendre/appartement/grand-tunis/borj-cedria/57961.html,https://cdn-media.medialabtc.it/tn/agencies/tuhd2/estates/57961/images/341921/detail.jpeg,1,data\csv\tecnocasa_real_estate_listings_all.csv,1239,"Borj Cédria, Rue ."
https://www.tecnocasa.tn/vendre/appartement/grand-tunis/borj-cedria/59511.html,https://cdn-media.medialabtc.it/tn/agencies/tuhd2/estates/59511/images/336123/gallery_media.jpeg,1,data\csv\tecnocasa_real_estate_listings_all.csv,1300,"Borj Cédria, Rue nabeul"
https://www.tecnocasa.tn/vendre/appartement/grand-tunis/borj-cedria/59511.html,https://cdn-media.medialabtc.it/tn/agencies/tuhd2/estates/59511/images/336123/detail.jpeg,2,data\csv\tecnocasa_real_estate_listings_all.csv,1300,"Borj Cédria, Rue nabeul"
https://www.tecnocasa.tn/vendre/appartement/grand-tunis/borj-cedria/60762.html,https://cdn-media.medialabtc.it/tn/agencies/tuhd2/estates/60762/images/341841/detail.jpeg,1,data\csv\tecnocasa_real_estate_listings_all.csv,1298,"Borj Cédria, Rue ."
https://www.tecnocasa.tn/vendre/appartement/grand-tunis/borj-cedria/63612.html,https://cdn-media.medialabtc.it/tn/agencies/tuhd2/estates/63612/images/367004/gallery_media.jpeg,1,data\csv\tecnocasa_real_estate_listings_all.csv,972,"Borj Cédria, Résidence la baie 3"
https://www.tecnocasa.tn/vendre/appartement/grand-tunis/borj-cedria/63612.html,https://cdn-media.medialabtc.it/tn/agencies/tuhd2/estates/63612/images/367004/detail.jpeg,2,data\csv\tecnocasa_real_estate_listings_all.csv,972,"Borj Cédria, Résidence la baie 3"
https://www.tecnocasa.tn/vendre/appartement/grand-tunis/bou-mhel-el-bassatine/61637.html,https://cdn-media.medialabtc.it/tn/agencies/tuhd1/estates/61637/images/351657/detail.jpeg,1,data\csv\tecnocasa_real_estate_listings_all.csv,1245,"Bou Mhel El-Bassatine, Appartement Boumhel - Boumhal El Basatine"
https://www.tecnocasa.tn/vendre/appartement/grand-tunis/carthage/56455.html,https://cdn-media.medialabtc.it/tn/agencies/tuma1/estates/56455/images/302894/gallery_media.jpeg,1,data\csv\tecnocasa_real_estate_listings_all.csv,1317,Carthage
https://www.tecnocasa.tn/vendre/appartement/grand-tunis/carthage/56455.html,https://cdn-media.medialabtc.it/tn/agencies/tuma1/estates/56455/images/302894/detail.jpeg,2,data\csv\tecnocasa_real_estate_listings_all.csv,1317,Carthage
https://www.tecnocasa.tn/vendre/appartement/grand-tunis/centre-urbain-nord/61992.html,https://cdn-media.medialabtc.it/tn/agencies/tucb2/estates/61992/images/354929/detail.jpeg,1,data\csv\tecnocasa_real_estate_listings_all.csv,1214,"Centre Urbain Nord, Boulevard de la Terre"
https://www.tecnocasa.tn/vendre/appartement/grand-tunis/cite-el-khadra/59999.html,https://cdn-media.medialabtc.it/tn/agencies/tucb2/estates/59999/images/338134/detail.jpeg,1,data\csv\tecnocasa_real_estate_listings_all.csv,998,"Cité El Khadra, Ave Mohamed Ali Akid - Cité Olympique"
https://www.tecnocasa.tn/vendre/appartement/grand-tunis/cite-el-khadra/60269.html,https://cdn-media.medialabtc.it/tn/agencies/tucb2/estates/60269/images/344962/detail.jpeg,1,data\csv\tecnocasa_real_estate_listings_all.csv,1319,"Cité El Khadra, Ave Mohamed Ali Akid - Cité Olympique"
https://www.tecnocasa.tn/vendre/appartement/grand-tunis/cite-el-khadra/61898.html,https://cdn-media.medialabtc.it/tn/agencies/tucb2/estates/61898/images/359759/gallery_media.jpeg,1,data\csv\tecnocasa_real_estate_listings_all.csv,1136,"Cité El Khadra, Rue Alain Savary - Cité El Khadhra"
https://www.tecnocasa.tn/vendre/appartement/grand-tunis/cite-el-khadra/61898.html,https://cdn-media.medialabtc.it/tn/agencies/tucb2/estates/61898/images/359759/detail.jpeg,2,data\csv\tecnocasa_real_estate_listings_all.csv,1136,"Cité El Khadra, Rue Alain Savary - Cité El Khadhra"
https://www.tecnocasa.tn/vendre/appartement/grand-tunis/cite-el-khadra/61909.html,https://cdn-media.medialabtc.it/tn/agencies/tucb2/estates/61909/images/352571/detail.jpeg,1,data\csv\tecnocasa_real_estate_listings_all.csv,1236,"Cité El Khadra, Ave Mohamed Ali Akid - Cité Olympique"
https://www.tecnocasa.tn/vendre/appartement/grand-tunis/cite-el-khadra/63111.html,https://cdn-media.medialabtc.it/tn/agencies/tucb2/estates/63111/images/365720/detail.jpeg,1,data\csv\tecnocasa_real_estate_listings_all.csv,1010,"Cité El Khadra, Cité el khadra - Cité El Khadhra"
https://www.tecnocasa.tn/vendre/appartement/grand-tunis/cite-el-khadra/63501.html,https://cdn-media.medialabtc.it/tn/agencies/tucb2/estates/63501/images/365619/detail.jpeg,1,data\csv\tecnocasa_real_estate_listings_all.csv,1011,"Cité El Khadra, Cité el khadra - Cité El Khadhra"
https://www.tecnocasa.tn/vendre/appartement/grand-tunis/el-menzah/50755.html,https://cdn-media.medialabtc.it/tn/agencies/arcb1/estates/50755/images/254565/detail.jpeg,1,data\csv\tecnocasa_real_estate_listings_all.csv,1425,El Menzah - Menzah 1-4
https://www.tecnocasa.tn/vendre/appartement/grand-tunis/el-menzah/51108.html,https://cdn-media.medialabtc.it/tn/agencies/arcb2/estates/51108/images/252665/detail.jpeg,1,data\csv\tecnocasa_real_estate_listings_all.csv,1335,El Menzah - Menzah 8
https://www.tecnocasa.tn/vendre/appartement/grand-tunis/el-menzah/54744.html,https://cdn-media.medialabtc.it/tn/agencies/arcb2/estates/54744/images/311988/gallery_media.jpeg,1,data\csv\tecnocasa_real_estate_listings_all.csv,1047,El Menzah - Menzah 8
https://www.tecnocasa.tn/vendre/appartement/grand-tunis/el-menzah/54744.html,https://cdn-media.medialabtc.it/tn/agencies/arcb2/estates/54744/images/311988/detail.jpeg,2,data\csv\tecnocasa_real_estate_listings_all.csv,1047,El Menzah - Menzah 8
https://www.tecnocasa.tn/vendre/appartement/grand-tunis/el-menzah/56169.html,https://cdn-media.medialabtc.it/tn/agencies/arcb1/estates/56169/images/304875/detail.jpeg,1,data\csv\tecnocasa_real_estate_listings_all.csv,1328,El Menzah - Menzah 6
https://www.tecnocasa.tn/vendre/appartement/grand-tunis/el-menzah/57866.html,https://cdn-media.medialabtc.it/tn/agencies/arcb2/estates/57866/images/314063/detail.jpeg,1,data\csv\tecnocasa_real_estate_listings_all.csv,1419,El Menzah - Menzah 7
https://www.tecnocasa.tn/vendre/appartement/grand-tunis/el-menzah/58624.html,https://cdn-media.medialabtc.it/tn/agencies/arcb1/estates/58624/images/319968/gallery_media.jpeg,1,data\csv\tecnocasa_real_estate_listings_all.csv,1376,El Menzah - Menzah 6
https://www.tecnocasa.tn/vendre/appartement/grand-tunis/el-menzah/58624.html,https://cdn-media.medialabtc.it/tn/agencies/arcb1/estates/58624/images/319968/detail.jpeg,2,data\csv\tecnocasa_real_estate_listings_all.csv,1376,El Menzah - Menzah 6
https://www.tecnocasa.tn/vendre/appartement/grand-tunis/el-menzah/59060.html,https://cdn-media.medialabtc.it/tn/agencies/arcb1/estates/59060/images/324481/detail.jpeg,1,data\csv\tecnocasa_real_estate_listings_all.csv,1357,El Menzah - Menzah 6
https://www.tecnocasa.tn/vendre/appartement/grand-tunis/el-menzah/59116.html,https://cdn-media.medialabtc.it/tn/agencies/arcb2/estates/59116/images/325638/detail.jpeg,1,data\csv\tecnocasa_real_estate_listings_all.csv,965,El Menzah - Menzah 9
https://www.tecnocasa.tn/vendre/appartement/grand-tunis/el-menzah/59497.html,https://cdn-media.medialabtc.it/tn/agencies/arcb2/estates/59497/images/329259/detail.jpeg,1,data\csv\tecnocasa_real_estate_listings_all.csv,966,El Menzah - Menzah 9
https://www.tecnocasa.tn/vendre/appartement/grand-tunis/el-menzah/61359.html,https://cdn-media.medialabtc.it/tn/agencies/arcb1/estates/61359/images/346484/detail.jpeg,1,data\csv\tecnocasa_real_estate_listings_all.csv,1306,El Menzah - Menzah 6
https://www.tecnocasa.tn/vendre/appartement/grand-tunis/el-menzah/61820.html,https://cdn-media.medialabtc.it/tn/agencies/arcb2/estates/61820/images/350686/gallery_media.jpeg,1,data\csv\tecnocasa_real_estate_listings_all.csv,1258,El Menzah - Menzah 9
https://www.tecnocasa.tn/vendre/appartement/grand-tunis/el-menzah/61820.html,https://cdn-media.medialabtc.it/tn/agencies/arcb2/estates/61820/images/350686/detail.jpeg,2,data\csv\tecnocasa_real_estate_listings_all.csv,1258,El Menzah - Menzah 9
https://www.tecnocasa.tn/vendre/appartement/grand-tunis/el-menzah/62586.html,https://cdn-media.medialabtc.it/tn/agencies/arcb2/estates/62586/images/356775/gallery_media.jpeg,1,data\csv\tecnocasa_real_estate_listings_all.csv,1001,El Menzah - Menzah 9
https://www.tecnocasa.tn/vendre/appartement/grand-tunis/el-menzah/62586.html,https://cdn-media.medialabtc.it/tn/agencies/arcb2/estates/62586/images/356775/detail.jpeg,2,data\csv\tecnocasa_real_estate_listings_all.csv,1001,El Menzah - Menzah 9
https://www.tecnocasa.tn/vendre/appartement/grand-tunis/el-mourouj/54475.html,https://cdn-media.medialabtc.it/tn/agencies/tumo1/estates/54475/images/290011/detail.jpeg,1,data\csv\tecnocasa_real_estate_listings_all.csv,1327,El Mourouj - El Mourouj 6
https://www.tecnocasa.tn/vendre/appartement/grand-tunis/el-mourouj/57723.html,https://cdn-media.medialabtc.it/tn/agencies/tumo1/estates/57723/images/328243/gallery_media.jpeg,1,data\csv\tecnocasa_real_estate_listings_all.csv,1407,El Mourouj - El Mourouj 6
https://www.tecnocasa.tn/vendre/appartement/grand-tunis/el-mourouj/57723.html,https://cdn-media.medialabtc.it/tn/agencies/tumo1/estates/57723/images/328243/detail.jpeg,2,data\csv\tecnocasa_real_estate_listings_all.csv,1407,El Mourouj - El Mourouj 6
https://www.tecnocasa.tn/vendre/appartement/grand-tunis/el-mourouj/59263.html,https://cdn-media.medialabtc.it/tn/agencies/tumo1/estates/59263/images/327521/detail.jpeg,1,data\csv\tecnocasa_real_estate_listings_all.csv,1411,El Mourouj - El Mourouj 5
https://www.tecnocasa.tn/vendre/appartement/grand-tunis/el-mourouj/60297.html,https://cdn-media.medialabtc.it/tn/agencies/tumo1/estates/60297/images/336361/gallery_media.jpeg,1,data\csv\tecnocasa_real_estate_listings_all.csv,928,El Mourouj - El Mourouj 5
https://www.tecnocasa.tn/vendre/appartement/grand-tunis/el-mourouj/60297.html,https://cdn-media.medialabtc.it/tn/agencies/tumo1/estates/60297/images/336361/detail.jpeg,2,data\csv\tecnocasa_real_estate_listings_all.csv,928,El Mourouj - El Mourouj 5
https://www.tecnocasa.tn/vendre/appartement/grand-tunis/el-mourouj/61111.html,https://cdn-media.medialabtc.it/tn/agencies/tumo1/estates/61111/images/359652/gallery_media.jpeg,1,data\csv\tecnocasa_real_estate_listings_all.csv,1137,El Mourouj - El Mourouj 5
https://www.tecnocasa.tn/vendre/appartement/grand-tunis/el-mourouj/61111.html,https://cdn-media.medialabtc.it/tn/agencies/tumo1/estates/61111/images/359652/detail.jpeg,2,data\csv\tecnocasa_real_estate_listings_all.csv,1137,El Mourouj - El Mourouj 5
https://www.tecnocasa.tn/vendre/appartement/grand-tunis/el-mourouj/61260.html,https://cdn-media.medialabtc.it/tn/agencies/tumo1/estates/61260/images/346447/detail.jpeg,1,data\csv\tecnocasa_real_estate_listings_all.csv,1268,El Mourouj - El Mourouj 6
https://www.tecnocasa.tn/vendre/appartement/grand-tunis/el-mourouj/61430.html,https://cdn-media.medialabtc.it/tn/agencies/tumo1/estates/61430/images/347095/detail.jpeg,1,data\csv\tecnocasa_real_estate_listings_all.csv,980,El Mourouj - El Mourouj 5
https://www.tecnocasa.tn/vendre/appartement/grand-tunis/el-mourouj/61729.html,https://cdn-media.medialabtc.it/tn/agencies/tumo1/estates/61729/images/349883/detail.jpeg,1,data\csv\tecnocasa_real_estate_listings_all.csv,1265,El Mourouj - El Mourouj 6
https://www.tecnocasa.tn/vendre/appartement/grand-tunis/el-mourouj/62062.html,https://cdn-media.medialabtc.it/tn/agencies/tumo1/estates/62062/images/359584/gallery_media.jpeg,1,data\csv\tecnocasa_real_estate_listings_all.csv,927,El Mourouj - El Mourouj 5
https://www.tecnocasa.tn/vendre/appartement/grand-tunis/el-mourouj/62062.html,https://cdn-media.medialabtc.it/tn/agencies/tumo1/estates/62062/images/359584/detail.jpeg,2,data\csv\tecnocasa_real_estate_listings_all.csv,927,El Mourouj - El Mourouj 5
https://www.tecnocasa.tn/vendre/appartement/grand-tunis/el-mourouj/62689.html,https://cdn-media.medialabtc.it/tn/agencies/tumo1/estates/62689/images/361313/detail.jpeg,1,data\csv\tecnocasa_real_estate_listings_all.csv,1111,El Mourouj - El Mourouj 6
https://www.tecnocasa.tn/vendre/appartement/grand-tunis/el-mourouj/63151.html,https://cdn-media.medialabtc.it/tn/agencies/tumo1/estates/63151/images/361822/detail.jpeg,1,data\csv\tecnocasa_real_estate_listings_all.csv,1105,El Mourouj - El Mourouj 5
https://www.tecnocasa.tn/vendre/appartement/grand-tunis/el-mourouj/63486.html,https://cdn-media.medialabtc.it/tn/agencies/tumo1/estates/63486/images/364631/detail.jpeg,1,data\csv\tecnocasa_real_estate_listings_all.csv,1042,El Mourouj - El Mourouj 5
https://www.tecnocasa.tn/vendre/appartement/grand-tunis/el-omrane/58825.html,https://cdn-media.medialabtc.it/tn/agencies/tuch4/estates/58825/images/321517/detail.jpeg,1,data\csv\tecnocasa_real_estate_listings_all.csv,1115,El Omrane
https://www.tecnocasa.tn/vendre/appartement/grand-tunis/el-omrane/61198.html,https://cdn-media.medialabtc.it/tn/agencies/tuch4/estates/61198/images/346417/gallery_media.jpeg,1,data\csv\tecnocasa_real_estate_listings_all.csv,1092,El Omrane
https://www.tecnocasa.tn/vendre/appartement/grand-tunis/el-omrane/61198.html,https://cdn-media.medialabtc.it/tn/agencies/tuch4/estates/61198/images/346417/detail.jpeg,2,data\csv\tecnocasa_real_estate_listings_all.csv,1092,El Omrane
https://www.tecnocasa.tn/vendre/appartement/grand-tunis/ennasr/51547.html,https://cdn-media.medialabtc.it/tn/agencies/arca3/estates/51547/images/257526/detail.jpeg,1,data\csv\tecnocasa_real_estate_listings_all.csv,985,"Ennasr, Rue Mehrez Chairat ENNASR (gt) 1100 - Jardins D'Ennasr"
https://www.tecnocasa.tn/vendre/appartement/grand-tunis/ennasr/54572.html,https://cdn-media.medialabtc.it/tn/agencies/arca3/estates/54572/images/323173/detail.jpeg,1,data\csv\tecnocasa_real_estate_listings_all.csv,1416,"Ennasr, Rue Mehrez Chairat - Jardins D'Ennasr"
https://www.tecnocasa.tn/vendre/appartement/grand-tunis/ennasr/56245.html,https://cdn-media.medialabtc.it/tn/agencies/arca2/estates/56245/images/320047/detail.jpeg,1,data\csv\tecnocasa_real_estate_listings_all.csv,1426,Ennasr - Ennasr 2
https://www.tecnocasa.tn/vendre/appartement/grand-tunis/ennasr/56673.html,https://cdn-media.medialabtc.it/tn/agencies/arca1/estates/56673/images/303834/detail.jpeg,1,data\csv\tecnocasa_real_estate_listings_all.csv,1432,Ennasr - Ennasr 2
https://www.tecnocasa.tn/vendre/appartement/grand-tunis/ennasr/57993.html,https://cdn-media.medialabtc.it/tn/agencies/arca2/estates/57993/images/320235/detail.jpeg,1,data\csv\tecnocasa_real_estate_listings_all.csv,1220,Ennasr
https://www.tecnocasa.tn/vendre/appartement/grand-tunis/ennasr/58005.html,https://cdn-media.medialabtc.it/tn/agencies/arca2/estates/58005/images/320052/detail.jpeg,1,data\csv\tecnocasa_real_estate_listings_all.csv,1409,Ennasr - Ennasr 2
https://www.tecnocasa.tn/vendre/appartement/grand-tunis/ennasr/58583.html,https://cdn-media.medialabtc.it/tn/agencies/arca2/estates/58583/images/357061/detail.jpeg,1,data\csv\tecnocasa_real_estate_listings_all.csv,937,Ennasr
https://www.tecnocasa.tn/vendre/appartement/grand-tunis/ennasr/59437.html,https://cdn-media.medialabtc.it/tn/agencies/arca1/estates/59437/images/329886/detail.jpeg,1,data\csv\tecnocasa_real_estate_listings_all.csv,1295,"Ennasr, Avenue ariana les roses - Ennasr 2"
https://www.tecnocasa.tn/vendre/appartement/grand-tunis/ennasr/59525.html,https://cdn-media.medialabtc.it/tn/agencies/arca3/estates/59525/images/331160/detail.jpeg,1,data\csv\tecnocasa_real_estate_listings_all.csv,1365,"Ennasr, Rue Mehrez Chairat - Jardins D'Ennasr"
https://www.tecnocasa.tn/vendre/appartement/grand-tunis/ennasr/59731.html,https://cdn-media.medialabtc.it/tn/agencies/arca3/estates/59731/images/338565/detail.jpeg,1,data\csv\tecnocasa_real_estate_listings_all.csv,1238,"Ennasr, Rue Mehrez Chairat - Jardins D'Ennasr"
https://www.tecnocasa.tn/vendre/appartement/grand-tunis/ennasr/59937.html,https://cdn-media.medialabtc.it/tn/agencies/arca3/estates/59937/images/342278/gallery_media.jpeg,1,data\csv\tecnocasa_real_estate_listings_all.csv,1227,"Ennasr, Rue Mehrez Chairat - Jardins D'Ennasr"
https://www.tecnocasa.tn/vendre/appartement/grand-tunis/ennasr/59937.html,https://cdn-media.medialabtc.it/tn/agencies/arca3/estates/59937/images/342278/detail.jpeg,2,data\csv\tecnocasa_real_estate_listings_all.csv,1227,"Ennasr, Rue Mehrez Chairat - Jardins D'Ennasr"
https://www.tecnocasa.tn/vendre/appartement/grand-tunis/ennasr/61137.html,https://cdn-media.medialabtc.it/tn/agencies/arca3/estates/61137/images/345201/detail.jpeg,1,data\csv\tecnocasa_real_estate_listings_all.csv,1109,"Ennasr, Rue Mehrez Chairat - Jardins D'Ennasr"
https://www.tecnocasa.tn/vendre/appartement/grand-tunis/ennasr/61299.html,https://cdn-media.medialabtc.it/tn/agencies/arca3/estates/61299/images/349127/detail.jpeg,1,data\csv\tecnocasa_real_estate_listings_all.csv,1209,"Ennasr, Rue Mehrez Chairat - Jardins D'Ennasr"
https://www.tecnocasa.tn/vendre/appartement/grand-tunis/ennasr/61306.html,https://cdn-media.medialabtc.it/tn/agencies/arca1/estates/61306/images/347046/detail.jpeg,1,data\csv\tecnocasa_real_estate_listings_all.csv,1224,"Ennasr, Avenue Hédi Nouira - Ennasr 2"
https://www.tecnocasa.tn/vendre/appartement/grand-tunis/ennasr/61439.html,https://cdn-media.medialabtc.it/tn/agencies/arca2/estates/61439/images/353033/gallery_media.jpeg,1,data\csv\tecnocasa_real_estate_listings_all.csv,1213,Ennasr
https://www.tecnocasa.tn/vendre/appartement/grand-tunis/ennasr/61439.html,https://cdn-media.medialabtc.it/tn/agencies/arca2/estates/61439/images/353033/detail.jpeg,2,data\csv\tecnocasa_real_estate_listings_all.csv,1213,Ennasr
https://www.tecnocasa.tn/vendre/appartement/grand-tunis/ennasr/61498.html,https://cdn-media.medialabtc.it/tn/agencies/arca1/estates/61498/images/363194/detail.jpeg,1,data\csv\tecnocasa_real_estate_listings_all.csv,1069,Ennasr - Ennasr 2
https://www.tecnocasa.tn/vendre/appartement/grand-tunis/ennasr/61695.html,https://cdn-media.medialabtc.it/tn/agencies/arca1/estates/61695/images/349487/detail.jpeg,1,data\csv\tecnocasa_real_estate_listings_all.csv,1237,"Ennasr, Av. Hédi Nouira - Ennasr 2"
https://www.tecnocasa.tn/vendre/appartement/grand-tunis/ennasr/61699.html,https://cdn-media.medialabtc.it/tn/agencies/arca2/estates/61699/images/349545/gallery_media.jpeg,1,data\csv\tecnocasa_real_estate_listings_all.csv,1138,Ennasr - Ennasr 2
https://www.tecnocasa.tn/vendre/appartement/grand-tunis/ennasr/61699.html,https://cdn-media.medialabtc.it/tn/agencies/arca2/estates/61699/images/349545/detail.jpeg,2,data\csv\tecnocasa_real_estate_listings_all.csv,1138,Ennasr - Ennasr 2
https://www.tecnocasa.tn/vendre/appartement/grand-tunis/ennasr/61733.html,https://cdn-media.medialabtc.it/tn/agencies/arca2/estates/61733/images/349919/detail.jpeg,1,data\csv\tecnocasa_real_estate_listings_all.csv,1262,Ennasr - Ennasr 2
https://www.tecnocasa.tn/vendre/appartement/grand-tunis/ennasr/61779.html,https://cdn-media.medialabtc.it/tn/agencies/arca3/estates/61779/images/354415/gallery_media.jpeg,1,data\csv\tecnocasa_real_estate_listings_all.csv,1107,"Ennasr, Jardin d'ennasr - Jardins D'Ennasr"
https://www.tecnocasa.tn/vendre/appartement/grand-tunis/ennasr/61779.html,https://cdn-media.medialabtc.it/tn/agencies/arca3/estates/61779/images/354415/detail.jpeg,2,data\csv\tecnocasa_real_estate_listings_all.csv,1107,"Ennasr, Jardin d'ennasr - Jardins D'Ennasr"
https://www.tecnocasa.tn/vendre/appartement/grand-tunis/ennasr/62521.html,https://cdn-media.medialabtc.it/tn/agencies/arca3/estates/62521/images/358782/detail.jpeg,1,data\csv\tecnocasa_real_estate_listings_all.csv,984,"Ennasr, Rue mohamed rached al béji"
https://www.tecnocasa.tn/vendre/appartement/grand-tunis/ennasr/62546.html,https://cdn-media.medialabtc.it/tn/agencies/arca3/estates/62546/images/358639/gallery_media.jpeg,1,data\csv\tecnocasa_real_estate_listings_all.csv,986,"Ennasr, Rue Medinat Kadhimiya"
https://www.tecnocasa.tn/vendre/appartement/grand-tunis/ennasr/62546.html,https://cdn-media.medialabtc.it/tn/agencies/arca3/estates/62546/images/358639/detail.jpeg,2,data\csv\tecnocasa_real_estate_listings_all.csv,986,"Ennasr, Rue Medinat Kadhimiya"
https://www.tecnocasa.tn/vendre/appartement/grand-tunis/ennasr/62794.html,https://cdn-media.medialabtc.it/tn/agencies/arca3/estates/62794/images/360111/detail.jpeg,1,data\csv\tecnocasa_real_estate_listings_all.csv,1045,"Ennasr, Rue Mehrez Chairat - Jardins D'Ennasr"
https://www.tecnocasa.tn/vendre/appartement/grand-tunis/ennasr/62918.html,https://cdn-media.medialabtc.it/tn/agencies/arca1/estates/62918/images/360728/gallery_media.jpeg,1,data\csv\tecnocasa_real_estate_listings_all.csv,958,Ennasr - Ennasr 2
https://www.tecnocasa.tn/vendre/appartement/grand-tunis/ennasr/62918.html,https://cdn-media.medialabtc.it/tn/agencies/arca1/estates/62918/images/360728/detail.jpeg,2,data\csv\tecnocasa_real_estate_listings_all.csv,958,Ennasr - Ennasr 2
https://www.tecnocasa.tn/vendre/appartement/grand-tunis/ennasr/63457.html,https://cdn-media.medialabtc.it/tn/agencies/arca3/estates/63457/images/366407/gallery_media.jpeg,1,data\csv\tecnocasa_real_estate_listings_all.csv,988,"Ennasr, Rue Mehrez Chairat - Jardins D'Ennasr"
https://www.tecnocasa.tn/vendre/appartement/grand-tunis/ennasr/63457.html,https://cdn-media.medialabtc.it/tn/agencies/arca3/estates/63457/images/366407/detail.jpeg,2,data\csv\tecnocasa_real_estate_listings_all.csv,988,"Ennasr, Rue Mehrez Chairat - Jardins D'Ennasr"
https://www.tecnocasa.tn/vendre/appartement/grand-tunis/ennasr/63491.html,https://cdn-media.medialabtc.it/tn/agencies/arca3/estates/63491/images/366464/gallery_media.jpeg,1,data\csv\tecnocasa_real_estate_listings_all.csv,987,"Ennasr, Rue Mehrez Chairat - Jardins D'Ennasr"
https://www.tecnocasa.tn/vendre/appartement/grand-tunis/ennasr/63491.html,https://cdn-media.medialabtc.it/tn/agencies/arca3/estates/63491/images/366464/detail.jpeg,2,data\csv\tecnocasa_real_estate_listings_all.csv,987,"Ennasr, Rue Mehrez Chairat - Jardins D'Ennasr"
https://www.tecnocasa.tn/vendre/appartement/grand-tunis/ennasr/63504.html,https://cdn-media.medialabtc.it/tn/agencies/arca3/estates/63504/images/366668/detail.jpeg,1,data\csv\tecnocasa_real_estate_listings_all.csv,978,"Ennasr, Rue Medinat Kadhimiya"
https://www.tecnocasa.tn/vendre/appartement/grand-tunis/ennasr/63508.html,https://cdn-media.medialabtc.it/tn/agencies/arca1/estates/63508/images/365351/detail.jpeg,1,data\csv\tecnocasa_real_estate_listings_all.csv,962,Ennasr - Ennasr 2
https://www.tecnocasa.tn/vendre/appartement/grand-tunis/ennasr/63606.html,https://cdn-media.medialabtc.it/tn/agencies/arca2/estates/63606/images/366663/detail.jpeg,1,data\csv\tecnocasa_real_estate_listings_all.csv,979,Ennasr
https://www.tecnocasa.tn/vendre/appartement/grand-tunis/ennasr/63647.html,https://cdn-media.medialabtc.it/tn/agencies/arca3/estates/63647/images/367894/gallery_media.jpeg,1,data\csv\tecnocasa_real_estate_listings_all.csv,943,"Ennasr, Rue Medinat El Mawsil - Ennasr 2"
https://www.tecnocasa.tn/vendre/appartement/grand-tunis/ennasr/63647.html,https://cdn-media.medialabtc.it/tn/agencies/arca3/estates/63647/images/367894/detail.jpeg,2,data\csv\tecnocasa_real_estate_listings_all.csv,943,"Ennasr, Rue Medinat El Mawsil - Ennasr 2"
https://www.tecnocasa.tn/vendre/appartement/grand-tunis/ezzahra/57757.html,https://cdn-media.medialabtc.it/tn/agencies/tuhd3/estates/57757/images/316590/detail.jpeg,1,data\csv\tecnocasa_real_estate_listings_all.csv,1310,"Ezzahra, Appartement Ezzahra"
https://www.tecnocasa.tn/vendre/appartement/grand-tunis/ezzahra/60743.html,https://cdn-media.medialabtc.it/tn/agencies/tuhd3/estates/60743/images/345894/gallery_media.jpeg,1,data\csv\tecnocasa_real_estate_listings_all.csv,920,"Ezzahra, Duplex Ezzahra"
https://www.tecnocasa.tn/vendre/appartement/grand-tunis/ezzahra/60743.html,https://cdn-media.medialabtc.it/tn/agencies/tuhd3/estates/60743/images/345894/detail.jpeg,2,data\csv\tecnocasa_real_estate_listings_all.csv,920,"Ezzahra, Duplex Ezzahra"
https://www.tecnocasa.tn/vendre/appartement/grand-tunis/gammarth/54427.html,https://cdn-media.medialabtc.it/tn/agencies/tugm2/estates/54427/images/283000/detail.jpeg,1,data\csv\tecnocasa_real_estate_listings_all.csv,1447,Gammarth
https://www.tecnocasa.tn/vendre/appartement/grand-tunis/gammarth/59459.html,https://cdn-media.medialabtc.it/tn/agencies/tugm2/estates/59459/images/332065/detail.jpeg,1,data\csv\tecnocasa_real_estate_listings_all.csv,1383,Gammarth
https://www.tecnocasa.tn/vendre/appartement/grand-tunis/gammarth/59954.html,https://cdn-media.medialabtc.it/tn/agencies/tugm2/estates/59954/images/340623/detail.jpeg,1,data\csv\tecnocasa_real_estate_listings_all.csv,1351,Gammarth
https://www.tecnocasa.tn/vendre/appartement/grand-tunis/gammarth/60757.html,https://cdn-media.medialabtc.it/tn/agencies/tugm2/estates/60757/images/342844/detail.jpeg,1,data\csv\tecnocasa_real_estate_listings_all.csv,1333,Gammarth
https://www.tecnocasa.tn/vendre/appartement/grand-tunis/gammarth/61774.html,https://cdn-media.medialabtc.it/tn/agencies/tugm1/estates/61774/images/351094/gallery_media.jpeg,1,data\csv\tecnocasa_real_estate_listings_all.csv,1256,Gammarth
https://www.tecnocasa.tn/vendre/appartement/grand-tunis/gammarth/61774.html,https://cdn-media.medialabtc.it/tn/agencies/tugm1/estates/61774/images/351094/detail.jpeg,2,data\csv\tecnocasa_real_estate_listings_all.csv,1256,Gammarth
https://www.tecnocasa.tn/vendre/appartement/grand-tunis/gammarth/62540.html,https://cdn-media.medialabtc.it/tn/agencies/tugm2/estates/62540/images/360663/detail.jpeg,1,data\csv\tecnocasa_real_estate_listings_all.csv,1118,Gammarth - Gammarth Village
https://www.tecnocasa.tn/vendre/appartement/grand-tunis/gammarth/62753.html,https://cdn-media.medialabtc.it/tn/agencies/tugm2/estates/62753/images/361572/gallery_media.jpeg,1,data\csv\tecnocasa_real_estate_listings_all.csv,1108,Gammarth - Gammarth Village
https://www.tecnocasa.tn/vendre/appartement/grand-tunis/gammarth/62753.html,https://cdn-media.medialabtc.it/tn/agencies/tugm2/estates/62753/images/361572/detail.jpeg,2,data\csv\tecnocasa_real_estate_listings_all.csv,1108,Gammarth - Gammarth Village
https://www.tecnocasa.tn/vendre/appartement/grand-tunis/gammarth/63746.html,https://cdn-media.medialabtc.it/tn/agencies/tugm2/estates/63746/images/367989/detail.jpeg,1,data\csv\tecnocasa_real_estate_listings_all.csv,938,Gammarth - Gammarth Village
https://www.tecnocasa.tn/vendre/appartement/grand-tunis/hammam-chott/61265.html,https://cdn-media.medialabtc.it/tn/agencies/tuhd2/estates/61265/images/347064/detail.jpeg,1,data\csv\tecnocasa_real_estate_listings_all.csv,1291,"Hammam Chott, Residence Fafany les Pins"
https://www.tecnocasa.tn/vendre/appartement/grand-tunis/jardins-d-el-menzah/54519.html,https://cdn-media.medialabtc.it/tn/agencies/tuch2/estates/54519/images/286140/gallery_media.jpeg,1,data\csv\tecnocasa_real_estate_listings_all.csv,1452,Jardins d'El Menzah - Jardins D'El Menzah 2
https://www.tecnocasa.tn/vendre/appartement/grand-tunis/jardins-d-el-menzah/54519.html,https://cdn-media.medialabtc.it/tn/agencies/tuch2/estates/54519/images/286140/detail.jpeg,2,data\csv\tecnocasa_real_estate_listings_all.csv,1452,Jardins d'El Menzah - Jardins D'El Menzah 2
https://www.tecnocasa.tn/vendre/appartement/grand-tunis/jardins-d-el-menzah/60842.html,https://cdn-media.medialabtc.it/tn/agencies/tuch2/estates/60842/images/341548/detail.jpeg,1,data\csv\tecnocasa_real_estate_listings_all.csv,1348,Jardins d'El Menzah - Jardins D'El Menzah 1
https://www.tecnocasa.tn/vendre/appartement/grand-tunis/jardins-d-el-menzah/61101.html,https://cdn-media.medialabtc.it/tn/agencies/tuch2/estates/61101/images/350242/gallery_media.jpeg,1,data\csv\tecnocasa_real_estate_listings_all.csv,1196,Jardins d'El Menzah - Jardins D'El Menzah 1
https://www.tecnocasa.tn/vendre/appartement/grand-tunis/jardins-d-el-menzah/61101.html,https://cdn-media.medialabtc.it/tn/agencies/tuch2/estates/61101/images/350242/detail.jpeg,2,data\csv\tecnocasa_real_estate_listings_all.csv,1196,Jardins d'El Menzah - Jardins D'El Menzah 1
https://www.tecnocasa.tn/vendre/appartement/grand-tunis/jardins-d-el-menzah/62187.html,https://cdn-media.medialabtc.it/tn/agencies/tuch2/estates/62187/images/358141/detail.jpeg,1,data\csv\tecnocasa_real_estate_listings_all.csv,1175,Jardins d'El Menzah - Jardins D'El Menzah 2
https://www.tecnocasa.tn/vendre/appartement/grand-tunis/jardins-de-carthage/29765.html,https://cdn-media.medialabtc.it/tn/agencies/tuhb4/estates/29765/images/116825/detail.jpeg,1,data\csv\tecnocasa_real_estate_listings_all.csv,1477,Jardins de Carthage - Les Jardins De Carthage
https://www.tecnocasa.tn/vendre/appartement/grand-tunis/jardins-de-carthage/47567.html,https://cdn-media.medialabtc.it/tn/agencies/tuhb4/estates/47567/images/244364/detail.jpeg,1,data\csv\tecnocasa_real_estate_listings_all.csv,1455,"Jardins de Carthage, Jardins De Carthage - Les Jardins De Carthage"
https://www.tecnocasa.tn/vendre/appartement/grand-tunis/jardins-de-carthage/47570.html,https://cdn-media.medialabtc.it/tn/agencies/tuhb4/estates/47570/images/222057/detail.jpeg,1,data\csv\tecnocasa_real_estate_listings_all.csv,1415,"Jardins de Carthage, Jardins De Carthage - Les Jardins De Carthage"
https://www.tecnocasa.tn/vendre/appartement/grand-tunis/jardins-de-carthage/48166.html,https://cdn-media.medialabtc.it/tn/agencies/tuhb4/estates/48166/images/237307/detail.jpeg,1,data\csv\tecnocasa_real_estate_listings_all.csv,1418,"Jardins de Carthage, Jardins de Carthage - Les Jardins De Carthage"
https://www.tecnocasa.tn/vendre/appartement/grand-tunis/jardins-de-carthage/54372.html,https://cdn-media.medialabtc.it/tn/agencies/tuhb4/estates/54372/images/283708/detail.jpeg,1,data\csv\tecnocasa_real_estate_listings_all.csv,1439,"Jardins de Carthage, Jardins de Carthage - Les Jardins De Carthage"
https://www.tecnocasa.tn/vendre/appartement/grand-tunis/jardins-de-carthage/57908.html,https://cdn-media.medialabtc.it/tn/agencies/tuhb4/estates/57908/images/325278/detail.jpeg,1,data\csv\tecnocasa_real_estate_listings_all.csv,1417,Jardins de Carthage - Les Jardins De Carthage
https://www.tecnocasa.tn/vendre/appartement/grand-tunis/jardins-de-carthage/61680.html,https://cdn-media.medialabtc.it/tn/agencies/tuhb4/estates/61680/images/352349/detail.jpeg,1,data\csv\tecnocasa_real_estate_listings_all.csv,1097,"Jardins de Carthage, Avenue elyssa - Les Jardins De Carthage"
https://www.tecnocasa.tn/vendre/appartement/grand-tunis/jardins-de-carthage/61906.html,https://cdn-media.medialabtc.it/tn/agencies/tuhb5/estates/61906/images/351878/detail.jpeg,1,data\csv\tecnocasa_real_estate_listings_all.csv,930,"Jardins de Carthage, Avenue de carthage - Les Jardins De Carthage"
https://www.tecnocasa.tn/vendre/appartement/grand-tunis/jardins-de-carthage/62170.html,https://cdn-media.medialabtc.it/tn/agencies/tuhb5/estates/62170/images/355739/detail.jpeg,1,data\csv\tecnocasa_real_estate_listings_all.csv,1060,"Jardins de Carthage, Appartement Road - Les Jardins De Carthage"
https://www.tecnocasa.tn/vendre/appartement/grand-tunis/jardins-de-carthage/62703.html,https://cdn-media.medialabtc.it/tn/agencies/tuhb4/estates/62703/images/363004/detail.jpeg,1,data\csv\tecnocasa_real_estate_listings_all.csv,1071,"Jardins de Carthage, Jardins de carthage - Les Jardins De Carthage"
https://www.tecnocasa.tn/vendre/appartement/grand-tunis/jardins-de-carthage/62704.html,https://cdn-media.medialabtc.it/tn/agencies/tuhb4/estates/62704/images/362932/detail.jpeg,1,data\csv\tecnocasa_real_estate_listings_all.csv,1072,"Jardins de Carthage, Jardins de carthage - Les Jardins De Carthage"
https://www.tecnocasa.tn/vendre/appartement/grand-tunis/jardins-de-carthage/62739.html,https://cdn-media.medialabtc.it/tn/agencies/tuhb5/estates/62739/images/357821/gallery_media.jpeg,1,data\csv\tecnocasa_real_estate_listings_all.csv,1183,Jardins de Carthage - Les Jardins De Carthage
https://www.tecnocasa.tn/vendre/appartement/grand-tunis/jardins-de-carthage/62739.html,https://cdn-media.medialabtc.it/tn/agencies/tuhb5/estates/62739/images/357821/detail.jpeg,2,data\csv\tecnocasa_real_estate_listings_all.csv,1183,Jardins de Carthage - Les Jardins De Carthage
https://www.tecnocasa.tn/vendre/appartement/grand-tunis/jardins-de-carthage/62826.html,https://cdn-media.medialabtc.it/tn/agencies/tuhb5/estates/62826/images/365250/detail.jpeg,1,data\csv\tecnocasa_real_estate_listings_all.csv,1028,Jardins de Carthage - Les Jardins De Carthage
https://www.tecnocasa.tn/vendre/appartement/grand-tunis/jardins-de-carthage/62843.html,https://cdn-media.medialabtc.it/tn/agencies/tuhb4/estates/62843/images/361882/detail.jpeg,1,data\csv\tecnocasa_real_estate_listings_all.csv,1102,"Jardins de Carthage, Avenue elissa - Les Jardins De Carthage"
https://www.tecnocasa.tn/vendre/appartement/grand-tunis/jardins-de-carthage/62852.html,https://cdn-media.medialabtc.it/tn/agencies/tuhb4/estates/62852/images/359475/detail.jpeg,1,data\csv\tecnocasa_real_estate_listings_all.csv,948,"Jardins de Carthage, Unnamed Road - Les Jardins De Carthage"
https://www.tecnocasa.tn/vendre/appartement/grand-tunis/jardins-de-carthage/63032.html,https://cdn-media.medialabtc.it/tn/agencies/tuhb5/estates/63032/images/363261/detail.jpeg,1,data\csv\tecnocasa_real_estate_listings_all.csv,1067,Jardins de Carthage - Les Jardins De Carthage
https://www.tecnocasa.tn/vendre/appartement/grand-tunis/jardins-de-carthage/63555.html,https://cdn-media.medialabtc.it/tn/agencies/tuhb5/estates/63555/images/365901/detail.jpeg,1,data\csv\tecnocasa_real_estate_listings_all.csv,960,Jardins de Carthage - Les Jardins De Carthage
https://www.tecnocasa.tn/vendre/appartement/grand-tunis/la-manouba/53961.html,https://cdn-media.medialabtc.it/tn/agencies/tucg2/estates/53961/images/296730/gallery_media.jpeg,1,data\csv\tecnocasa_real_estate_listings_all.csv,1361,"La Manouba, Rue de travailleurs - Manouba"
https://www.tecnocasa.tn/vendre/appartement/grand-tunis/la-manouba/53961.html,https://cdn-media.medialabtc.it/tn/agencies/tucg2/estates/53961/images/296730/detail.jpeg,2,data\csv\tecnocasa_real_estate_listings_all.csv,1361,"La Manouba, Rue de travailleurs - Manouba"
https://www.tecnocasa.tn/vendre/appartement/grand-tunis/la-manouba/55160.html,https://cdn-media.medialabtc.it/tn/agencies/tucg2/estates/55160/images/289162/detail.jpeg,1,data\csv\tecnocasa_real_estate_listings_all.csv,1364,"La Manouba, Rue ibn abi dhief - Manouba"
https://www.tecnocasa.tn/vendre/appartement/grand-tunis/la-manouba/58436.html,https://cdn-media.medialabtc.it/tn/agencies/tucg2/estates/58436/images/350573/detail.jpeg,1,data\csv\tecnocasa_real_estate_listings_all.csv,1260,"La Manouba, Takasim masmoudi LA MANOUBA (gt) 2011 - Manouba"
https://www.tecnocasa.tn/vendre/appartement/grand-tunis/la-manouba/58859.html,https://cdn-media.medialabtc.it/tn/agencies/tucg2/estates/58859/images/339241/detail.jpeg,1,data\csv\tecnocasa_real_estate_listings_all.csv,1284,"La Manouba, Avenue essaada - Manouba"
https://www.tecnocasa.tn/vendre/appartement/grand-tunis/la-manouba/59364.html,https://cdn-media.medialabtc.it/tn/agencies/tucg3/estates/59364/images/329814/detail.jpeg,1,data\csv\tecnocasa_real_estate_listings_all.csv,1318,La Manouba - Manouba
https://www.tecnocasa.tn/vendre/appartement/grand-tunis/la-manouba/59732.html,https://cdn-media.medialabtc.it/tn/agencies/tucg2/estates/59732/images/331133/detail.jpeg,1,data\csv\tecnocasa_real_estate_listings_all.csv,1397,"La Manouba, Cité ibn zohre - Manouba"
https://www.tecnocasa.tn/vendre/appartement/grand-tunis/la-manouba/59733.html,https://cdn-media.medialabtc.it/tn/agencies/tucg2/estates/59733/images/331763/detail.jpeg,1,data\csv\tecnocasa_real_estate_listings_all.csv,1399,"La Manouba, Derrière technopole - Manouba"
https://www.tecnocasa.tn/vendre/appartement/grand-tunis/la-manouba/59824.html,https://cdn-media.medialabtc.it/tn/agencies/tucg2/estates/59824/images/346948/detail.jpeg,1,data\csv\tecnocasa_real_estate_listings_all.csv,1264,"La Manouba, Cité Kortoba - Manouba"
https://www.tecnocasa.tn/vendre/appartement/grand-tunis/la-manouba/60664.html,https://cdn-media.medialabtc.it/tn/agencies/tucg2/estates/60664/images/350520/detail.jpeg,1,data\csv\tecnocasa_real_estate_listings_all.csv,1251,"La Manouba, Takasim masmoudi LA MANOUBA (gt) 2011 - Manouba"
https://www.tecnocasa.tn/vendre/appartement/grand-tunis/la-manouba/60665.html,https://cdn-media.medialabtc.it/tn/agencies/tucg2/estates/60665/images/350549/detail.jpeg,1,data\csv\tecnocasa_real_estate_listings_all.csv,1259,"La Manouba, Takasim masmoudi LA MANOUBA (gt) 2011 - Manouba"
https://www.tecnocasa.tn/vendre/appartement/grand-tunis/la-manouba/61080.html,https://cdn-media.medialabtc.it/tn/agencies/tucg2/estates/61080/images/346704/detail.jpeg,1,data\csv\tecnocasa_real_estate_listings_all.csv,1101,"La Manouba, Rue Denden - Manouba"
https://www.tecnocasa.tn/vendre/appartement/grand-tunis/la-manouba/61383.html,https://cdn-media.medialabtc.it/tn/agencies/tucg3/estates/61383/images/348652/detail.jpeg,1,data\csv\tecnocasa_real_estate_listings_all.csv,1218,La Manouba - Manouba
https://www.tecnocasa.tn/vendre/appartement/grand-tunis/la-manouba/61797.html,https://cdn-media.medialabtc.it/tn/agencies/tucg2/estates/61797/images/355234/detail.jpeg,1,data\csv\tecnocasa_real_estate_listings_all.csv,1057,"La Manouba, Ave de L'Environnement - Manouba"
https://www.tecnocasa.tn/vendre/appartement/grand-tunis/la-manouba/61935.html,https://cdn-media.medialabtc.it/tn/agencies/tucg2/estates/61935/images/351908/detail.jpeg,1,data\csv\tecnocasa_real_estate_listings_all.csv,1200,"La Manouba, Rue de baghded - Manouba"
https://www.tecnocasa.tn/vendre/appartement/grand-tunis/la-manouba/61937.html,https://cdn-media.medialabtc.it/tn/agencies/tucg2/estates/61937/images/351843/gallery_media.jpeg,1,data\csv\tecnocasa_real_estate_listings_all.csv,1242,"La Manouba, Rue de baghded - Manouba"
https://www.tecnocasa.tn/vendre/appartement/grand-tunis/la-manouba/61937.html,https://cdn-media.medialabtc.it/tn/agencies/tucg2/estates/61937/images/351843/detail.jpeg,2,data\csv\tecnocasa_real_estate_listings_all.csv,1242,"La Manouba, Rue de baghded - Manouba"
https://www.tecnocasa.tn/vendre/appartement/grand-tunis/la-manouba/62657.html,https://cdn-media.medialabtc.it/tn/agencies/tucg2/estates/62657/images/357652/detail.jpeg,1,data\csv\tecnocasa_real_estate_listings_all.csv,1184,"La Manouba, Taksim Masmoudi - Manouba"
https://www.tecnocasa.tn/vendre/appartement/grand-tunis/la-manouba/62673.html,https://cdn-media.medialabtc.it/tn/agencies/tucg2/estates/62673/images/357908/gallery_media.jpeg,1,data\csv\tecnocasa_real_estate_listings_all.csv,1182,"La Manouba, Ibn Abi Dhief - Manouba"
https://www.tecnocasa.tn/vendre/appartement/grand-tunis/la-manouba/62673.html,https://cdn-media.medialabtc.it/tn/agencies/tucg2/estates/62673/images/357908/detail.jpeg,2,data\csv\tecnocasa_real_estate_listings_all.csv,1182,"La Manouba, Ibn Abi Dhief - Manouba"
https://www.tecnocasa.tn/vendre/appartement/grand-tunis/la-manouba/63095.html,https://cdn-media.medialabtc.it/tn/agencies/tucg2/estates/63095/images/362513/detail.jpeg,1,data\csv\tecnocasa_real_estate_listings_all.csv,1087,"La Manouba, Rue Danden - Manouba"
https://www.tecnocasa.tn/vendre/appartement/grand-tunis/la-manouba/63396.html,https://cdn-media.medialabtc.it/tn/agencies/tucg3/estates/63396/images/365951/gallery_media.jpeg,1,data\csv\tecnocasa_real_estate_listings_all.csv,1003,La Manouba - Manouba
https://www.tecnocasa.tn/vendre/appartement/grand-tunis/la-manouba/63396.html,https://cdn-media.medialabtc.it/tn/agencies/tucg3/estates/63396/images/365951/detail.jpeg,2,data\csv\tecnocasa_real_estate_listings_all.csv,1003,La Manouba - Manouba
https://www.tecnocasa.tn/vendre/appartement/grand-tunis/la-manouba/63448.html,https://cdn-media.medialabtc.it/tn/agencies/tucg2/estates/63448/images/364436/gallery_media.jpeg,1,data\csv\tecnocasa_real_estate_listings_all.csv,1048,"La Manouba, Rue de L'agriculture - Manouba"
https://www.tecnocasa.tn/vendre/appartement/grand-tunis/la-manouba/63448.html,https://cdn-media.medialabtc.it/tn/agencies/tucg2/estates/63448/images/364436/detail.jpeg,2,data\csv\tecnocasa_real_estate_listings_all.csv,1048,"La Manouba, Rue de L'agriculture - Manouba"
https://www.tecnocasa.tn/vendre/appartement/grand-tunis/la-marsa/55548.html,https://cdn-media.medialabtc.it/tn/agencies/tugm2/estates/55548/images/312313/gallery_media.jpeg,1,data\csv\tecnocasa_real_estate_listings_all.csv,1436,La Marsa
https://www.tecnocasa.tn/vendre/appartement/grand-tunis/la-marsa/55548.html,https://cdn-media.medialabtc.it/tn/agencies/tugm2/estates/55548/images/312313/detail.jpeg,2,data\csv\tecnocasa_real_estate_listings_all.csv,1436,La Marsa
https://www.tecnocasa.tn/vendre/appartement/grand-tunis/la-marsa/58131.html,https://cdn-media.medialabtc.it/tn/agencies/tuma1/estates/58131/images/323091/detail.jpeg,1,data\csv\tecnocasa_real_estate_listings_all.csv,1254,La Marsa - Marsa Les Pins
https://www.tecnocasa.tn/vendre/appartement/grand-tunis/la-marsa/60846.html,https://cdn-media.medialabtc.it/tn/agencies/tugm1/estates/60846/images/347112/detail.jpeg,1,data\csv\tecnocasa_real_estate_listings_all.csv,1290,La Marsa
https://www.tecnocasa.tn/vendre/appartement/grand-tunis/la-marsa/61040.html,https://cdn-media.medialabtc.it/tn/agencies/tuha1/estates/61040/images/366165/detail.jpeg,1,data\csv\tecnocasa_real_estate_listings_all.csv,935,La Marsa
https://www.tecnocasa.tn/vendre/appartement/grand-tunis/la-marsa/61110.html,https://cdn-media.medialabtc.it/tn/agencies/tuha1/estates/61110/images/345184/detail.jpeg,1,data\csv\tecnocasa_real_estate_listings_all.csv,1314,La Marsa
https://www.tecnocasa.tn/vendre/appartement/grand-tunis/la-marsa/61939.html,https://cdn-media.medialabtc.it/tn/agencies/tuha1/estates/61939/images/364965/detail.jpeg,1,data\csv\tecnocasa_real_estate_listings_all.csv,952,La Marsa
https://www.tecnocasa.tn/vendre/appartement/grand-tunis/la-marsa/62110.html,https://cdn-media.medialabtc.it/tn/agencies/tugm2/estates/62110/images/360701/detail.jpeg,1,data\csv\tecnocasa_real_estate_listings_all.csv,1117,La Marsa
https://www.tecnocasa.tn/vendre/appartement/grand-tunis/la-marsa/62901.html,https://cdn-media.medialabtc.it/tn/agencies/tugm1/estates/62901/images/362477/detail.jpeg,1,data\csv\tecnocasa_real_estate_listings_all.csv,1090,La Marsa - Cité El Khalil
https://www.tecnocasa.tn/vendre/appartement/grand-tunis/la-marsa/62969.html,https://cdn-media.medialabtc.it/tn/agencies/tuma1/estates/62969/images/360861/detail.jpeg,1,data\csv\tecnocasa_real_estate_listings_all.csv,990,La Marsa - Marsa Les Pins
https://www.tecnocasa.tn/vendre/appartement/grand-tunis/la-marsa/63200.html,https://cdn-media.medialabtc.it/tn/agencies/tuma1/estates/63200/images/362447/detail.jpeg,1,data\csv\tecnocasa_real_estate_listings_all.csv,983,La Marsa - Sidi Daoued
https://www.tecnocasa.tn/vendre/appartement/grand-tunis/la-marsa/63407.html,https://cdn-media.medialabtc.it/tn/agencies/tugm1/estates/63407/images/365255/detail.jpeg,1,data\csv\tecnocasa_real_estate_listings_all.csv,1029,La Marsa
https://www.tecnocasa.tn/vendre/appartement/grand-tunis/la-marsa/63416.html,https://cdn-media.medialabtc.it/tn/agencies/tuma1/estates/63416/images/365538/detail.jpeg,1,data\csv\tecnocasa_real_estate_listings_all.csv,945,La Marsa - Marsa Les Pins
https://www.tecnocasa.tn/vendre/appartement/grand-tunis/la-soukra/48475.html,https://cdn-media.medialabtc.it/tn/agencies/tuha4/estates/48475/images/228778/detail.jpeg,1,data\csv\tecnocasa_real_estate_listings_all.csv,1472,La Soukra - Chotrana
https://www.tecnocasa.tn/vendre/appartement/grand-tunis/la-soukra/50130.html,https://cdn-media.medialabtc.it/tn/agencies/tuha9/estates/50130/images/243744/detail.jpeg,1,data\csv\tecnocasa_real_estate_listings_all.csv,1433,La Soukra - Borj Louzir
https://www.tecnocasa.tn/vendre/appartement/grand-tunis/la-soukra/51924.html,https://cdn-media.medialabtc.it/tn/agencies/tuha4/estates/51924/images/333522/gallery_media.jpeg,1,data\csv\tecnocasa_real_estate_listings_all.csv,1390,La Soukra - Dar Fadhal
https://www.tecnocasa.tn/vendre/appartement/grand-tunis/la-soukra/51924.html,https://cdn-media.medialabtc.it/tn/agencies/tuha4/estates/51924/images/333522/detail.jpeg,2,data\csv\tecnocasa_real_estate_listings_all.csv,1390,La Soukra - Dar Fadhal
https://www.tecnocasa.tn/vendre/appartement/grand-tunis/la-soukra/52390.html,https://cdn-media.medialabtc.it/tn/agencies/tuha6/estates/52390/images/266057/detail.jpeg,1,data\csv\tecnocasa_real_estate_listings_all.csv,1380,La Soukra - Chotrana
https://www.tecnocasa.tn/vendre/appartement/grand-tunis/la-soukra/54227.html,https://cdn-media.medialabtc.it/tn/agencies/tuha4/estates/54227/images/360036/detail.jpeg,1,data\csv\tecnocasa_real_estate_listings_all.csv,1128,"La Soukra, Rue Chotrana1 - Chotrana"
https://www.tecnocasa.tn/vendre/appartement/grand-tunis/la-soukra/58941.html,https://cdn-media.medialabtc.it/tn/agencies/tuha6/estates/58941/images/336501/detail.jpeg,1,data\csv\tecnocasa_real_estate_listings_all.csv,1280,La Soukra - Soukra
https://www.tecnocasa.tn/vendre/appartement/grand-tunis/la-soukra/59054.html,https://cdn-media.medialabtc.it/tn/agencies/tuha6/estates/59054/images/327492/detail.jpeg,1,data\csv\tecnocasa_real_estate_listings_all.csv,1412,La Soukra - Soukra
https://www.tecnocasa.tn/vendre/appartement/grand-tunis/la-soukra/59753.html,https://cdn-media.medialabtc.it/tn/agencies/tuha4/estates/59753/images/332546/detail.jpeg,1,data\csv\tecnocasa_real_estate_listings_all.csv,1396,La Soukra - Soukra
https://www.tecnocasa.tn/vendre/appartement/grand-tunis/la-soukra/59920.html,https://cdn-media.medialabtc.it/tn/agencies/tuha4/estates/59920/images/332737/detail.jpeg,1,data\csv\tecnocasa_real_estate_listings_all.csv,963,La Soukra - Soukra
https://www.tecnocasa.tn/vendre/appartement/grand-tunis/la-soukra/60284.html,https://cdn-media.medialabtc.it/tn/agencies/tuha6/estates/60284/images/341590/gallery_media.jpeg,1,data\csv\tecnocasa_real_estate_listings_all.csv,1347,La Soukra - Chotrana
https://www.tecnocasa.tn/vendre/appartement/grand-tunis/la-soukra/60284.html,https://cdn-media.medialabtc.it/tn/agencies/tuha6/estates/60284/images/341590/detail.jpeg,2,data\csv\tecnocasa_real_estate_listings_all.csv,1347,La Soukra - Chotrana
https://www.tecnocasa.tn/vendre/appartement/grand-tunis/la-soukra/60881.html,https://cdn-media.medialabtc.it/tn/agencies/tuha6/estates/60881/images/344369/detail.jpeg,1,data\csv\tecnocasa_real_estate_listings_all.csv,1279,La Soukra - Soukra
https://www.tecnocasa.tn/vendre/appartement/grand-tunis/la-soukra/61682.html,https://cdn-media.medialabtc.it/tn/agencies/tuha6/estates/61682/images/349822/detail.jpeg,1,data\csv\tecnocasa_real_estate_listings_all.csv,1267,La Soukra - Chotrana
https://www.tecnocasa.tn/vendre/appartement/grand-tunis/la-soukra/61773.html,https://cdn-media.medialabtc.it/tn/agencies/tuha6/estates/61773/images/350810/detail.jpeg,1,data\csv\tecnocasa_real_estate_listings_all.csv,1103,La Soukra - Soukra
https://www.tecnocasa.tn/vendre/appartement/grand-tunis/la-soukra/61794.html,https://cdn-media.medialabtc.it/tn/agencies/tuha6/estates/61794/images/351777/gallery_media.jpeg,1,data\csv\tecnocasa_real_estate_listings_all.csv,1106,La Soukra - Chotrana
https://www.tecnocasa.tn/vendre/appartement/grand-tunis/la-soukra/61794.html,https://cdn-media.medialabtc.it/tn/agencies/tuha6/estates/61794/images/351777/detail.jpeg,2,data\csv\tecnocasa_real_estate_listings_all.csv,1106,La Soukra - Chotrana
https://www.tecnocasa.tn/vendre/appartement/grand-tunis/la-soukra/61986.html,https://cdn-media.medialabtc.it/tn/agencies/tuha6/estates/61986/images/355746/detail.jpeg,1,data\csv\tecnocasa_real_estate_listings_all.csv,1204,La Soukra - Soukra
https://www.tecnocasa.tn/vendre/appartement/grand-tunis/la-soukra/62068.html,https://cdn-media.medialabtc.it/tn/agencies/tuao3/estates/62068/images/357808/detail.jpeg,1,data\csv\tecnocasa_real_estate_listings_all.csv,1054,"La Soukra, Rue Cheikh Mohamed Enneifer - Soukra"
https://www.tecnocasa.tn/vendre/appartement/grand-tunis/la-soukra/62467.html,https://cdn-media.medialabtc.it/tn/agencies/tuha6/estates/62467/images/366277/detail.jpeg,1,data\csv\tecnocasa_real_estate_listings_all.csv,994,La Soukra - Soukra
https://www.tecnocasa.tn/vendre/appartement/grand-tunis/la-soukra/62797.html,https://cdn-media.medialabtc.it/tn/agencies/tuha6/estates/62797/images/365293/detail.jpeg,1,data\csv\tecnocasa_real_estate_listings_all.csv,1024,La Soukra - Soukra
https://www.tecnocasa.tn/vendre/appartement/grand-tunis/la-soukra/62804.html,https://cdn-media.medialabtc.it/tn/agencies/tusk3/estates/62804/images/359195/detail.jpeg,1,data\csv\tecnocasa_real_estate_listings_all.csv,1144,La Soukra - Soukra
https://www.tecnocasa.tn/vendre/appartement/grand-tunis/la-soukra/63098.html,https://cdn-media.medialabtc.it/tn/agencies/tuha6/estates/63098/images/366274/detail.jpeg,1,data\csv\tecnocasa_real_estate_listings_all.csv,996,La Soukra - Chotrana
https://www.tecnocasa.tn/vendre/appartement/grand-tunis/la-soukra/63429.html,https://cdn-media.medialabtc.it/tn/agencies/tuha6/estates/63429/images/364817/detail.jpeg,1,data\csv\tecnocasa_real_estate_listings_all.csv,1041,La Soukra - Chotrana
https://www.tecnocasa.tn/vendre/appartement/grand-tunis/la-soukra/63514.html,https://cdn-media.medialabtc.it/tn/agencies/tuha6/estates/63514/images/366185/detail.jpeg,1,data\csv\tecnocasa_real_estate_listings_all.csv,997,La Soukra - Chotrana
https://www.tecnocasa.tn/vendre/appartement/grand-tunis/la-soukra/63639.html,https://cdn-media.medialabtc.it/tn/agencies/tusk3/estates/63639/images/367456/detail.jpeg,1,data\csv\tecnocasa_real_estate_listings_all.csv,954,La Soukra - Soukra
https://www.tecnocasa.tn/vendre/appartement/grand-tunis/la-soukra/63656.html,https://cdn-media.medialabtc.it/tn/agencies/tusk3/estates/63656/images/367377/gallery_media.jpeg,1,data\csv\tecnocasa_real_estate_listings_all.csv,956,La Soukra - Soukra
https://www.tecnocasa.tn/vendre/appartement/grand-tunis/la-soukra/63656.html,https://cdn-media.medialabtc.it/tn/agencies/tusk3/estates/63656/images/367377/detail.jpeg,2,data\csv\tecnocasa_real_estate_listings_all.csv,956,La Soukra - Soukra
https://www.tecnocasa.tn/vendre/appartement/grand-tunis/la-soukra/63706.html,https://cdn-media.medialabtc.it/tn/agencies/tuha4/estates/63706/images/367442/detail.jpeg,1,data\csv\tecnocasa_real_estate_listings_all.csv,955,La Soukra - Soukra
https://www.tecnocasa.tn/vendre/appartement/grand-tunis/la-soukra/63782.html,https://cdn-media.medialabtc.it/tn/agencies/tusk3/estates/63782/images/368626/gallery_media.jpeg,1,data\csv\tecnocasa_real_estate_listings_all.csv,915,La Soukra - Soukra
https://www.tecnocasa.tn/vendre/appartement/grand-tunis/la-soukra/63782.html,https://cdn-media.medialabtc.it/tn/agencies/tusk3/estates/63782/images/368626/detail.jpeg,2,data\csv\tecnocasa_real_estate_listings_all.csv,915,La Soukra - Soukra
https://www.tecnocasa.tn/vendre/appartement/grand-tunis/lafayette-centre-ville/48072.html,https://cdn-media.medialabtc.it/tn/agencies/tucb1/estates/48072/images/363508/gallery_media.jpeg,1,data\csv\tecnocasa_real_estate_listings_all.csv,1061,Lafayette Centre Ville - Lafayette
https://www.tecnocasa.tn/vendre/appartement/grand-tunis/lafayette-centre-ville/48072.html,https://cdn-media.medialabtc.it/tn/agencies/tucb1/estates/48072/images/363508/detail.jpeg,2,data\csv\tecnocasa_real_estate_listings_all.csv,1061,Lafayette Centre Ville - Lafayette
https://www.tecnocasa.tn/vendre/appartement/grand-tunis/lafayette-centre-ville/49205.html,https://cdn-media.medialabtc.it/tn/agencies/tucb1/estates/49205/images/247741/detail.jpeg,1,data\csv\tecnocasa_real_estate_listings_all.csv,1458,Lafayette Centre Ville - centre-ville
https://www.tecnocasa.tn/vendre/appartement/grand-tunis/lafayette-centre-ville/53938.html,https://cdn-media.medialabtc.it/tn/agencies/tucb1/estates/53938/images/281232/detail.jpeg,1,data\csv\tecnocasa_real_estate_listings_all.csv,1366,Lafayette Centre Ville - Lafayette
https://www.tecnocasa.tn/vendre/appartement/grand-tunis/lafayette-centre-ville/54350.html,https://cdn-media.medialabtc.it/tn/agencies/tucb1/estates/54350/images/282067/detail.jpeg,1,data\csv\tecnocasa_real_estate_listings_all.csv,1278,Lafayette Centre Ville - Lafayette
https://www.tecnocasa.tn/vendre/appartement/grand-tunis/lafayette-centre-ville/56217.html,https://cdn-media.medialabtc.it/tn/agencies/tucb1/estates/56217/images/300820/detail.jpeg,1,data\csv\tecnocasa_real_estate_listings_all.csv,1353,Lafayette Centre Ville - centre-ville
https://www.tecnocasa.tn/vendre/appartement/grand-tunis/lafayette-centre-ville/58709.html,https://cdn-media.medialabtc.it/tn/agencies/tucb1/estates/58709/images/321669/gallery_media.jpeg,1,data\csv\tecnocasa_real_estate_listings_all.csv,1078,Lafayette Centre Ville - Lafayette
https://www.tecnocasa.tn/vendre/appartement/grand-tunis/lafayette-centre-ville/58709.html,https://cdn-media.medialabtc.it/tn/agencies/tucb1/estates/58709/images/321669/detail.jpeg,2,data\csv\tecnocasa_real_estate_listings_all.csv,1078,Lafayette Centre Ville - Lafayette
https://www.tecnocasa.tn/vendre/appartement/grand-tunis/lafayette-centre-ville/59478.html,https://cdn-media.medialabtc.it/tn/agencies/tucb1/estates/59478/images/331514/detail.jpeg,1,data\csv\tecnocasa_real_estate_listings_all.csv,1244,Lafayette Centre Ville - centre-ville
https://www.tecnocasa.tn/vendre/appartement/grand-tunis/lafayette-centre-ville/59581.html,https://cdn-media.medialabtc.it/tn/agencies/tucb1/estates/59581/images/329520/detail.jpeg,1,data\csv\tecnocasa_real_estate_listings_all.csv,1190,Lafayette Centre Ville - Lafayette
https://www.tecnocasa.tn/vendre/appartement/grand-tunis/lafayette-centre-ville/60741.html,https://cdn-media.medialabtc.it/tn/agencies/tucb1/estates/60741/images/340716/detail.jpeg,1,data\csv\tecnocasa_real_estate_listings_all.csv,1079,Lafayette Centre Ville - Lafayette
https://www.tecnocasa.tn/vendre/appartement/grand-tunis/lafayette-centre-ville/61050.html,https://cdn-media.medialabtc.it/tn/agencies/tucb1/estates/61050/images/363575/detail.jpeg,1,data\csv\tecnocasa_real_estate_listings_all.csv,1059,Lafayette Centre Ville - Lafayette
https://www.tecnocasa.tn/vendre/appartement/grand-tunis/lafayette-centre-ville/61278.html,https://cdn-media.medialabtc.it/tn/agencies/tucb1/estates/61278/images/347885/gallery_media.jpeg,1,data\csv\tecnocasa_real_estate_listings_all.csv,1243,Lafayette Centre Ville - centre-ville
https://www.tecnocasa.tn/vendre/appartement/grand-tunis/lafayette-centre-ville/61278.html,https://cdn-media.medialabtc.it/tn/agencies/tucb1/estates/61278/images/347885/detail.jpeg,2,data\csv\tecnocasa_real_estate_listings_all.csv,1243,Lafayette Centre Ville - centre-ville
https://www.tecnocasa.tn/vendre/appartement/grand-tunis/lafayette-centre-ville/62126.html,https://cdn-media.medialabtc.it/tn/agencies/tucb1/estates/62126/images/356705/gallery_media.jpeg,1,data\csv\tecnocasa_real_estate_listings_all.csv,1197,Lafayette Centre Ville - centre-ville
https://www.tecnocasa.tn/vendre/appartement/grand-tunis/lafayette-centre-ville/62179.html,https://cdn-media.medialabtc.it/tn/agencies/tucb1/estates/62179/images/355365/gallery_media.jpeg,1,data\csv\tecnocasa_real_estate_listings_all.csv,1212,Lafayette Centre Ville - Lafayette
https://www.tecnocasa.tn/vendre/appartement/grand-tunis/lafayette-centre-ville/62179.html,https://cdn-media.medialabtc.it/tn/agencies/tucb1/estates/62179/images/355365/detail.jpeg,2,data\csv\tecnocasa_real_estate_listings_all.csv,1212,Lafayette Centre Ville - Lafayette
https://www.tecnocasa.tn/vendre/appartement/grand-tunis/lafayette-centre-ville/62272.html,https://cdn-media.medialabtc.it/tn/agencies/tucb1/estates/62272/images/360270/detail.jpeg,1,data\csv\tecnocasa_real_estate_listings_all.csv,1124,Lafayette Centre Ville - Lafayette
https://www.tecnocasa.tn/vendre/appartement/grand-tunis/lafayette-centre-ville/63106.html,https://cdn-media.medialabtc.it/tn/agencies/tucb1/estates/63106/images/362058/detail.jpeg,1,data\csv\tecnocasa_real_estate_listings_all.csv,1099,Lafayette Centre Ville - Lafayette
https://www.tecnocasa.tn/vendre/appartement/grand-tunis/lafayette-centre-ville/63296.html,https://cdn-media.medialabtc.it/tn/agencies/tucb1/estates/63296/images/363625/detail.jpeg,1,data\csv\tecnocasa_real_estate_listings_all.csv,1058,Lafayette Centre Ville - Lafayette
https://www.tecnocasa.tn/vendre/appartement/grand-tunis/lafayette-centre-ville/63493.html,https://cdn-media.medialabtc.it/tn/agencies/tucb1/estates/63493/images/368109/detail.jpeg,1,data\csv\tecnocasa_real_estate_listings_all.csv,936,Lafayette Centre Ville - Lafayette
https://www.tecnocasa.tn/vendre/appartement/grand-tunis/le-bardo/52241.html,https://cdn-media.medialabtc.it/tn/agencies/tucg1/estates/52241/images/349501/detail.jpeg,1,data\csv\tecnocasa_real_estate_listings_all.csv,1269,Le Bardo - St Clement
https://www.tecnocasa.tn/vendre/appartement/grand-tunis/le-bardo/52242.html,https://cdn-media.medialabtc.it/tn/agencies/tucg1/estates/52242/images/263437/gallery_media.jpeg,1,data\csv\tecnocasa_real_estate_listings_all.csv,1270,Le Bardo - St Clement
https://www.tecnocasa.tn/vendre/appartement/grand-tunis/le-bardo/52242.html,https://cdn-media.medialabtc.it/tn/agencies/tucg1/estates/52242/images/263437/detail.jpeg,2,data\csv\tecnocasa_real_estate_listings_all.csv,1270,Le Bardo - St Clement
https://www.tecnocasa.tn/vendre/appartement/grand-tunis/le-bardo/52243.html,https://cdn-media.medialabtc.it/tn/agencies/tucg1/estates/52243/images/263456/gallery_media.jpeg,1,data\csv\tecnocasa_real_estate_listings_all.csv,1271,Le Bardo - St Clement
https://www.tecnocasa.tn/vendre/appartement/grand-tunis/le-bardo/52243.html,https://cdn-media.medialabtc.it/tn/agencies/tucg1/estates/52243/images/263456/detail.jpeg,2,data\csv\tecnocasa_real_estate_listings_all.csv,1271,Le Bardo - St Clement
https://www.tecnocasa.tn/vendre/appartement/grand-tunis/le-bardo/52244.html,https://cdn-media.medialabtc.it/tn/agencies/tucg1/estates/52244/images/349419/detail.jpeg,1,data\csv\tecnocasa_real_estate_listings_all.csv,1235,Le Bardo - St Clement
https://www.tecnocasa.tn/vendre/appartement/grand-tunis/le-bardo/52820.html,https://cdn-media.medialabtc.it/tn/agencies/tucg1/estates/52820/images/353407/detail.jpeg,1,data\csv\tecnocasa_real_estate_listings_all.csv,1230,Le Bardo - Bardo
https://www.tecnocasa.tn/vendre/appartement/grand-tunis/le-kram/61741.html,https://cdn-media.medialabtc.it/tn/agencies/tuma1/estates/61741/images/351835/detail.jpeg,1,data\csv\tecnocasa_real_estate_listings_all.csv,1247,Le Kram - Zone Activité Kheireddine
https://www.tecnocasa.tn/vendre/appartement/grand-tunis/le-kram/61742.html,https://cdn-media.medialabtc.it/tn/agencies/tuma1/estates/61742/images/351826/detail.jpeg,1,data\csv\tecnocasa_real_estate_listings_all.csv,1249,Le Kram - Zone Activité Kheireddine
https://www.tecnocasa.tn/vendre/appartement/grand-tunis/le-kram/61743.html,https://cdn-media.medialabtc.it/tn/agencies/tuma1/estates/61743/images/351824/detail.jpeg,1,data\csv\tecnocasa_real_estate_listings_all.csv,1250,Le Kram - Zone Activité Kheireddine
https://www.tecnocasa.tn/vendre/appartement/grand-tunis/les-berges-du-lac/62207.html,https://cdn-media.medialabtc.it/tn/agencies/tuca1/estates/62207/images/353793/detail.jpeg,1,data\csv\tecnocasa_real_estate_listings_all.csv,1201,Les Berges Du Lac - Les Berges Du Lac 1
https://www.tecnocasa.tn/vendre/appartement/grand-tunis/manar/50380.html,https://cdn-media.medialabtc.it/tn/agencies/tuch4/estates/50380/images/245425/detail.jpeg,1,data\csv\tecnocasa_real_estate_listings_all.csv,1403,Manar - Manar 1
https://www.tecnocasa.tn/vendre/appartement/grand-tunis/manar/56149.html,https://cdn-media.medialabtc.it/tn/agencies/tuch4/estates/56149/images/348420/detail.jpeg,1,data\csv\tecnocasa_real_estate_listings_all.csv,1037,Manar - Manar 1
https://www.tecnocasa.tn/vendre/appartement/grand-tunis/manar/56224.html,https://cdn-media.medialabtc.it/tn/agencies/tuch4/estates/56224/images/353890/gallery_media.jpeg,1,data\csv\tecnocasa_real_estate_listings_all.csv,1093,Manar - Manar 1
https://www.tecnocasa.tn/vendre/appartement/grand-tunis/manar/56224.html,https://cdn-media.medialabtc.it/tn/agencies/tuch4/estates/56224/images/353890/detail.jpeg,2,data\csv\tecnocasa_real_estate_listings_all.csv,1093,Manar - Manar 1
https://www.tecnocasa.tn/vendre/appartement/grand-tunis/manar/57936.html,https://cdn-media.medialabtc.it/tn/agencies/tuch4/estates/57936/images/315078/detail.jpeg,1,data\csv\tecnocasa_real_estate_listings_all.csv,1312,Manar - Manar 1
https://www.tecnocasa.tn/vendre/appartement/grand-tunis/manar/58809.html,https://cdn-media.medialabtc.it/tn/agencies/tuch4/estates/58809/images/321299/detail.jpeg,1,data\csv\tecnocasa_real_estate_listings_all.csv,1382,Manar - Manar 1
https://www.tecnocasa.tn/vendre/appartement/grand-tunis/manar/59823.html,https://cdn-media.medialabtc.it/tn/agencies/tuch4/estates/59823/images/336795/detail.jpeg,1,data\csv\tecnocasa_real_estate_listings_all.csv,1321,Manar - Manar 1
https://www.tecnocasa.tn/vendre/appartement/grand-tunis/manar/62090.html,https://cdn-media.medialabtc.it/tn/agencies/tuch4/estates/62090/images/352794/detail.jpeg,1,data\csv\tecnocasa_real_estate_listings_all.csv,1065,Manar - Manar 1
https://www.tecnocasa.tn/vendre/appartement/grand-tunis/manar/62777.html,https://cdn-media.medialabtc.it/tn/agencies/tuch4/estates/62777/images/368622/gallery_media.jpeg,1,data\csv\tecnocasa_real_estate_listings_all.csv,916,Manar - Manar 1
https://www.tecnocasa.tn/vendre/appartement/grand-tunis/manar/62777.html,https://cdn-media.medialabtc.it/tn/agencies/tuch4/estates/62777/images/368622/detail.jpeg,2,data\csv\tecnocasa_real_estate_listings_all.csv,916,Manar - Manar 1
https://www.tecnocasa.tn/vendre/appartement/grand-tunis/medina-jedida/58099.html,https://cdn-media.medialabtc.it/tn/agencies/tuhd4/estates/58099/images/318600/detail.jpeg,1,data\csv\tecnocasa_real_estate_listings_all.csv,1430,"Medina Jedida, Medina jedida - Madina Jadida"
https://www.tecnocasa.tn/vendre/appartement/grand-tunis/medina-jedida/58752.html,https://cdn-media.medialabtc.it/tn/agencies/tuhd4/estates/58752/images/344664/detail.jpeg,1,data\csv\tecnocasa_real_estate_listings_all.csv,1179,"Medina Jedida, Avenue De La Republique - Madina Jadida"
https://www.tecnocasa.tn/vendre/appartement/grand-tunis/medina-jedida/59101.html,https://cdn-media.medialabtc.it/tn/agencies/tuhd4/estates/59101/images/327091/detail.jpeg,1,data\csv\tecnocasa_real_estate_listings_all.csv,1414,"Medina Jedida, Av. de la République - Madina Jadida"
https://www.tecnocasa.tn/vendre/appartement/grand-tunis/medina-jedida/60789.html,https://cdn-media.medialabtc.it/tn/agencies/tuhd4/estates/60789/images/340941/detail.jpeg,1,data\csv\tecnocasa_real_estate_listings_all.csv,1350,"Medina Jedida, Rue R34 - Madina Jadida"
https://www.tecnocasa.tn/vendre/appartement/grand-tunis/medina-jedida/60905.html,https://cdn-media.medialabtc.it/tn/agencies/tuhd4/estates/60905/images/344554/detail.jpeg,1,data\csv\tecnocasa_real_estate_listings_all.csv,1322,"Medina Jedida, Rue R34 - Madina Jadida"
https://www.tecnocasa.tn/vendre/appartement/grand-tunis/medina-jedida/61411.html,https://cdn-media.medialabtc.it/tn/agencies/tuhd4/estates/61411/images/350817/gallery_media.jpeg,1,data\csv\tecnocasa_real_estate_listings_all.csv,1257,"Medina Jedida, Medina Jdida - Madina Jadida"
https://www.tecnocasa.tn/vendre/appartement/grand-tunis/medina-jedida/61411.html,https://cdn-media.medialabtc.it/tn/agencies/tuhd4/estates/61411/images/350817/detail.jpeg,2,data\csv\tecnocasa_real_estate_listings_all.csv,1257,"Medina Jedida, Medina Jdida - Madina Jadida"
https://www.tecnocasa.tn/vendre/appartement/grand-tunis/medina-jedida/62321.html,https://cdn-media.medialabtc.it/tn/agencies/tuhd4/estates/62321/images/364136/detail.jpeg,1,data\csv\tecnocasa_real_estate_listings_all.csv,1050,"Medina Jedida, Rue R34 - Madina Jadida"
https://www.tecnocasa.tn/vendre/appartement/grand-tunis/medina-jedida/62737.html,https://cdn-media.medialabtc.it/tn/agencies/tuhd4/estates/62737/images/359255/detail.jpeg,1,data\csv\tecnocasa_real_estate_listings_all.csv,1142,"Medina Jedida, Av. De La Republique - Madina Jadida"
https://www.tecnocasa.tn/vendre/appartement/grand-tunis/medina-jedida/62803.html,https://cdn-media.medialabtc.it/tn/agencies/tuhd4/estates/62803/images/359858/detail.jpeg,1,data\csv\tecnocasa_real_estate_listings_all.csv,1133,"Medina Jedida, Medina Jadida - Madina Jadida"
https://www.tecnocasa.tn/vendre/appartement/grand-tunis/medina-jedida/62933.html,https://cdn-media.medialabtc.it/tn/agencies/tuhd4/estates/62933/images/360021/detail.jpeg,1,data\csv\tecnocasa_real_estate_listings_all.csv,1129,"Medina Jedida, Rue R34 - Madina Jadida"
https://www.tecnocasa.tn/vendre/appartement/grand-tunis/medina-jedida/63150.html,https://cdn-media.medialabtc.it/tn/agencies/tuhd4/estates/63150/images/364131/detail.jpeg,1,data\csv\tecnocasa_real_estate_listings_all.csv,1051,"Medina Jedida, Nouvelle medina 3 - Madina Jadida"
https://www.tecnocasa.tn/vendre/appartement/grand-tunis/medina-jedida/63196.html,https://cdn-media.medialabtc.it/tn/agencies/tuhd4/estates/63196/images/364059/detail.jpeg,1,data\csv\tecnocasa_real_estate_listings_all.csv,1052,"Medina Jedida, Avenue de la république - Madina Jadida"
https://www.tecnocasa.tn/vendre/appartement/grand-tunis/medina-jedida/63246.html,https://cdn-media.medialabtc.it/tn/agencies/tuhd4/estates/63246/images/364128/detail.jpeg,1,data\csv\tecnocasa_real_estate_listings_all.csv,1023,"Medina Jedida, Av. de la République - Madina Jadida"
https://www.tecnocasa.tn/vendre/appartement/grand-tunis/megrine/52789.html,https://cdn-media.medialabtc.it/tn/agencies/tucc1/estates/52789/images/267654/detail.jpeg,1,data\csv\tecnocasa_real_estate_listings_all.csv,1013,"Mégrine, Résidance Galaxy - Megrine"
https://www.tecnocasa.tn/vendre/appartement/grand-tunis/megrine/58695.html,https://cdn-media.medialabtc.it/tn/agencies/tucc1/estates/58695/images/326036/detail.jpeg,1,data\csv\tecnocasa_real_estate_listings_all.csv,1015,Mégrine - Megrine
https://www.tecnocasa.tn/vendre/appartement/grand-tunis/mutuelleville/53168.html,https://cdn-media.medialabtc.it/tn/agencies/tuch3/estates/53168/images/369594/detail.jpeg,1,data\csv\tecnocasa_real_estate_listings_all.csv,1283,Mutuelleville - Notre Dame
https://www.tecnocasa.tn/vendre/appartement/grand-tunis/mutuelleville/55499.html,https://cdn-media.medialabtc.it/tn/agencies/tuch3/estates/55499/images/302507/detail.jpeg,1,data\csv\tecnocasa_real_estate_listings_all.csv,944,Mutuelleville - Cité Des Jardins
https://www.tecnocasa.tn/vendre/appartement/grand-tunis/mutuelleville/60104.html,https://cdn-media.medialabtc.it/tn/agencies/tuch3/estates/60104/images/341446/detail.jpeg,1,data\csv\tecnocasa_real_estate_listings_all.csv,1282,Mutuelleville - Notre Dame
https://www.tecnocasa.tn/vendre/appartement/grand-tunis/rades/53769.html,https://cdn-media.medialabtc.it/tn/agencies/turd1/estates/53769/images/345829/detail.jpeg,1,data\csv\tecnocasa_real_estate_listings_all.csv,1293,Radés - Cité Olympique
https://www.tecnocasa.tn/vendre/appartement/grand-tunis/rades/57518.html,https://cdn-media.medialabtc.it/tn/agencies/turd1/estates/57518/images/332271/gallery_media.jpeg,1,data\csv\tecnocasa_real_estate_listings_all.csv,1167,"Radés, Bloc B35 Cité Olympique - Cité Olympique"
https://www.tecnocasa.tn/vendre/appartement/grand-tunis/rades/57518.html,https://cdn-media.medialabtc.it/tn/agencies/turd1/estates/57518/images/332271/detail.jpeg,2,data\csv\tecnocasa_real_estate_listings_all.csv,1167,"Radés, Bloc B35 Cité Olympique - Cité Olympique"
https://www.tecnocasa.tn/vendre/appartement/grand-tunis/rades/59236.html,https://cdn-media.medialabtc.it/tn/agencies/turd1/estates/59236/images/329273/gallery_media.jpeg,1,data\csv\tecnocasa_real_estate_listings_all.csv,1166,"Radés, Bloc B19 Cité Olympique - Cité Olympique"
https://www.tecnocasa.tn/vendre/appartement/grand-tunis/rades/59236.html,https://cdn-media.medialabtc.it/tn/agencies/turd1/estates/59236/images/329273/detail.jpeg,2,data\csv\tecnocasa_real_estate_listings_all.csv,1166,"Radés, Bloc B19 Cité Olympique - Cité Olympique"
https://www.tecnocasa.tn/vendre/appartement/grand-tunis/rades/60032.html,https://cdn-media.medialabtc.it/tn/agencies/turd1/estates/60032/images/354089/detail.jpeg,1,data\csv\tecnocasa_real_estate_listings_all.csv,1162,"Radés, Bloc B Résidence Fares - Rades Meliane"
https://www.tecnocasa.tn/vendre/appartement/grand-tunis/rades/60053.html,https://cdn-media.medialabtc.it/tn/agencies/turd1/estates/60053/images/334863/detail.jpeg,1,data\csv\tecnocasa_real_estate_listings_all.csv,1160,"Radés, BLoc Olympia Résidence Olympia - Rades Meliane"
https://www.tecnocasa.tn/vendre/appartement/grand-tunis/rades/60071.html,https://cdn-media.medialabtc.it/tn/agencies/turd1/estates/60071/images/334585/detail.jpeg,1,data\csv\tecnocasa_real_estate_listings_all.csv,1161,"Radés, Bloc B28 Cité olympique - Cité Olympique"
https://www.tecnocasa.tn/vendre/appartement/grand-tunis/rades/60226.html,https://cdn-media.medialabtc.it/tn/agencies/turd1/estates/60226/images/335627/detail.jpeg,1,data\csv\tecnocasa_real_estate_listings_all.csv,1159,"Radés, Bloc B10 Cité Olympique - Cité Olympique"
https://www.tecnocasa.tn/vendre/appartement/grand-tunis/rades/60395.html,https://cdn-media.medialabtc.it/tn/agencies/turd1/estates/60395/images/337577/detail.jpeg,1,data\csv\tecnocasa_real_estate_listings_all.csv,1158,"Radés, Bloc D Résidence Maxula Ezzahr - Rades Meliane"
https://www.tecnocasa.tn/vendre/appartement/grand-tunis/rades/60424.html,https://cdn-media.medialabtc.it/tn/agencies/turd1/estates/60424/images/341962/detail.jpeg,1,data\csv\tecnocasa_real_estate_listings_all.csv,1155,"Radés, Bloc B16 Cité olympique - Cité Olympique"
https://www.tecnocasa.tn/vendre/appartement/grand-tunis/rades/60971.html,https://cdn-media.medialabtc.it/tn/agencies/turd1/estates/60971/images/348961/detail.jpeg,1,data\csv\tecnocasa_real_estate_listings_all.csv,1081,"Radés, Bloc Carrefour City Résidence Carrefour City - Rades Meliane"
https://www.tecnocasa.tn/vendre/appartement/grand-tunis/rades/62103.html,https://cdn-media.medialabtc.it/tn/agencies/turd1/estates/62103/images/354179/gallery_media.jpeg,1,data\csv\tecnocasa_real_estate_listings_all.csv,1168,"Radés, Rue N1 - Rades Forêt"
https://www.tecnocasa.tn/vendre/appartement/grand-tunis/rades/62103.html,https://cdn-media.medialabtc.it/tn/agencies/turd1/estates/62103/images/354179/detail.jpeg,2,data\csv\tecnocasa_real_estate_listings_all.csv,1168,"Radés, Rue N1 - Rades Forêt"
https://www.tecnocasa.tn/vendre/appartement/grand-tunis/rades/62292.html,https://cdn-media.medialabtc.it/tn/agencies/turd1/estates/62292/images/358231/detail.jpeg,1,data\csv\tecnocasa_real_estate_listings_all.csv,1008,"Radés, Avenue Taib Mhiri - Cité Mohamed Ali"
https://www.tecnocasa.tn/vendre/appartement/grand-tunis/rades/62779.html,https://cdn-media.medialabtc.it/tn/agencies/turd1/estates/62779/images/358175/detail.jpeg,1,data\csv\tecnocasa_real_estate_listings_all.csv,1131,"Radés, Rades foret - Rades Forêt"
https://www.tecnocasa.tn/vendre/appartement/grand-tunis/rades/62811.html,https://cdn-media.medialabtc.it/tn/agencies/turd1/estates/62811/images/362655/detail.jpeg,1,data\csv\tecnocasa_real_estate_listings_all.csv,1083,"Radés, Bloc B Résidence Fares - Rades Meliane"
https://www.tecnocasa.tn/vendre/appartement/grand-tunis/rades/63212.html,https://cdn-media.medialabtc.it/tn/agencies/turd1/estates/63212/images/362257/detail.jpeg,1,data\csv\tecnocasa_real_estate_listings_all.csv,1064,"Radés, Bloc B45 Cité Olympique - Cité Olympique"
https://www.tecnocasa.tn/vendre/appartement/grand-tunis/rades/63342.html,https://cdn-media.medialabtc.it/tn/agencies/turd1/estates/63342/images/363430/gallery_media.jpeg,1,data\csv\tecnocasa_real_estate_listings_all.csv,1063,"Radés, Rades foret - Rades Forêt"
https://www.tecnocasa.tn/vendre/appartement/grand-tunis/rades/63342.html,https://cdn-media.medialabtc.it/tn/agencies/turd1/estates/63342/images/363430/detail.jpeg,2,data\csv\tecnocasa_real_estate_listings_all.csv,1063,"Radés, Rades foret - Rades Forêt"
https://www.tecnocasa.tn/vendre/appartement/grand-tunis/rades/63412.html,https://cdn-media.medialabtc.it/tn/agencies/turd1/estates/63412/images/364372/gallery_media.jpeg,1,data\csv\tecnocasa_real_estate_listings_all.csv,1002,"Radés, Bloc D Résidence Les Flamants Roses - Rades Meliane"
https://www.tecnocasa.tn/vendre/appartement/grand-tunis/rades/63412.html,https://cdn-media.medialabtc.it/tn/agencies/turd1/estates/63412/images/364372/detail.jpeg,2,data\csv\tecnocasa_real_estate_listings_all.csv,1002,"Radés, Bloc D Résidence Les Flamants Roses - Rades Meliane"
https://www.tecnocasa.tn/vendre/appartement/kairouan/kairouan/40853.html,https://cdn-media.medialabtc.it/tn/agencies/kair1/estates/40853/images/230685/detail.jpeg,1,data\csv\tecnocasa_real_estate_listings_all.csv,256,"Kairouan, Rue ibn zamaa el balaoui"
https://www.tecnocasa.tn/vendre/appartement/kairouan/kairouan/40854.html,https://cdn-media.medialabtc.it/tn/agencies/kair1/estates/40854/images/229986/detail.jpeg,1,data\csv\tecnocasa_real_estate_listings_all.csv,257,"Kairouan, Rue ibn zamaa el balaoui"
https://www.tecnocasa.tn/vendre/appartement/kairouan/kairouan/49183.html,https://cdn-media.medialabtc.it/tn/agencies/kair1/estates/49183/images/255022/gallery_media.jpeg,1,data\csv\tecnocasa_real_estate_listings_all.csv,253,"Kairouan, Rue MAnar"
https://www.tecnocasa.tn/vendre/appartement/kairouan/kairouan/49183.html,https://cdn-media.medialabtc.it/tn/agencies/kair1/estates/49183/images/255022/detail.jpeg,2,data\csv\tecnocasa_real_estate_listings_all.csv,253,"Kairouan, Rue MAnar"
https://www.tecnocasa.tn/vendre/appartement/kairouan/kairouan/49184.html,https://cdn-media.medialabtc.it/tn/agencies/kair1/estates/49184/images/261379/detail.jpeg,1,data\csv\tecnocasa_real_estate_listings_all.csv,255,"Kairouan, Rue MAnar"
https://www.tecnocasa.tn/vendre/appartement/kairouan/kairouan/54861.html,https://cdn-media.medialabtc.it/tn/agencies/kair1/estates/54861/images/292496/detail.jpeg,1,data\csv\tecnocasa_real_estate_listings_all.csv,263,"Kairouan, Rue Ibn Gouta"
https://www.tecnocasa.tn/vendre/appartement/kairouan/kairouan/55230.html,https://cdn-media.medialabtc.it/tn/agencies/kair1/estates/55230/images/312439/detail.jpeg,1,data\csv\tecnocasa_real_estate_listings_all.csv,266,"Kairouan, Rue gouvernorat"
https://www.tecnocasa.tn/vendre/appartement/kairouan/kairouan/55836.html,https://cdn-media.medialabtc.it/tn/agencies/kair1/estates/55836/images/300250/detail.jpeg,1,data\csv\tecnocasa_real_estate_listings_all.csv,268,"Kairouan, Rue cape town"
https://www.tecnocasa.tn/vendre/appartement/kairouan/kairouan/55838.html,https://cdn-media.medialabtc.it/tn/agencies/kair1/estates/55838/images/299434/detail.jpeg,1,data\csv\tecnocasa_real_estate_listings_all.csv,267,"Kairouan, Cité Manar , Rue Cape Town"
https://www.tecnocasa.tn/vendre/appartement/kairouan/kairouan/57819.html,https://cdn-media.medialabtc.it/tn/agencies/kair1/estates/57819/images/328176/gallery_media.jpeg,1,data\csv\tecnocasa_real_estate_listings_all.csv,236,"Kairouan, Cité manar kairouan"
https://www.tecnocasa.tn/vendre/appartement/kairouan/kairouan/57819.html,https://cdn-media.medialabtc.it/tn/agencies/kair1/estates/57819/images/328176/detail.jpeg,2,data\csv\tecnocasa_real_estate_listings_all.csv,236,"Kairouan, Cité manar kairouan"
https://www.tecnocasa.tn/vendre/appartement/kairouan/kairouan/61584.html,https://cdn-media.medialabtc.it/tn/agencies/kair1/estates/61584/images/348632/detail.jpeg,1,data\csv\tecnocasa_real_estate_listings_all.csv,269,"Kairouan, Rue el Manar 3"
https://www.tecnocasa.tn/vendre/appartement/kairouan/kairouan/61603.html,https://cdn-media.medialabtc.it/tn/agencies/kair1/estates/61603/images/348665/detail.jpeg,1,data\csv\tecnocasa_real_estate_listings_all.csv,273,"Kairouan, Rue el Manar 3"
https://www.tecnocasa.tn/vendre/appartement/kairouan/kairouan/62860.html,https://cdn-media.medialabtc.it/tn/agencies/kair1/estates/62860/images/364265/gallery_media.jpeg,1,data\csv\tecnocasa_real_estate_listings_all.csv,261,"Kairouan, Avenue de la république"
https://www.tecnocasa.tn/vendre/appartement/kairouan/kairouan/62860.html,https://cdn-media.medialabtc.it/tn/agencies/kair1/estates/62860/images/364265/detail.jpeg,2,data\csv\tecnocasa_real_estate_listings_all.csv,261,"Kairouan, Avenue de la république"
https://www.tecnocasa.tn/vendre/appartement/mahdia/baghdedi/56233.html,https://cdn-media.medialabtc.it/tn/agencies/moca9/estates/56233/images/301856/detail.jpeg,1,data\csv\tecnocasa_real_estate_listings_all.csv,387,Baghdedi
https://www.tecnocasa.tn/vendre/appartement/mahdia/baghdedi/56400.html,https://cdn-media.medialabtc.it/tn/agencies/moca9/estates/56400/images/315651/gallery_media.jpeg,1,data\csv\tecnocasa_real_estate_listings_all.csv,320,Baghdedi
https://www.tecnocasa.tn/vendre/appartement/mahdia/baghdedi/56400.html,https://cdn-media.medialabtc.it/tn/agencies/moca9/estates/56400/images/315651/detail.jpeg,2,data\csv\tecnocasa_real_estate_listings_all.csv,320,Baghdedi
https://www.tecnocasa.tn/vendre/appartement/mahdia/baghdedi/58018.html,https://cdn-media.medialabtc.it/tn/agencies/moca9/estates/58018/images/315693/gallery_media.jpeg,1,data\csv\tecnocasa_real_estate_listings_all.csv,335,Baghdedi
https://www.tecnocasa.tn/vendre/appartement/mahdia/baghdedi/58018.html,https://cdn-media.medialabtc.it/tn/agencies/moca9/estates/58018/images/315693/detail.jpeg,2,data\csv\tecnocasa_real_estate_listings_all.csv,335,Baghdedi
https://www.tecnocasa.tn/vendre/appartement/mahdia/baghdedi/60224.html,https://cdn-media.medialabtc.it/tn/agencies/moca9/estates/60224/images/354368/gallery_media.jpeg,1,data\csv\tecnocasa_real_estate_listings_all.csv,365,Baghdedi
https://www.tecnocasa.tn/vendre/appartement/mahdia/baghdedi/60224.html,https://cdn-media.medialabtc.it/tn/agencies/moca9/estates/60224/images/354368/detail.jpeg,2,data\csv\tecnocasa_real_estate_listings_all.csv,365,Baghdedi
https://www.tecnocasa.tn/vendre/appartement/mahdia/baghdedi/60871.html,https://cdn-media.medialabtc.it/tn/agencies/moca9/estates/60871/images/343277/detail.jpeg,1,data\csv\tecnocasa_real_estate_listings_all.csv,322,Baghdedi
https://www.tecnocasa.tn/vendre/appartement/mahdia/baghdedi/63091.html,https://cdn-media.medialabtc.it/tn/agencies/moca9/estates/63091/images/362502/detail.jpeg,1,data\csv\tecnocasa_real_estate_listings_all.csv,327,Baghdedi
https://www.tecnocasa.tn/vendre/appartement/mahdia/baghdedi/63117.html,https://cdn-media.medialabtc.it/tn/agencies/moca9/estates/63117/images/362050/gallery_media.jpeg,1,data\csv\tecnocasa_real_estate_listings_all.csv,319,Baghdedi
https://www.tecnocasa.tn/vendre/appartement/mahdia/baghdedi/63117.html,https://cdn-media.medialabtc.it/tn/agencies/moca9/estates/63117/images/362050/detail.jpeg,2,data\csv\tecnocasa_real_estate_listings_all.csv,319,Baghdedi
https://www.tecnocasa.tn/vendre/appartement/mahdia/baghdedi/63119.html,https://cdn-media.medialabtc.it/tn/agencies/moca9/estates/63119/images/362291/detail.jpeg,1,data\csv\tecnocasa_real_estate_listings_all.csv,328,Baghdedi
https://www.tecnocasa.tn/vendre/appartement/mahdia/chebba/58532.html,https://cdn-media.medialabtc.it/tn/agencies/mdca5/estates/58532/images/321289/detail.jpeg,1,data\csv\tecnocasa_real_estate_listings_all.csv,369,Chebba
https://www.tecnocasa.tn/vendre/appartement/mahdia/chebba/59599.html,https://cdn-media.medialabtc.it/tn/agencies/mdca5/estates/59599/images/334669/detail.jpeg,1,data\csv\tecnocasa_real_estate_listings_all.csv,370,Chebba
https://www.tecnocasa.tn/vendre/appartement/mahdia/chebba/61293.html,https://cdn-media.medialabtc.it/tn/agencies/mdca5/estates/61293/images/346483/detail.jpeg,1,data\csv\tecnocasa_real_estate_listings_all.csv,375,Chebba
https://www.tecnocasa.tn/vendre/appartement/mahdia/chebba/62466.html,https://cdn-media.medialabtc.it/tn/agencies/mdca5/estates/62466/images/358342/detail.jpeg,1,data\csv\tecnocasa_real_estate_listings_all.csv,341,Chebba
https://www.tecnocasa.tn/vendre/appartement/mahdia/ksour-essef/60835.html,https://cdn-media.medialabtc.it/tn/agencies/mdca4/estates/60835/images/341770/detail.jpeg,1,data\csv\tecnocasa_real_estate_listings_all.csv,361,Ksour Essef
https://www.tecnocasa.tn/vendre/appartement/mahdia/mahdia/42671.html,https://cdn-media.medialabtc.it/tn/agencies/mdca1/estates/42671/images/330872/detail.jpeg,1,data\csv\tecnocasa_real_estate_listings_all.csv,401,Mahdia - Zouila
https://www.tecnocasa.tn/vendre/appartement/mahdia/mahdia/50053.html,https://cdn-media.medialabtc.it/tn/agencies/mdca1/estates/50053/images/242664/detail.jpeg,1,data\csv\tecnocasa_real_estate_listings_all.csv,283,Mahdia - Mahdia Centre-ville
https://www.tecnocasa.tn/vendre/appartement/mahdia/mahdia/50894.html,https://cdn-media.medialabtc.it/tn/agencies/mdca1/estates/50894/images/363708/detail.jpeg,1,data\csv\tecnocasa_real_estate_listings_all.csv,280,Mahdia - Hiboun
https://www.tecnocasa.tn/vendre/appartement/mahdia/mahdia/51271.html,https://cdn-media.medialabtc.it/tn/agencies/mdca1/estates/51271/images/256895/gallery_media.jpeg,1,data\csv\tecnocasa_real_estate_listings_all.csv,277,Mahdia - Zouila
https://www.tecnocasa.tn/vendre/appartement/mahdia/mahdia/51271.html,https://cdn-media.medialabtc.it/tn/agencies/mdca1/estates/51271/images/256895/detail.jpeg,2,data\csv\tecnocasa_real_estate_listings_all.csv,277,Mahdia - Zouila
https://www.tecnocasa.tn/vendre/appartement/mahdia/mahdia/58275.html,https://cdn-media.medialabtc.it/tn/agencies/mdca2/estates/58275/images/321626/detail.jpeg,1,data\csv\tecnocasa_real_estate_listings_all.csv,300,Mahdia - Zone Touristique Mahdia
https://www.tecnocasa.tn/vendre/appartement/mahdia/mahdia/58531.html,https://cdn-media.medialabtc.it/tn/agencies/mdca2/estates/58531/images/318477/detail.jpeg,1,data\csv\tecnocasa_real_estate_listings_all.csv,302,Mahdia - Zone Touristique Mahdia
https://www.tecnocasa.tn/vendre/appartement/mahdia/mahdia/58873.html,https://cdn-media.medialabtc.it/tn/agencies/mdca2/estates/58873/images/348931/detail.jpeg,1,data\csv\tecnocasa_real_estate_listings_all.csv,301,Mahdia - Zone Touristique Mahdia
https://www.tecnocasa.tn/vendre/appartement/mahdia/mahdia/60679.html,https://cdn-media.medialabtc.it/tn/agencies/mdca2/estates/60679/images/348876/detail.jpeg,1,data\csv\tecnocasa_real_estate_listings_all.csv,307,Mahdia - Zone Touristique Mahdia
https://www.tecnocasa.tn/vendre/appartement/mahdia/mahdia/60826.html,https://cdn-media.medialabtc.it/tn/agencies/mdca2/estates/60826/images/341759/detail.jpeg,1,data\csv\tecnocasa_real_estate_listings_all.csv,308,Mahdia - Zone Touristique Mahdia
https://www.tecnocasa.tn/vendre/appartement/mahdia/mahdia/61301.html,https://cdn-media.medialabtc.it/tn/agencies/mdca1/estates/61301/images/346220/detail.jpeg,1,data\csv\tecnocasa_real_estate_listings_all.csv,278,Mahdia - Zouila
https://www.tecnocasa.tn/vendre/appartement/mahdia/mahdia/61329.html,https://cdn-media.medialabtc.it/tn/agencies/mdca1/estates/61329/images/346210/gallery_media.jpeg,1,data\csv\tecnocasa_real_estate_listings_all.csv,290,Mahdia - Mahdia Centre-ville
https://www.tecnocasa.tn/vendre/appartement/mahdia/mahdia/61329.html,https://cdn-media.medialabtc.it/tn/agencies/mdca1/estates/61329/images/346210/detail.jpeg,2,data\csv\tecnocasa_real_estate_listings_all.csv,290,Mahdia - Mahdia Centre-ville
https://www.tecnocasa.tn/vendre/appartement/mahdia/mahdia/62151.html,https://cdn-media.medialabtc.it/tn/agencies/mdca2/estates/62151/images/356713/detail.jpeg,1,data\csv\tecnocasa_real_estate_listings_all.csv,299,Mahdia - Zone Touristique Mahdia
https://www.tecnocasa.tn/vendre/appartement/mahdia/mahdia/62497.html,https://cdn-media.medialabtc.it/tn/agencies/mdca2/estates/62497/images/360171/detail.jpeg,1,data\csv\tecnocasa_real_estate_listings_all.csv,293,Mahdia - Zone Touristique Mahdia
https://www.tecnocasa.tn/vendre/appartement/mahdia/mahdia/62717.html,https://cdn-media.medialabtc.it/tn/agencies/mdca2/estates/62717/images/367321/detail.jpeg,1,data\csv\tecnocasa_real_estate_listings_all.csv,294,Mahdia - Cité Erraoudha
https://www.tecnocasa.tn/vendre/appartement/mahdia/mahdia/62756.html,https://cdn-media.medialabtc.it/tn/agencies/mdca1/estates/62756/images/357941/gallery_media.jpeg,1,data\csv\tecnocasa_real_estate_listings_all.csv,291,Mahdia - Mahdia Centre-ville
https://www.tecnocasa.tn/vendre/appartement/mahdia/mahdia/62756.html,https://cdn-media.medialabtc.it/tn/agencies/mdca1/estates/62756/images/357941/detail.jpeg,2,data\csv\tecnocasa_real_estate_listings_all.csv,291,Mahdia - Mahdia Centre-ville
https://www.tecnocasa.tn/vendre/appartement/mahdia/mahdia/63266.html,https://cdn-media.medialabtc.it/tn/agencies/mdca1/estates/63266/images/363703/detail.jpeg,1,data\csv\tecnocasa_real_estate_listings_all.csv,292,Mahdia - Zouila
https://www.tecnocasa.tn/vendre/appartement/mahdia/mahdia/63669.html,https://cdn-media.medialabtc.it/tn/agencies/mdca1/estates/63669/images/367834/detail.jpeg,1,data\csv\tecnocasa_real_estate_listings_all.csv,281,Mahdia - Mahdia Centre-ville
https://www.tecnocasa.tn/vendre/appartement/mahdia/mahdia/63740.html,https://cdn-media.medialabtc.it/tn/agencies/mdca1/estates/63740/images/367520/detail.jpeg,1,data\csv\tecnocasa_real_estate_listings_all.csv,282,Mahdia - Zouila
https://www.tecnocasa.tn/vendre/appartement/mahdia/rejiche/59949.html,https://cdn-media.medialabtc.it/tn/agencies/mdca3/estates/59949/images/334502/detail.jpeg,1,data\csv\tecnocasa_real_estate_listings_all.csv,329,Rejiche
https://www.tecnocasa.tn/vendre/appartement/mahdia/rejiche/60499.html,https://cdn-media.medialabtc.it/tn/agencies/mdca3/estates/60499/images/343095/detail.jpeg,1,data\csv\tecnocasa_real_estate_listings_all.csv,324,"Rejiche, Avenue habib bourguiba"
https://www.tecnocasa.tn/vendre/appartement/mahdia/rejiche/61310.html,https://cdn-media.medialabtc.it/tn/agencies/mdca3/estates/61310/images/346606/detail.jpeg,1,data\csv\tecnocasa_real_estate_listings_all.csv,286,Rejiche
https://www.tecnocasa.tn/vendre/appartement/mahdia/rejiche/61312.html,https://cdn-media.medialabtc.it/tn/agencies/mdca3/estates/61312/images/346444/detail.jpeg,1,data\csv\tecnocasa_real_estate_listings_all.csv,323,Rejiche
https://www.tecnocasa.tn/vendre/appartement/mahdia/rejiche/61617.html,https://cdn-media.medialabtc.it/tn/agencies/mdca3/estates/61617/images/357366/detail.jpeg,1,data\csv\tecnocasa_real_estate_listings_all.csv,298,Rejiche
https://www.tecnocasa.tn/vendre/appartement/mahdia/rejiche/61780.html,https://cdn-media.medialabtc.it/tn/agencies/mdca3/estates/61780/images/352169/detail.jpeg,1,data\csv\tecnocasa_real_estate_listings_all.csv,368,Rejiche
https://www.tecnocasa.tn/vendre/appartement/mahdia/rejiche/63442.html,https://cdn-media.medialabtc.it/tn/agencies/mdca3/estates/63442/images/366125/gallery_media.jpeg,1,data\csv\tecnocasa_real_estate_listings_all.csv,304,Rejiche
https://www.tecnocasa.tn/vendre/appartement/mahdia/salakta/54636.html,https://cdn-media.medialabtc.it/tn/agencies/mdca4/estates/54636/images/348193/detail.jpeg,1,data\csv\tecnocasa_real_estate_listings_all.csv,315,"Salakta, Avenue Jool"
https://www.tecnocasa.tn/vendre/appartement/mahdia/salakta/54640.html,https://cdn-media.medialabtc.it/tn/agencies/mdca4/estates/54640/images/348208/detail.jpeg,1,data\csv\tecnocasa_real_estate_listings_all.csv,314,"Salakta, Avenue jool"
https://www.tecnocasa.tn/vendre/appartement/mahdia/salakta/58596.html,https://cdn-media.medialabtc.it/tn/agencies/mdca4/estates/58596/images/321388/detail.jpeg,1,data\csv\tecnocasa_real_estate_listings_all.csv,354,Salakta
https://www.tecnocasa.tn/vendre/appartement/mahdia/salakta/60667.html,https://cdn-media.medialabtc.it/tn/agencies/mdca4/estates/60667/images/343198/detail.jpeg,1,data\csv\tecnocasa_real_estate_listings_all.csv,332,Salakta
https://www.tecnocasa.tn/vendre/appartement/mahdia/salakta/60674.html,https://cdn-media.medialabtc.it/tn/agencies/mdca4/estates/60674/images/340520/detail.jpeg,1,data\csv\tecnocasa_real_estate_listings_all.csv,360,Salakta
https://www.tecnocasa.tn/vendre/appartement/mahdia/salakta/61063.html,https://cdn-media.medialabtc.it/tn/agencies/mdca4/estates/61063/images/347615/detail.jpeg,1,data\csv\tecnocasa_real_estate_listings_all.csv,339,Salakta
https://www.tecnocasa.tn/vendre/appartement/mahdia/salakta/61155.html,https://cdn-media.medialabtc.it/tn/agencies/mdca4/estates/61155/images/369105/detail.jpeg,1,data\csv\tecnocasa_real_estate_listings_all.csv,316,Salakta
https://www.tecnocasa.tn/vendre/appartement/mahdia/salakta/63414.html,https://cdn-media.medialabtc.it/tn/agencies/mdca4/estates/63414/images/364294/detail.jpeg,1,data\csv\tecnocasa_real_estate_listings_all.csv,309,Salakta
https://www.tecnocasa.tn/vendre/appartement/monastir/bekalta/57552.html,https://cdn-media.medialabtc.it/tn/agencies/moca9/estates/57552/images/363502/detail.jpeg,1,data\csv\tecnocasa_real_estate_listings_all.csv,428,Bekalta
https://www.tecnocasa.tn/vendre/appartement/monastir/ksar-hellal/63180.html,https://cdn-media.medialabtc.it/tn/agencies/moca5/estates/63180/images/361845/detail.jpeg,1,data\csv\tecnocasa_real_estate_listings_all.csv,442,Ksar Hellal
https://www.tecnocasa.tn/vendre/appartement/monastir/monastir/46456.html,https://cdn-media.medialabtc.it/tn/agencies/moca3/estates/46456/images/295775/detail.jpeg,1,data\csv\tecnocasa_real_estate_listings_all.csv,535,"Monastir, Lotissement jinen elouest zone touristique - Zone Touristique Monastir"
https://www.tecnocasa.tn/vendre/appartement/monastir/monastir/51426.html,https://cdn-media.medialabtc.it/tn/agencies/moca2/estates/51426/images/255271/detail.jpeg,1,data\csv\tecnocasa_real_estate_listings_all.csv,525,Monastir - Cité El Agba
https://www.tecnocasa.tn/vendre/appartement/monastir/monastir/53096.html,https://cdn-media.medialabtc.it/tn/agencies/moca1/estates/53096/images/288269/detail.jpeg,1,data\csv\tecnocasa_real_estate_listings_all.csv,515,Monastir - Cité Erriadh
https://www.tecnocasa.tn/vendre/appartement/monastir/monastir/53383.html,https://cdn-media.medialabtc.it/tn/agencies/moca7/estates/53383/images/271958/detail.jpeg,1,data\csv\tecnocasa_real_estate_listings_all.csv,539,"Monastir, La marina - Monastir Centre-Ville"
https://www.tecnocasa.tn/vendre/appartement/monastir/monastir/53392.html,https://cdn-media.medialabtc.it/tn/agencies/moca2/estates/53392/images/297786/detail.jpeg,1,data\csv\tecnocasa_real_estate_listings_all.csv,534,Monastir - Cité El Agba
https://www.tecnocasa.tn/vendre/appartement/monastir/monastir/53397.html,https://cdn-media.medialabtc.it/tn/agencies/moca2/estates/53397/images/331365/detail.jpeg,1,data\csv\tecnocasa_real_estate_listings_all.csv,516,Monastir - Cité El Agba
https://www.tecnocasa.tn/vendre/appartement/monastir/monastir/53413.html,https://cdn-media.medialabtc.it/tn/agencies/moca7/estates/53413/images/272059/detail.jpeg,1,data\csv\tecnocasa_real_estate_listings_all.csv,538,"Monastir, La marina - Monastir Centre-Ville"
https://www.tecnocasa.tn/vendre/appartement/monastir/monastir/55702.html,https://cdn-media.medialabtc.it/tn/agencies/moca3/estates/55702/images/294588/detail.jpeg,1,data\csv\tecnocasa_real_estate_listings_all.csv,536,"Monastir, Zone touristique - Zone Touristique Monastir"
https://www.tecnocasa.tn/vendre/appartement/monastir/monastir/56429.html,https://cdn-media.medialabtc.it/tn/agencies/moca2/estates/56429/images/341831/detail.jpeg,1,data\csv\tecnocasa_real_estate_listings_all.csv,491,Monastir - Cité El Agba
https://www.tecnocasa.tn/vendre/appartement/monastir/monastir/56710.html,https://cdn-media.medialabtc.it/tn/agencies/moca3/estates/56710/images/305370/gallery_media.jpeg,1,data\csv\tecnocasa_real_estate_listings_all.csv,452,"Monastir, Skanes Palmier - Skanes"
https://www.tecnocasa.tn/vendre/appartement/monastir/monastir/56710.html,https://cdn-media.medialabtc.it/tn/agencies/moca3/estates/56710/images/305370/detail.jpeg,2,data\csv\tecnocasa_real_estate_listings_all.csv,452,"Monastir, Skanes Palmier - Skanes"
https://www.tecnocasa.tn/vendre/appartement/monastir/monastir/57057.html,https://cdn-media.medialabtc.it/tn/agencies/moca2/estates/57057/images/318934/detail.jpeg,1,data\csv\tecnocasa_real_estate_listings_all.csv,523,Monastir - Cité El Agba
https://www.tecnocasa.tn/vendre/appartement/monastir/monastir/57077.html,https://cdn-media.medialabtc.it/tn/agencies/moca7/estates/57077/images/307038/gallery_media.jpeg,1,data\csv\tecnocasa_real_estate_listings_all.csv,526,"Monastir, Centre ville - Monastir Centre-Ville"
https://www.tecnocasa.tn/vendre/appartement/monastir/monastir/57077.html,https://cdn-media.medialabtc.it/tn/agencies/moca7/estates/57077/images/307038/detail.jpeg,2,data\csv\tecnocasa_real_estate_listings_all.csv,526,"Monastir, Centre ville - Monastir Centre-Ville"
https://www.tecnocasa.tn/vendre/appartement/monastir/monastir/57355.html,https://cdn-media.medialabtc.it/tn/agencies/moca2/estates/57355/images/344585/detail.jpeg,1,data\csv\tecnocasa_real_estate_listings_all.csv,488,Monastir - Cité El Agba
https://www.tecnocasa.tn/vendre/appartement/monastir/monastir/57943.html,https://cdn-media.medialabtc.it/tn/agencies/moca1/estates/57943/images/314132/detail.jpeg,1,data\csv\tecnocasa_real_estate_listings_all.csv,444,Monastir - Skanes La Falaise
https://www.tecnocasa.tn/vendre/appartement/monastir/monastir/59316.html,https://cdn-media.medialabtc.it/tn/agencies/moca2/estates/59316/images/330931/detail.jpeg,1,data\csv\tecnocasa_real_estate_listings_all.csv,518,Monastir - Cité El Agba
https://www.tecnocasa.tn/vendre/appartement/monastir/monastir/59640.html,https://cdn-media.medialabtc.it/tn/agencies/moca7/estates/59640/images/330312/detail.jpeg,1,data\csv\tecnocasa_real_estate_listings_all.csv,517,Monastir - Monastir Centre-Ville
https://www.tecnocasa.tn/vendre/appartement/monastir/monastir/59688.html,https://cdn-media.medialabtc.it/tn/agencies/moca2/estates/59688/images/335253/detail.jpeg,1,data\csv\tecnocasa_real_estate_listings_all.csv,489,Monastir - Cité El Agba
https://www.tecnocasa.tn/vendre/appartement/monastir/monastir/59982.html,https://cdn-media.medialabtc.it/tn/agencies/moca2/estates/59982/images/335272/detail.jpeg,1,data\csv\tecnocasa_real_estate_listings_all.csv,490,Monastir - Cité El Agba
https://www.tecnocasa.tn/vendre/appartement/monastir/monastir/60345.html,https://cdn-media.medialabtc.it/tn/agencies/moca2/estates/60345/images/337211/detail.jpeg,1,data\csv\tecnocasa_real_estate_listings_all.csv,457,"Monastir, Rue frina - Frina"
https://www.tecnocasa.tn/vendre/appartement/monastir/monastir/60707.html,https://cdn-media.medialabtc.it/tn/agencies/moca1/estates/60707/images/340705/gallery_media.jpeg,1,data\csv\tecnocasa_real_estate_listings_all.csv,481,Monastir - Cité Erriadh
https://www.tecnocasa.tn/vendre/appartement/monastir/monastir/60707.html,https://cdn-media.medialabtc.it/tn/agencies/moca1/estates/60707/images/340705/detail.jpeg,2,data\csv\tecnocasa_real_estate_listings_all.csv,481,Monastir - Cité Erriadh
https://www.tecnocasa.tn/vendre/appartement/monastir/monastir/61003.html,https://cdn-media.medialabtc.it/tn/agencies/moca7/estates/61003/images/344866/detail.jpeg,1,data\csv\tecnocasa_real_estate_listings_all.csv,484,"Monastir, Cité el omrane - Cité El Omrane"
https://www.tecnocasa.tn/vendre/appartement/monastir/monastir/61350.html,https://cdn-media.medialabtc.it/tn/agencies/moca2/estates/61350/images/347328/detail.jpeg,1,data\csv\tecnocasa_real_estate_listings_all.csv,479,"Monastir, Rue frina - Frina"
https://www.tecnocasa.tn/vendre/appartement/monastir/monastir/61353.html,https://cdn-media.medialabtc.it/tn/agencies/moca2/estates/61353/images/346244/gallery_media.jpeg,1,data\csv\tecnocasa_real_estate_listings_all.csv,483,"Monastir, Rue frina - Frina"
https://www.tecnocasa.tn/vendre/appartement/monastir/monastir/61353.html,https://cdn-media.medialabtc.it/tn/agencies/moca2/estates/61353/images/346244/detail.jpeg,2,data\csv\tecnocasa_real_estate_listings_all.csv,483,"Monastir, Rue frina - Frina"
https://www.tecnocasa.tn/vendre/appartement/monastir/monastir/61394.html,https://cdn-media.medialabtc.it/tn/agencies/moca7/estates/61394/images/346513/gallery_media.jpeg,1,data\csv\tecnocasa_real_estate_listings_all.csv,482,Monastir - Monastir Centre-Ville
https://www.tecnocasa.tn/vendre/appartement/monastir/monastir/61394.html,https://cdn-media.medialabtc.it/tn/agencies/moca7/estates/61394/images/346513/detail.jpeg,2,data\csv\tecnocasa_real_estate_listings_all.csv,482,Monastir - Monastir Centre-Ville
https://www.tecnocasa.tn/vendre/appartement/monastir/monastir/61445.html,https://cdn-media.medialabtc.it/tn/agencies/moca7/estates/61445/images/347197/detail.jpeg,1,data\csv\tecnocasa_real_estate_listings_all.csv,480,"Monastir, Rue chkoll - Monastir Centre-Ville"
https://www.tecnocasa.tn/vendre/appartement/monastir/monastir/61472.html,https://cdn-media.medialabtc.it/tn/agencies/moca7/estates/61472/images/347472/detail.jpeg,1,data\csv\tecnocasa_real_estate_listings_all.csv,478,"Monastir, Rue C100e - Cité El Omrane"
https://www.tecnocasa.tn/vendre/appartement/monastir/monastir/61485.html,https://cdn-media.medialabtc.it/tn/agencies/moca1/estates/61485/images/362320/gallery_media.jpeg,1,data\csv\tecnocasa_real_estate_listings_all.csv,437,Monastir - Skanes La Falaise
https://www.tecnocasa.tn/vendre/appartement/monastir/monastir/61485.html,https://cdn-media.medialabtc.it/tn/agencies/moca1/estates/61485/images/362320/detail.jpeg,2,data\csv\tecnocasa_real_estate_listings_all.csv,437,Monastir - Skanes La Falaise
https://www.tecnocasa.tn/vendre/appartement/monastir/monastir/61650.html,https://cdn-media.medialabtc.it/tn/agencies/moca3/estates/61650/images/349260/detail.jpeg,1,data\csv\tecnocasa_real_estate_listings_all.csv,432,"Monastir, Lotissement jinen elouest zone touristique - Zone Touristique Monastir"
https://www.tecnocasa.tn/vendre/appartement/monastir/monastir/61674.html,https://cdn-media.medialabtc.it/tn/agencies/moca1/estates/61674/images/364393/detail.jpeg,1,data\csv\tecnocasa_real_estate_listings_all.csv,415,Monastir - Monastir Centre-Ville
https://www.tecnocasa.tn/vendre/appartement/monastir/monastir/61718.html,https://cdn-media.medialabtc.it/tn/agencies/moca1/estates/61718/images/351077/detail.jpeg,1,data\csv\tecnocasa_real_estate_listings_all.csv,446,Monastir - Skanes La Falaise
https://www.tecnocasa.tn/vendre/appartement/monastir/monastir/61915.html,https://cdn-media.medialabtc.it/tn/agencies/moca1/estates/61915/images/371097/detail.jpeg,1,data\csv\tecnocasa_real_estate_listings_all.csv,413,Monastir - Monastir Centre-Ville
https://www.tecnocasa.tn/vendre/appartement/monastir/monastir/62116.html,https://cdn-media.medialabtc.it/tn/agencies/moca3/estates/62116/images/356722/detail.jpeg,1,data\csv\tecnocasa_real_estate_listings_all.csv,455,"Monastir, Rue skanes - Skanes"
https://www.tecnocasa.tn/vendre/appartement/monastir/monastir/62140.html,https://cdn-media.medialabtc.it/tn/agencies/moca2/estates/62140/images/353975/gallery_media.jpeg,1,data\csv\tecnocasa_real_estate_listings_all.csv,466,"Monastir, Rue frina - Frina"
https://www.tecnocasa.tn/vendre/appartement/monastir/monastir/62140.html,https://cdn-media.medialabtc.it/tn/agencies/moca2/estates/62140/images/353975/detail.jpeg,2,data\csv\tecnocasa_real_estate_listings_all.csv,466,"Monastir, Rue frina - Frina"
https://www.tecnocasa.tn/vendre/appartement/monastir/monastir/62345.html,https://cdn-media.medialabtc.it/tn/agencies/moca2/estates/62345/images/355321/detail.jpeg,1,data\csv\tecnocasa_real_estate_listings_all.csv,460,"Monastir, Résidence Rahma - Bloc A - Frina"
https://www.tecnocasa.tn/vendre/appartement/monastir/monastir/62885.html,https://cdn-media.medialabtc.it/tn/agencies/moca7/estates/62885/images/360731/detail.jpeg,1,data\csv\tecnocasa_real_estate_listings_all.csv,447,"Monastir, Rue ibn batouta - R6"
https://www.tecnocasa.tn/vendre/appartement/monastir/monastir/62963.html,https://cdn-media.medialabtc.it/tn/agencies/moca1/estates/62963/images/361738/detail.jpeg,1,data\csv\tecnocasa_real_estate_listings_all.csv,440,Monastir - Skanes La Falaise
https://www.tecnocasa.tn/vendre/appartement/monastir/monastir/63047.html,https://cdn-media.medialabtc.it/tn/agencies/moca3/estates/63047/images/367092/detail.jpeg,1,data\csv\tecnocasa_real_estate_listings_all.csv,416,"Monastir, Rue skanes tbaka 2 - Skanes"
https://www.tecnocasa.tn/vendre/appartement/monastir/monastir/63320.html,https://cdn-media.medialabtc.it/tn/agencies/moca2/estates/63320/images/364916/gallery_media.jpeg,1,data\csv\tecnocasa_real_estate_listings_all.csv,423,"Monastir, Im - 7 - Cité El Agba"
https://www.tecnocasa.tn/vendre/appartement/monastir/monastir/63320.html,https://cdn-media.medialabtc.it/tn/agencies/moca2/estates/63320/images/364916/detail.jpeg,2,data\csv\tecnocasa_real_estate_listings_all.csv,423,"Monastir, Im - 7 - Cité El Agba"
https://www.tecnocasa.tn/vendre/appartement/monastir/monastir/63698.html,https://cdn-media.medialabtc.it/tn/agencies/moca3/estates/63698/images/367226/detail.jpeg,1,data\csv\tecnocasa_real_estate_listings_all.csv,414,"Monastir, Rue skanes - Skanes"
https://www.tecnocasa.tn/vendre/appartement/monastir/sahline/53613.html,https://cdn-media.medialabtc.it/tn/agencies/moca4/estates/53613/images/279763/detail.jpeg,1,data\csv\tecnocasa_real_estate_listings_all.csv,486,"Sahline, Rue sahline"
https://www.tecnocasa.tn/vendre/appartement/monastir/sahline/54201.html,https://cdn-media.medialabtc.it/tn/agencies/moca4/estates/54201/images/279799/detail.jpeg,1,data\csv\tecnocasa_real_estate_listings_all.csv,537,"Sahline, Rue sahline"
https://www.tecnocasa.tn/vendre/appartement/monastir/sahline/56984.html,https://cdn-media.medialabtc.it/tn/agencies/moca4/estates/56984/images/311821/gallery_media.jpeg,1,data\csv\tecnocasa_real_estate_listings_all.csv,527,"Sahline, Rue sahline"
https://www.tecnocasa.tn/vendre/appartement/monastir/sahline/56984.html,https://cdn-media.medialabtc.it/tn/agencies/moca4/estates/56984/images/311821/detail.jpeg,2,data\csv\tecnocasa_real_estate_listings_all.csv,527,"Sahline, Rue sahline"
https://www.tecnocasa.tn/vendre/appartement/monastir/sahline/60109.html,https://cdn-media.medialabtc.it/tn/agencies/moca4/estates/60109/images/335040/detail.jpeg,1,data\csv\tecnocasa_real_estate_listings_all.csv,487,"Sahline, Rue Sahline"
https://www.tecnocasa.tn/vendre/appartement/monastir/sahline/60351.html,https://cdn-media.medialabtc.it/tn/agencies/moca4/estates/60351/images/337126/detail.jpeg,1,data\csv\tecnocasa_real_estate_listings_all.csv,492,"Sahline, Rue sahlin"
https://www.tecnocasa.tn/vendre/appartement/monastir/sahline/61644.html,https://cdn-media.medialabtc.it/tn/agencies/moca4/estates/61644/images/353049/gallery_media.jpeg,1,data\csv\tecnocasa_real_estate_listings_all.csv,468,"Sahline, Rue sahline"
https://www.tecnocasa.tn/vendre/appartement/monastir/sahline/61644.html,https://cdn-media.medialabtc.it/tn/agencies/moca4/estates/61644/images/353049/detail.jpeg,2,data\csv\tecnocasa_real_estate_listings_all.csv,468,"Sahline, Rue sahline"
https://www.tecnocasa.tn/vendre/appartement/monastir/sahline/61660.html,https://cdn-media.medialabtc.it/tn/agencies/moca4/estates/61660/images/350867/detail.jpeg,1,data\csv\tecnocasa_real_estate_listings_all.csv,474,"Sahline, Rue sahline"
https://www.tecnocasa.tn/vendre/appartement/monastir/sahline/63304.html,https://cdn-media.medialabtc.it/tn/agencies/moca4/estates/63304/images/364421/detail.jpeg,1,data\csv\tecnocasa_real_estate_listings_all.csv,426,"Sahline, Rue sahline"
https://www.tecnocasa.tn/vendre/appartement/sfax/sfax/59473.html,https://cdn-media.medialabtc.it/tn/agencies/ssfx2/estates/59473/images/348442/gallery_media.jpeg,1,data\csv\tecnocasa_real_estate_listings_all.csv,570,Sfax - Route de Mahdia
https://www.tecnocasa.tn/vendre/appartement/sfax/sfax/59473.html,https://cdn-media.medialabtc.it/tn/agencies/ssfx2/estates/59473/images/348442/detail.jpeg,2,data\csv\tecnocasa_real_estate_listings_all.csv,570,Sfax - Route de Mahdia
https://www.tecnocasa.tn/vendre/appartement/sfax/sfax/59702.html,https://cdn-media.medialabtc.it/tn/agencies/ssfx2/estates/59702/images/348437/gallery_media.jpeg,1,data\csv\tecnocasa_real_estate_listings_all.csv,572,Sfax - Route Soukra
https://www.tecnocasa.tn/vendre/appartement/sfax/sfax/59702.html,https://cdn-media.medialabtc.it/tn/agencies/ssfx2/estates/59702/images/348437/detail.jpeg,2,data\csv\tecnocasa_real_estate_listings_all.csv,572,Sfax - Route Soukra
https://www.tecnocasa.tn/vendre/appartement/sfax/sfax/60230.html,https://cdn-media.medialabtc.it/tn/agencies/ssfx1/estates/60230/images/336522/gallery_media.jpeg,1,data\csv\tecnocasa_real_estate_listings_all.csv,585,Sfax - Route Gremda
https://www.tecnocasa.tn/vendre/appartement/sfax/sfax/60230.html,https://cdn-media.medialabtc.it/tn/agencies/ssfx1/estates/60230/images/336522/detail.jpeg,2,data\csv\tecnocasa_real_estate_listings_all.csv,585,Sfax - Route Gremda
https://www.tecnocasa.tn/vendre/appartement/sfax/sfax/60245.html,https://cdn-media.medialabtc.it/tn/agencies/ssfx2/estates/60245/images/348433/detail.jpeg,1,data\csv\tecnocasa_real_estate_listings_all.csv,575,Sfax - Nasria
https://www.tecnocasa.tn/vendre/appartement/sfax/sfax/60616.html,https://cdn-media.medialabtc.it/tn/agencies/ssfx1/estates/60616/images/339233/detail.jpeg,1,data\csv\tecnocasa_real_estate_listings_all.csv,584,Sfax - Route Gremda
https://www.tecnocasa.tn/vendre/appartement/sfax/sfax/60669.html,https://cdn-media.medialabtc.it/tn/agencies/ssfx1/estates/60669/images/339906/detail.jpeg,1,data\csv\tecnocasa_real_estate_listings_all.csv,569,Sfax - Route Gremda
https://www.tecnocasa.tn/vendre/appartement/sfax/sfax/61103.html,https://cdn-media.medialabtc.it/tn/agencies/ssfx2/estates/61103/images/348423/detail.jpeg,1,data\csv\tecnocasa_real_estate_listings_all.csv,576,Sfax - Route Soukra
https://www.tecnocasa.tn/vendre/appartement/sfax/sfax/61123.html,https://cdn-media.medialabtc.it/tn/agencies/ssfx1/estates/61123/images/343831/detail.jpeg,1,data\csv\tecnocasa_real_estate_listings_all.csv,580,Sfax - Route Gremda
https://www.tecnocasa.tn/vendre/appartement/sfax/sfax/61406.html,https://cdn-media.medialabtc.it/tn/agencies/ssfx1/estates/61406/images/346689/detail.jpeg,1,data\csv\tecnocasa_real_estate_listings_all.csv,579,Sfax - Route Gremda
https://www.tecnocasa.tn/vendre/appartement/sfax/sfax/61887.html,https://cdn-media.medialabtc.it/tn/agencies/ssfx1/estates/61887/images/351543/detail.jpeg,1,data\csv\tecnocasa_real_estate_listings_all.csv,574,Sfax - Bouzayen
https://www.tecnocasa.tn/vendre/appartement/sfax/sfax/62232.html,https://cdn-media.medialabtc.it/tn/agencies/ssfx1/estates/62232/images/359360/detail.jpeg,1,data\csv\tecnocasa_real_estate_listings_all.csv,566,Sfax - Route Teniour
https://www.tecnocasa.tn/vendre/appartement/sfax/sfax/62859.html,https://cdn-media.medialabtc.it/tn/agencies/ssfx2/estates/62859/images/364778/gallery_media.jpeg,1,data\csv\tecnocasa_real_estate_listings_all.csv,557,Sfax - Route Soukra
https://www.tecnocasa.tn/vendre/appartement/sfax/sfax/62859.html,https://cdn-media.medialabtc.it/tn/agencies/ssfx2/estates/62859/images/364778/detail.jpeg,2,data\csv\tecnocasa_real_estate_listings_all.csv,557,Sfax - Route Soukra
https://www.tecnocasa.tn/vendre/appartement/sfax/sfax/62888.html,https://cdn-media.medialabtc.it/tn/agencies/ssfx1/estates/62888/images/362032/detail.jpeg,1,data\csv\tecnocasa_real_estate_listings_all.csv,562,Sfax - Route Teniour
https://www.tecnocasa.tn/vendre/appartement/sfax/sfax/63017.html,https://cdn-media.medialabtc.it/tn/agencies/ssfx1/estates/63017/images/361892/detail.jpeg,1,data\csv\tecnocasa_real_estate_listings_all.csv,563,Sfax - Route Gremda
https://www.tecnocasa.tn/vendre/appartement/sfax/sfax/63066.html,https://cdn-media.medialabtc.it/tn/agencies/ssfx1/estates/63066/images/362910/detail.jpeg,1,data\csv\tecnocasa_real_estate_listings_all.csv,560,Sfax - Route Teniour
https://www.tecnocasa.tn/vendre/appartement/sousse/chott-meriam/54584.html,https://cdn-media.medialabtc.it/tn/agencies/sscb4/estates/54584/images/294622/detail.jpeg,1,data\csv\tecnocasa_real_estate_listings_all.csv,875,"Chott Meriam, Ouled ben zina"
https://www.tecnocasa.tn/vendre/appartement/sousse/chott-meriam/57793.html,https://cdn-media.medialabtc.it/tn/agencies/sscb4/estates/57793/images/315371/detail.jpeg,1,data\csv\tecnocasa_real_estate_listings_all.csv,833,"Chott Meriam, Résidence Essayadi bloc Dalila 3"
https://www.tecnocasa.tn/vendre/appartement/sousse/chott-meriam/59819.html,https://cdn-media.medialabtc.it/tn/agencies/sscb4/estates/59819/images/346338/detail.jpeg,1,data\csv\tecnocasa_real_estate_listings_all.csv,729,"Chott Meriam, Rue Pepi's"
https://www.tecnocasa.tn/vendre/appartement/sousse/chott-meriam/60547.html,https://cdn-media.medialabtc.it/tn/agencies/sscb4/estates/60547/images/340108/gallery_media.jpeg,1,data\csv\tecnocasa_real_estate_listings_all.csv,763,"Chott Meriam, Rue tanatana"
https://www.tecnocasa.tn/vendre/appartement/sousse/chott-meriam/60547.html,https://cdn-media.medialabtc.it/tn/agencies/sscb4/estates/60547/images/340108/detail.jpeg,2,data\csv\tecnocasa_real_estate_listings_all.csv,763,"Chott Meriam, Rue tanatana"
https://www.tecnocasa.tn/vendre/appartement/sousse/chott-meriam/60839.html,https://cdn-media.medialabtc.it/tn/agencies/sscb4/estates/60839/images/345276/detail.jpeg,1,data\csv\tecnocasa_real_estate_listings_all.csv,796,"Chott Meriam, Rue tantana"
https://www.tecnocasa.tn/vendre/appartement/sousse/chott-meriam/60950.html,https://cdn-media.medialabtc.it/tn/agencies/sscb4/estates/60950/images/346380/gallery_media.jpeg,1,data\csv\tecnocasa_real_estate_listings_all.csv,778,"Chott Meriam, Rue les mures"
https://www.tecnocasa.tn/vendre/appartement/sousse/chott-meriam/60950.html,https://cdn-media.medialabtc.it/tn/agencies/sscb4/estates/60950/images/346380/detail.jpeg,2,data\csv\tecnocasa_real_estate_listings_all.csv,778,"Chott Meriam, Rue les mures"
https://www.tecnocasa.tn/vendre/appartement/sousse/chott-meriam/60976.html,https://cdn-media.medialabtc.it/tn/agencies/sscb4/estates/60976/images/345307/detail.jpeg,1,data\csv\tecnocasa_real_estate_listings_all.csv,795,"Chott Meriam, Rue L'effluve"
https://www.tecnocasa.tn/vendre/appartement/sousse/chott-meriam/61580.html,https://cdn-media.medialabtc.it/tn/agencies/sscb4/estates/61580/images/358668/detail.jpeg,1,data\csv\tecnocasa_real_estate_listings_all.csv,723,"Chott Meriam, Rue Amwej"
https://www.tecnocasa.tn/vendre/appartement/sousse/chott-meriam/62364.html,https://cdn-media.medialabtc.it/tn/agencies/sscb4/estates/62364/images/359033/detail.jpeg,1,data\csv\tecnocasa_real_estate_listings_all.csv,713,"Chott Meriam, Rue targui"
https://www.tecnocasa.tn/vendre/appartement/sousse/chott-meriam/62656.html,https://cdn-media.medialabtc.it/tn/agencies/sscb4/estates/62656/images/358681/detail.jpeg,1,data\csv\tecnocasa_real_estate_listings_all.csv,722,"Chott Meriam, Rue prestige"
https://www.tecnocasa.tn/vendre/appartement/sousse/el-kantaoui/40855.html,https://cdn-media.medialabtc.it/tn/agencies/ssca2/estates/40855/images/360805/detail.jpeg,1,data\csv\tecnocasa_real_estate_listings_all.csv,636,"El Kantaoui, Rue Najm Elbahr, Route Touristique Kantaoui"
https://www.tecnocasa.tn/vendre/appartement/sousse/el-kantaoui/57067.html,https://cdn-media.medialabtc.it/tn/agencies/ssca2/estates/57067/images/307107/detail.jpeg,1,data\csv\tecnocasa_real_estate_listings_all.csv,633,"El Kantaoui, Rue Sidi Kantaoui EL KANTAOUI (ss) 4017"
https://www.tecnocasa.tn/vendre/appartement/sousse/el-kantaoui/60893.html,https://cdn-media.medialabtc.it/tn/agencies/ssca2/estates/60893/images/343118/detail.jpeg,1,data\csv\tecnocasa_real_estate_listings_all.csv,634,"El Kantaoui, Boulevard 14 janvier kantaoui A"
https://www.tecnocasa.tn/vendre/appartement/sousse/el-kantaoui/61225.html,https://cdn-media.medialabtc.it/tn/agencies/ssca2/estates/61225/images/349606/detail.jpeg,1,data\csv\tecnocasa_real_estate_listings_all.csv,757,"El Kantaoui, Rue arij"
https://www.tecnocasa.tn/vendre/appartement/sousse/el-kantaoui/61232.html,https://cdn-media.medialabtc.it/tn/agencies/ssca2/estates/61232/images/361299/detail.jpeg,1,data\csv\tecnocasa_real_estate_listings_all.csv,693,"El Kantaoui, Rue Najm Elbahr, Route Touristique Kantaoui"
https://www.tecnocasa.tn/vendre/appartement/sousse/el-kantaoui/61418.html,https://cdn-media.medialabtc.it/tn/agencies/ssca2/estates/61418/images/346698/detail.jpeg,1,data\csv\tecnocasa_real_estate_listings_all.csv,772,"El Kantaoui, Boulevard 14 janvier"
https://www.tecnocasa.tn/vendre/appartement/sousse/el-kantaoui/61611.html,https://cdn-media.medialabtc.it/tn/agencies/ssca2/estates/61611/images/348830/gallery_media.jpeg,1,data\csv\tecnocasa_real_estate_listings_all.csv,734,"El Kantaoui, Rue du lac"
https://www.tecnocasa.tn/vendre/appartement/sousse/el-kantaoui/61611.html,https://cdn-media.medialabtc.it/tn/agencies/ssca2/estates/61611/images/348830/detail.jpeg,2,data\csv\tecnocasa_real_estate_listings_all.csv,734,"El Kantaoui, Rue du lac"
https://www.tecnocasa.tn/vendre/appartement/sousse/el-kantaoui/61612.html,https://cdn-media.medialabtc.it/tn/agencies/ssca2/estates/61612/images/348806/detail.jpeg,1,data\csv\tecnocasa_real_estate_listings_all.csv,769,"El Kantaoui, Rue du lac"
https://www.tecnocasa.tn/vendre/appartement/sousse/el-kantaoui/61757.html,https://cdn-media.medialabtc.it/tn/agencies/ssca2/estates/61757/images/350117/detail.jpeg,1,data\csv\tecnocasa_real_estate_listings_all.csv,753,"El Kantaoui, Boulevard 14 Janvier , Port El Kantaoui"
https://www.tecnocasa.tn/vendre/appartement/sousse/el-kantaoui/62908.html,https://cdn-media.medialabtc.it/tn/agencies/ssca2/estates/62908/images/360251/detail.jpeg,1,data\csv\tecnocasa_real_estate_listings_all.csv,699,El Kantaoui
https://www.tecnocasa.tn/vendre/appartement/sousse/el-kantaoui/62910.html,https://cdn-media.medialabtc.it/tn/agencies/ssca2/estates/62910/images/360252/detail.jpeg,1,data\csv\tecnocasa_real_estate_listings_all.csv,697,El Kantaoui
https://www.tecnocasa.tn/vendre/appartement/sousse/el-kantaoui/62911.html,https://cdn-media.medialabtc.it/tn/agencies/ssca2/estates/62911/images/360253/detail.jpeg,1,data\csv\tecnocasa_real_estate_listings_all.csv,698,El Kantaoui
https://www.tecnocasa.tn/vendre/appartement/sousse/el-kantaoui/62980.html,https://cdn-media.medialabtc.it/tn/agencies/ssca2/estates/62980/images/360256/gallery_media.jpeg,1,data\csv\tecnocasa_real_estate_listings_all.csv,702,El Kantaoui
https://www.tecnocasa.tn/vendre/appartement/sousse/el-kantaoui/62980.html,https://cdn-media.medialabtc.it/tn/agencies/ssca2/estates/62980/images/360256/detail.jpeg,2,data\csv\tecnocasa_real_estate_listings_all.csv,702,El Kantaoui
https://www.tecnocasa.tn/vendre/appartement/sousse/el-kantaoui/63057.html,https://cdn-media.medialabtc.it/tn/agencies/ssca2/estates/63057/images/361179/detail.jpeg,1,data\csv\tecnocasa_real_estate_listings_all.csv,637,"El Kantaoui, Rue Najm Elbahr, Route Touristique Kantaoui"
https://www.tecnocasa.tn/vendre/appartement/sousse/el-kantaoui/63458.html,https://cdn-media.medialabtc.it/tn/agencies/ssca2/estates/63458/images/365385/detail.jpeg,1,data\csv\tecnocasa_real_estate_listings_all.csv,654,"El Kantaoui, Rue du canal"
https://www.tecnocasa.tn/vendre/appartement/sousse/el-kantaoui/63569.html,https://cdn-media.medialabtc.it/tn/agencies/ssca2/estates/63569/images/367624/gallery_media.jpeg,1,data\csv\tecnocasa_real_estate_listings_all.csv,620,"El Kantaoui, Boulevard 14 janvier"
https://www.tecnocasa.tn/vendre/appartement/sousse/el-kantaoui/63569.html,https://cdn-media.medialabtc.it/tn/agencies/ssca2/estates/63569/images/367624/detail.jpeg,2,data\csv\tecnocasa_real_estate_listings_all.csv,620,"El Kantaoui, Boulevard 14 janvier"
https://www.tecnocasa.tn/vendre/appartement/sousse/hammam-sousse/53950.html,https://cdn-media.medialabtc.it/tn/agencies/sscb6/estates/53950/images/327380/gallery_media.jpeg,1,data\csv\tecnocasa_real_estate_listings_all.csv,658,Hammam Sousse - Ghrabi
https://www.tecnocasa.tn/vendre/appartement/sousse/hammam-sousse/53950.html,https://cdn-media.medialabtc.it/tn/agencies/sscb6/estates/53950/images/327380/detail.jpeg,2,data\csv\tecnocasa_real_estate_listings_all.csv,658,Hammam Sousse - Ghrabi
https://www.tecnocasa.tn/vendre/appartement/sousse/hammam-sousse/58927.html,https://cdn-media.medialabtc.it/tn/agencies/sscb3/estates/58927/images/322678/gallery_media.jpeg,1,data\csv\tecnocasa_real_estate_listings_all.csv,777,"Hammam Sousse, Rue Imam Boukhari"
https://www.tecnocasa.tn/vendre/appartement/sousse/hammam-sousse/58927.html,https://cdn-media.medialabtc.it/tn/agencies/sscb3/estates/58927/images/322678/detail.jpeg,2,data\csv\tecnocasa_real_estate_listings_all.csv,777,"Hammam Sousse, Rue Imam Boukhari"
https://www.tecnocasa.tn/vendre/appartement/sousse/hammam-sousse/59841.html,https://cdn-media.medialabtc.it/tn/agencies/sscb3/estates/59841/images/333182/detail.jpeg,1,data\csv\tecnocasa_real_estate_listings_all.csv,727,Hammam Sousse
https://www.tecnocasa.tn/vendre/appartement/sousse/hammam-sousse/60004.html,https://cdn-media.medialabtc.it/tn/agencies/sscb3/estates/60004/images/333762/detail.jpeg,1,data\csv\tecnocasa_real_estate_listings_all.csv,804,"Hammam Sousse, Rue Farhat Hached"
https://www.tecnocasa.tn/vendre/appartement/sousse/hammam-sousse/60282.html,https://cdn-media.medialabtc.it/tn/agencies/sscb3/estates/60282/images/336172/detail.jpeg,1,data\csv\tecnocasa_real_estate_listings_all.csv,640,Hammam Sousse
https://www.tecnocasa.tn/vendre/appartement/sousse/hammam-sousse/60392.html,https://cdn-media.medialabtc.it/tn/agencies/sscb3/estates/60392/images/337503/detail.jpeg,1,data\csv\tecnocasa_real_estate_listings_all.csv,835,"Hammam Sousse, Boulevard Hedi Chaker"
https://www.tecnocasa.tn/vendre/appartement/sousse/hammam-sousse/61170.html,https://cdn-media.medialabtc.it/tn/agencies/sscb6/estates/61170/images/344622/gallery_media.jpeg,1,data\csv\tecnocasa_real_estate_listings_all.csv,659,Hammam Sousse - Ghrabi
https://www.tecnocasa.tn/vendre/appartement/sousse/hammam-sousse/61170.html,https://cdn-media.medialabtc.it/tn/agencies/sscb6/estates/61170/images/344622/detail.jpeg,2,data\csv\tecnocasa_real_estate_listings_all.csv,659,Hammam Sousse - Ghrabi
https://www.tecnocasa.tn/vendre/appartement/sousse/hammam-sousse/61461.html,https://cdn-media.medialabtc.it/tn/agencies/sscb3/estates/61461/images/347825/detail.jpeg,1,data\csv\tecnocasa_real_estate_listings_all.csv,770,Hammam Sousse
https://www.tecnocasa.tn/vendre/appartement/sousse/hammam-sousse/61942.html,https://cdn-media.medialabtc.it/tn/agencies/sscb3/estates/61942/images/351953/detail.jpeg,1,data\csv\tecnocasa_real_estate_listings_all.csv,726,"Hammam Sousse, Rue Okba ibnou Nafaa"
https://www.tecnocasa.tn/vendre/appartement/sousse/hammam-sousse/61948.html,https://cdn-media.medialabtc.it/tn/agencies/sscb3/estates/61948/images/367766/gallery_media.jpeg,1,data\csv\tecnocasa_real_estate_listings_all.csv,627,"Hammam Sousse, Rue des vagues"
https://www.tecnocasa.tn/vendre/appartement/sousse/hammam-sousse/61948.html,https://cdn-media.medialabtc.it/tn/agencies/sscb3/estates/61948/images/367766/detail.jpeg,2,data\csv\tecnocasa_real_estate_listings_all.csv,627,"Hammam Sousse, Rue des vagues"
https://www.tecnocasa.tn/vendre/appartement/sousse/hammam-sousse/62005.html,https://cdn-media.medialabtc.it/tn/agencies/sscb3/estates/62005/images/355178/detail.jpeg,1,data\csv\tecnocasa_real_estate_listings_all.csv,639,"Hammam Sousse, Rue Okba ibnou Nafaa"
https://www.tecnocasa.tn/vendre/appartement/sousse/hammam-sousse/62630.html,https://cdn-media.medialabtc.it/tn/agencies/sscb3/estates/62630/images/367728/gallery_media.jpeg,1,data\csv\tecnocasa_real_estate_listings_all.csv,629,"Hammam Sousse, Rue Farhat Hached"
https://www.tecnocasa.tn/vendre/appartement/sousse/hammam-sousse/62630.html,https://cdn-media.medialabtc.it/tn/agencies/sscb3/estates/62630/images/367728/detail.jpeg,2,data\csv\tecnocasa_real_estate_listings_all.csv,629,"Hammam Sousse, Rue Farhat Hached"
https://www.tecnocasa.tn/vendre/appartement/sousse/hammam-sousse/62912.html,https://cdn-media.medialabtc.it/tn/agencies/sscb6/estates/62912/images/363338/detail.jpeg,1,data\csv\tecnocasa_real_estate_listings_all.csv,677,Hammam Sousse - Ghrabi
https://www.tecnocasa.tn/vendre/appartement/sousse/hammam-sousse/62924.html,https://cdn-media.medialabtc.it/tn/agencies/sscb6/estates/62924/images/365157/detail.jpeg,1,data\csv\tecnocasa_real_estate_listings_all.csv,638,Hammam Sousse - Ghrabi
https://www.tecnocasa.tn/vendre/appartement/sousse/hammam-sousse/63633.html,https://cdn-media.medialabtc.it/tn/agencies/sscb3/estates/63633/images/366600/detail.jpeg,1,data\csv\tecnocasa_real_estate_listings_all.csv,645,"Hammam Sousse, Rue Okba ibnou nafaa"
https://www.tecnocasa.tn/vendre/appartement/sousse/hammam-sousse/63643.html,https://cdn-media.medialabtc.it/tn/agencies/sscb3/estates/63643/images/366611/gallery_media.jpeg,1,data\csv\tecnocasa_real_estate_listings_all.csv,644,Hammam Sousse
https://www.tecnocasa.tn/vendre/appartement/sousse/hammam-sousse/63643.html,https://cdn-media.medialabtc.it/tn/agencies/sscb3/estates/63643/images/366611/detail.jpeg,2,data\csv\tecnocasa_real_estate_listings_all.csv,644,Hammam Sousse
https://www.tecnocasa.tn/vendre/appartement/sousse/hergla/37463.html,https://cdn-media.medialabtc.it/tn/agencies/ssgh1/estates/37463/images/171836/detail.jpeg,1,data\csv\tecnocasa_real_estate_listings_all.csv,828,"Hergla, Rue corniche Hergla"
https://www.tecnocasa.tn/vendre/appartement/sousse/hergla/37909.html,https://cdn-media.medialabtc.it/tn/agencies/ssgh1/estates/37909/images/278911/gallery_media.jpeg,1,data\csv\tecnocasa_real_estate_listings_all.csv,703,"Hergla, Rue corniche Hergla"
https://www.tecnocasa.tn/vendre/appartement/sousse/hergla/37909.html,https://cdn-media.medialabtc.it/tn/agencies/ssgh1/estates/37909/images/278911/detail.jpeg,2,data\csv\tecnocasa_real_estate_listings_all.csv,703,"Hergla, Rue corniche Hergla"
https://www.tecnocasa.tn/vendre/appartement/sousse/hergla/46990.html,https://cdn-media.medialabtc.it/tn/agencies/ssgh1/estates/46990/images/327627/detail.jpeg,1,data\csv\tecnocasa_real_estate_listings_all.csv,850,"Hergla, Rue corniche Hergla"
https://www.tecnocasa.tn/vendre/appartement/sousse/hergla/49774.html,https://cdn-media.medialabtc.it/tn/agencies/ssgh1/estates/49774/images/242434/gallery_media.jpeg,1,data\csv\tecnocasa_real_estate_listings_all.csv,853,"Hergla, Rue corniche Hergla"
https://www.tecnocasa.tn/vendre/appartement/sousse/hergla/49774.html,https://cdn-media.medialabtc.it/tn/agencies/ssgh1/estates/49774/images/242434/detail.jpeg,2,data\csv\tecnocasa_real_estate_listings_all.csv,853,"Hergla, Rue corniche Hergla"
https://www.tecnocasa.tn/vendre/appartement/sousse/hergla/54628.html,https://cdn-media.medialabtc.it/tn/agencies/ssgh1/estates/54628/images/284225/detail.jpeg,1,data\csv\tecnocasa_real_estate_listings_all.csv,874,"Hergla, Rue Madfoun"
https://www.tecnocasa.tn/vendre/appartement/sousse/hergla/56315.html,https://cdn-media.medialabtc.it/tn/agencies/ssgh1/estates/56315/images/302809/gallery_media.jpeg,1,data\csv\tecnocasa_real_estate_listings_all.csv,808,"Hergla, Cité Nozha"
https://www.tecnocasa.tn/vendre/appartement/sousse/hergla/56315.html,https://cdn-media.medialabtc.it/tn/agencies/ssgh1/estates/56315/images/302809/detail.jpeg,2,data\csv\tecnocasa_real_estate_listings_all.csv,808,"Hergla, Cité Nozha"
https://www.tecnocasa.tn/vendre/appartement/sousse/hergla/57830.html,https://cdn-media.medialabtc.it/tn/agencies/ssgh1/estates/57830/images/312785/gallery_media.jpeg,1,data\csv\tecnocasa_real_estate_listings_all.csv,867,"Hergla, Rue corniche Hergla"
https://www.tecnocasa.tn/vendre/appartement/sousse/hergla/58726.html,https://cdn-media.medialabtc.it/tn/agencies/ssgh1/estates/58726/images/320544/detail.jpeg,1,data\csv\tecnocasa_real_estate_listings_all.csv,861,"Hergla, Lotissement Afh"
https://www.tecnocasa.tn/vendre/appartement/sousse/hergla/59871.html,https://cdn-media.medialabtc.it/tn/agencies/ssgh1/estates/59871/images/332957/detail.jpeg,1,data\csv\tecnocasa_real_estate_listings_all.csv,846,"Hergla, Lotissement AFH Hergla"
https://www.tecnocasa.tn/vendre/appartement/sousse/hergla/60313.html,https://cdn-media.medialabtc.it/tn/agencies/ssgh1/estates/60313/images/337421/gallery_media.jpeg,1,data\csv\tecnocasa_real_estate_listings_all.csv,837,"Hergla, Lotissement AFH Herrgla"
https://www.tecnocasa.tn/vendre/appartement/sousse/hergla/60313.html,https://cdn-media.medialabtc.it/tn/agencies/ssgh1/estates/60313/images/337421/detail.jpeg,2,data\csv\tecnocasa_real_estate_listings_all.csv,837,"Hergla, Lotissement AFH Herrgla"
https://www.tecnocasa.tn/vendre/appartement/sousse/hergla/60580.html,https://cdn-media.medialabtc.it/tn/agencies/ssgh1/estates/60580/images/339767/detail.jpeg,1,data\csv\tecnocasa_real_estate_listings_all.csv,766,"Hergla, Rue nozha"
https://www.tecnocasa.tn/vendre/appartement/sousse/hergla/60581.html,https://cdn-media.medialabtc.it/tn/agencies/ssgh1/estates/60581/images/339354/detail.jpeg,1,data\csv\tecnocasa_real_estate_listings_all.csv,787,"Hergla, Rue Nozha"
https://www.tecnocasa.tn/vendre/appartement/sousse/hergla/60857.html,https://cdn-media.medialabtc.it/tn/agencies/ssgh1/estates/60857/images/343520/detail.jpeg,1,data\csv\tecnocasa_real_estate_listings_all.csv,801,"Hergla, Lotissement AFH Herrgla"
https://www.tecnocasa.tn/vendre/appartement/sousse/hergla/61197.html,https://cdn-media.medialabtc.it/tn/agencies/ssgh1/estates/61197/images/351016/detail.jpeg,1,data\csv\tecnocasa_real_estate_listings_all.csv,761,"Hergla, Lotissement Afh"
https://www.tecnocasa.tn/vendre/appartement/sousse/hergla/62616.html,https://cdn-media.medialabtc.it/tn/agencies/ssgh1/estates/62616/images/357405/detail.jpeg,1,data\csv\tecnocasa_real_estate_listings_all.csv,728,"Hergla, Lotissement Afh"
https://www.tecnocasa.tn/vendre/appartement/sousse/hergla/63036.html,https://cdn-media.medialabtc.it/tn/agencies/ssgh1/estates/63036/images/366878/gallery_media.jpeg,1,data\csv\tecnocasa_real_estate_listings_all.csv,642,"Hergla, Afh Hergla Sousse"
https://www.tecnocasa.tn/vendre/appartement/sousse/hergla/63036.html,https://cdn-media.medialabtc.it/tn/agencies/ssgh1/estates/63036/images/366878/detail.jpeg,2,data\csv\tecnocasa_real_estate_listings_all.csv,642,"Hergla, Afh Hergla Sousse"
https://www.tecnocasa.tn/vendre/appartement/sousse/hergla/63365.html,https://cdn-media.medialabtc.it/tn/agencies/ssgh1/estates/63365/images/365875/detail.jpeg,1,data\csv\tecnocasa_real_estate_listings_all.csv,649,"Hergla, Lotissement Afh"
https://www.tecnocasa.tn/vendre/appartement/sousse/hergla/63366.html,https://cdn-media.medialabtc.it/tn/agencies/ssgh1/estates/63366/images/366932/detail.jpeg,1,data\csv\tecnocasa_real_estate_listings_all.csv,641,"Hergla, Lotissement Afh Hergla"
https://www.tecnocasa.tn/vendre/appartement/sousse/hergla/63438.html,https://cdn-media.medialabtc.it/tn/agencies/ssgh1/estates/63438/images/366049/detail.jpeg,1,data\csv\tecnocasa_real_estate_listings_all.csv,650,"Hergla, Lotissement AFH Herrgla"
https://www.tecnocasa.tn/vendre/appartement/sousse/hergla/63441.html,https://cdn-media.medialabtc.it/tn/agencies/ssgh1/estates/63441/images/365848/detail.jpeg,1,data\csv\tecnocasa_real_estate_listings_all.csv,651,"Hergla, Lotissements Afh"
https://www.tecnocasa.tn/vendre/appartement/sousse/khezama/16004.html,https://cdn-media.medialabtc.it/tn/agencies/ssca1/estates/16004/images/56989/detail.jpeg,1,data\csv\tecnocasa_real_estate_listings_all.csv,894,Khezama - Khezema Est
https://www.tecnocasa.tn/vendre/appartement/sousse/khezama/44729.html,https://cdn-media.medialabtc.it/tn/agencies/ssca1/estates/44729/images/334822/detail.jpeg,1,data\csv\tecnocasa_real_estate_listings_all.csv,815,Khezama - Khezema Est
https://www.tecnocasa.tn/vendre/appartement/sousse/khezama/53222.html,https://cdn-media.medialabtc.it/tn/agencies/sscb6/estates/53222/images/323325/gallery_media.jpeg,1,data\csv\tecnocasa_real_estate_listings_all.csv,657,Khezama - Khezema Ouest
https://www.tecnocasa.tn/vendre/appartement/sousse/khezama/53222.html,https://cdn-media.medialabtc.it/tn/agencies/sscb6/estates/53222/images/323325/detail.jpeg,2,data\csv\tecnocasa_real_estate_listings_all.csv,657,Khezama - Khezema Ouest
https://www.tecnocasa.tn/vendre/appartement/sousse/khezama/54731.html,https://cdn-media.medialabtc.it/tn/agencies/ssca1/estates/54731/images/345159/detail.jpeg,1,data\csv\tecnocasa_real_estate_listings_all.csv,797,Khezama - Khezema Est
https://www.tecnocasa.tn/vendre/appartement/sousse/khezama/57909.html,https://cdn-media.medialabtc.it/tn/agencies/ssca1/estates/57909/images/313793/detail.jpeg,1,data\csv\tecnocasa_real_estate_listings_all.csv,855,"Khezama, Rue du Colonel El Hedi El Garnaoui - Khezema Est"
https://www.tecnocasa.tn/vendre/appartement/sousse/khezama/59400.html,https://cdn-media.medialabtc.it/tn/agencies/ssca1/estates/59400/images/328259/detail.jpeg,1,data\csv\tecnocasa_real_estate_listings_all.csv,813,Khezama - Khezema Est
https://www.tecnocasa.tn/vendre/appartement/sousse/khezama/59402.html,https://cdn-media.medialabtc.it/tn/agencies/ssca1/estates/59402/images/328397/gallery_media.jpeg,1,data\csv\tecnocasa_real_estate_listings_all.csv,839,Khezama - Khezema Est
https://www.tecnocasa.tn/vendre/appartement/sousse/khezama/59402.html,https://cdn-media.medialabtc.it/tn/agencies/ssca1/estates/59402/images/328397/detail.jpeg,2,data\csv\tecnocasa_real_estate_listings_all.csv,839,Khezama - Khezema Est
https://www.tecnocasa.tn/vendre/appartement/sousse/khezama/59805.html,https://cdn-media.medialabtc.it/tn/agencies/sscb2/estates/59805/images/333924/detail.jpeg,1,data\csv\tecnocasa_real_estate_listings_all.csv,720,Khezama - Khezema Ouest
https://www.tecnocasa.tn/vendre/appartement/sousse/khezama/61571.html,https://cdn-media.medialabtc.it/tn/agencies/ssca1/estates/61571/images/349227/detail.jpeg,1,data\csv\tecnocasa_real_estate_listings_all.csv,759,"Khezama, Rue du Colonel El Hedi El Garnaoui - Khezema Est"
https://www.tecnocasa.tn/vendre/appartement/sousse/khezama/61848.html,https://cdn-media.medialabtc.it/tn/agencies/sscb6/estates/61848/images/352297/detail.jpeg,1,data\csv\tecnocasa_real_estate_listings_all.csv,660,Khezama - Khezema Ouest
https://www.tecnocasa.tn/vendre/appartement/sousse/khezama/62736.html,https://cdn-media.medialabtc.it/tn/agencies/sscb6/estates/62736/images/359430/detail.jpeg,1,data\csv\tecnocasa_real_estate_listings_all.csv,711,Khezama - Khezema Est
https://www.tecnocasa.tn/vendre/appartement/sousse/khezama/62904.html,https://cdn-media.medialabtc.it/tn/agencies/sscb2/estates/62904/images/361091/detail.jpeg,1,data\csv\tecnocasa_real_estate_listings_all.csv,696,Khezama - Khezema Est
https://www.tecnocasa.tn/vendre/appartement/sousse/m-saken/50038.html,https://cdn-media.medialabtc.it/tn/agencies/ssca7/estates/50038/images/273520/detail.jpeg,1,data\csv\tecnocasa_real_estate_listings_all.csv,812,"M'Saken, Rue youssef temimi"
https://www.tecnocasa.tn/vendre/appartement/sousse/m-saken/50055.html,https://cdn-media.medialabtc.it/tn/agencies/ssca7/estates/50055/images/273455/detail.jpeg,1,data\csv\tecnocasa_real_estate_listings_all.csv,811,"M'Saken, Rue youssef temimi"
https://www.tecnocasa.tn/vendre/appartement/sousse/m-saken/50057.html,https://cdn-media.medialabtc.it/tn/agencies/ssca7/estates/50057/images/281798/detail.jpeg,1,data\csv\tecnocasa_real_estate_listings_all.csv,810,"M'Saken, Rue youssef temimi"
https://www.tecnocasa.tn/vendre/appartement/sousse/m-saken/58634.html,https://cdn-media.medialabtc.it/tn/agencies/ssca7/estates/58634/images/319843/detail.jpeg,1,data\csv\tecnocasa_real_estate_listings_all.csv,790,"M'Saken, Bd taieb hachicha"
https://www.tecnocasa.tn/vendre/appartement/sousse/sahloul/35267.html,https://cdn-media.medialabtc.it/tn/agencies/sscb1/estates/35267/images/230424/detail.jpeg,1,data\csv\tecnocasa_real_estate_listings_all.csv,818,Sahloul - Sahloul 1-2
https://www.tecnocasa.tn/vendre/appartement/sousse/sahloul/45057.html,https://cdn-media.medialabtc.it/tn/agencies/sscb1/estates/45057/images/202517/detail.jpeg,1,data\csv\tecnocasa_real_estate_listings_all.csv,890,Sahloul - Sahloul 1-2
https://www.tecnocasa.tn/vendre/appartement/sousse/sahloul/48690.html,https://cdn-media.medialabtc.it/tn/agencies/sscb1/estates/48690/images/230428/detail.jpeg,1,data\csv\tecnocasa_real_estate_listings_all.csv,819,Sahloul - Sahloul 1-2
https://www.tecnocasa.tn/vendre/appartement/sousse/sahloul/52119.html,https://cdn-media.medialabtc.it/tn/agencies/sscb2/estates/52119/images/368894/detail.jpeg,1,data\csv\tecnocasa_real_estate_listings_all.csv,646,Sahloul - Sahloul 4
https://www.tecnocasa.tn/vendre/appartement/sousse/sahloul/52680.html,https://cdn-media.medialabtc.it/tn/agencies/sscb1/estates/52680/images/266515/detail.jpeg,1,data\csv\tecnocasa_real_estate_listings_all.csv,829,"Sahloul, Rue amad - Sahloul 1-2"
https://www.tecnocasa.tn/vendre/appartement/sousse/sahloul/52976.html,https://cdn-media.medialabtc.it/tn/agencies/sscb2/estates/52976/images/269601/detail.jpeg,1,data\csv\tecnocasa_real_estate_listings_all.csv,788,Sahloul - Sahloul 4
https://www.tecnocasa.tn/vendre/appartement/sousse/sahloul/56856.html,https://cdn-media.medialabtc.it/tn/agencies/sscb1/estates/56856/images/309366/detail.jpeg,1,data\csv\tecnocasa_real_estate_listings_all.csv,826,"Sahloul, Rue louis ficher - Sahloul 1-2"
https://www.tecnocasa.tn/vendre/appartement/sousse/sahloul/57341.html,https://cdn-media.medialabtc.it/tn/agencies/sscb2/estates/57341/images/350761/detail.jpeg,1,data\csv\tecnocasa_real_estate_listings_all.csv,663,Sahloul - Sahloul 4
https://www.tecnocasa.tn/vendre/appartement/sousse/sahloul/57444.html,https://cdn-media.medialabtc.it/tn/agencies/sscb2/estates/57444/images/311543/detail.jpeg,1,data\csv\tecnocasa_real_estate_listings_all.csv,866,Sahloul - Sahloul 4
https://www.tecnocasa.tn/vendre/appartement/sousse/sahloul/58595.html,https://cdn-media.medialabtc.it/tn/agencies/sscb2/estates/58595/images/321483/detail.jpeg,1,data\csv\tecnocasa_real_estate_listings_all.csv,858,Sahloul - Sahloul 4
https://www.tecnocasa.tn/vendre/appartement/sousse/sahloul/59252.html,https://cdn-media.medialabtc.it/tn/agencies/sscb1/estates/59252/images/328607/detail.jpeg,1,data\csv\tecnocasa_real_estate_listings_all.csv,831,"Sahloul, نهج جلال الدين النقاش - Sahloul 1-2"
https://www.tecnocasa.tn/vendre/appartement/sousse/sahloul/59784.html,https://cdn-media.medialabtc.it/tn/agencies/sscb2/estates/59784/images/333886/detail.jpeg,1,data\csv\tecnocasa_real_estate_listings_all.csv,741,Sahloul - Sahloul 4
https://www.tecnocasa.tn/vendre/appartement/sousse/sahloul/59927.html,https://cdn-media.medialabtc.it/tn/agencies/sscb6/estates/59927/images/334425/gallery_media.jpeg,1,data\csv\tecnocasa_real_estate_listings_all.csv,807,"Sahloul, Rue el hosna - Sahloul 1-2"
https://www.tecnocasa.tn/vendre/appartement/sousse/sahloul/59927.html,https://cdn-media.medialabtc.it/tn/agencies/sscb6/estates/59927/images/334425/detail.jpeg,2,data\csv\tecnocasa_real_estate_listings_all.csv,807,"Sahloul, Rue el hosna - Sahloul 1-2"
https://www.tecnocasa.tn/vendre/appartement/sousse/sahloul/60238.html,https://cdn-media.medialabtc.it/tn/agencies/sscb2/estates/60238/images/344969/detail.jpeg,1,data\csv\tecnocasa_real_estate_listings_all.csv,799,Sahloul - Sahloul 4
https://www.tecnocasa.tn/vendre/appartement/sousse/sahloul/60769.html,https://cdn-media.medialabtc.it/tn/agencies/sscb1/estates/60769/images/340802/detail.jpeg,1,data\csv\tecnocasa_real_estate_listings_all.csv,820,Sahloul - Sahloul 1-2
https://www.tecnocasa.tn/vendre/appartement/sousse/sahloul/60981.html,https://cdn-media.medialabtc.it/tn/agencies/sscb2/estates/60981/images/342332/detail.jpeg,1,data\csv\tecnocasa_real_estate_listings_all.csv,803,Sahloul - Sahloul 4
https://www.tecnocasa.tn/vendre/appartement/sousse/sahloul/60991.html,https://cdn-media.medialabtc.it/tn/agencies/sscb2/estates/60991/images/344875/detail.jpeg,1,data\csv\tecnocasa_real_estate_listings_all.csv,800,Sahloul - Sahloul 4
https://www.tecnocasa.tn/vendre/appartement/sousse/sahloul/61178.html,https://cdn-media.medialabtc.it/tn/agencies/sscb2/estates/61178/images/344921/gallery_media.jpeg,1,data\csv\tecnocasa_real_estate_listings_all.csv,643,Sahloul - Sahloul 4
https://www.tecnocasa.tn/vendre/appartement/sousse/sahloul/61178.html,https://cdn-media.medialabtc.it/tn/agencies/sscb2/estates/61178/images/344921/detail.jpeg,2,data\csv\tecnocasa_real_estate_listings_all.csv,643,Sahloul - Sahloul 4
https://www.tecnocasa.tn/vendre/appartement/sousse/sahloul/61575.html,https://cdn-media.medialabtc.it/tn/agencies/sscb1/estates/61575/images/348468/detail.jpeg,1,data\csv\tecnocasa_real_estate_listings_all.csv,768,Sahloul - Sahloul 1-2
https://www.tecnocasa.tn/vendre/appartement/sousse/sahloul/62012.html,https://cdn-media.medialabtc.it/tn/agencies/sscb2/estates/62012/images/353926/detail.jpeg,1,data\csv\tecnocasa_real_estate_listings_all.csv,746,Sahloul - Sahloul 4
https://www.tecnocasa.tn/vendre/appartement/sousse/sahloul/62120.html,https://cdn-media.medialabtc.it/tn/agencies/sscb2/estates/62120/images/354017/detail.jpeg,1,data\csv\tecnocasa_real_estate_listings_all.csv,745,Sahloul - Sahloul 4
https://www.tecnocasa.tn/vendre/appartement/sousse/sahloul/63079.html,https://cdn-media.medialabtc.it/tn/agencies/sscb1/estates/63079/images/361387/detail.jpeg,1,data\csv\tecnocasa_real_estate_listings_all.csv,691,Sahloul - Sahloul 1-2
https://www.tecnocasa.tn/vendre/appartement/sousse/sahloul/63752.html,https://cdn-media.medialabtc.it/tn/agencies/sscb1/estates/63752/images/367866/gallery_media.jpeg,1,data\csv\tecnocasa_real_estate_listings_all.csv,625,Sahloul - Sahloul 1-2
https://www.tecnocasa.tn/vendre/appartement/sousse/sahloul/63752.html,https://cdn-media.medialabtc.it/tn/agencies/sscb1/estates/63752/images/367866/detail.jpeg,2,data\csv\tecnocasa_real_estate_listings_all.csv,625,Sahloul - Sahloul 1-2
https://www.tecnocasa.tn/vendre/appartement/sousse/sousse-centre-ville/44957.html,https://cdn-media.medialabtc.it/tn/agencies/ssca6/estates/44957/images/358964/gallery_media.jpeg,1,data\csv\tecnocasa_real_estate_listings_all.csv,673,Sousse Centre Ville - La Corniche
https://www.tecnocasa.tn/vendre/appartement/sousse/sousse-centre-ville/44957.html,https://cdn-media.medialabtc.it/tn/agencies/ssca6/estates/44957/images/369623/detail.jpeg,2,data\csv\tecnocasa_real_estate_listings_all.csv,673,Sousse Centre Ville - La Corniche
https://www.tecnocasa.tn/vendre/appartement/sousse/sousse-centre-ville/52585.html,https://cdn-media.medialabtc.it/tn/agencies/ssca3/estates/52585/images/275103/detail.jpeg,1,data\csv\tecnocasa_real_estate_listings_all.csv,805,Sousse Centre Ville - Bouhsina
https://www.tecnocasa.tn/vendre/appartement/sousse/sousse-centre-ville/55245.html,https://cdn-media.medialabtc.it/tn/agencies/ssca5/estates/55245/images/298110/detail.jpeg,1,data\csv\tecnocasa_real_estate_listings_all.csv,876,"Sousse Centre Ville, Rue du Commandant Bejaoui - Bouhsina"
https://www.tecnocasa.tn/vendre/appartement/sousse/sousse-centre-ville/55626.html,https://cdn-media.medialabtc.it/tn/agencies/ssca6/estates/55626/images/295126/detail.jpeg,1,data\csv\tecnocasa_real_estate_listings_all.csv,879,Sousse Centre Ville - La Corniche
https://www.tecnocasa.tn/vendre/appartement/sousse/sousse-centre-ville/57060.html,https://cdn-media.medialabtc.it/tn/agencies/ssca5/estates/57060/images/312942/gallery_media.jpeg,1,data\csv\tecnocasa_real_estate_listings_all.csv,626,"Sousse Centre Ville, Rue Mohammed Aroui - Cité Hached - Jawhara"
https://www.tecnocasa.tn/vendre/appartement/sousse/sousse-centre-ville/57060.html,https://cdn-media.medialabtc.it/tn/agencies/ssca5/estates/57060/images/312942/detail.jpeg,2,data\csv\tecnocasa_real_estate_listings_all.csv,626,"Sousse Centre Ville, Rue Mohammed Aroui - Cité Hached - Jawhara"
https://www.tecnocasa.tn/vendre/appartement/sousse/sousse-centre-ville/57222.html,https://cdn-media.medialabtc.it/tn/agencies/ssca6/estates/57222/images/311694/gallery_media.jpeg,1,data\csv\tecnocasa_real_estate_listings_all.csv,868,Sousse Centre Ville - La Corniche
https://www.tecnocasa.tn/vendre/appartement/sousse/sousse-centre-ville/57222.html,https://cdn-media.medialabtc.it/tn/agencies/ssca6/estates/57222/images/311694/detail.jpeg,2,data\csv\tecnocasa_real_estate_listings_all.csv,868,Sousse Centre Ville - La Corniche
https://www.tecnocasa.tn/vendre/appartement/sousse/sousse-centre-ville/57247.html,https://cdn-media.medialabtc.it/tn/agencies/ssca3/estates/57247/images/329581/detail.jpeg,1,data\csv\tecnocasa_real_estate_listings_all.csv,755,Sousse Centre Ville - Bouhsina
https://www.tecnocasa.tn/vendre/appartement/sousse/sousse-centre-ville/57250.html,https://cdn-media.medialabtc.it/tn/agencies/ssca3/estates/57250/images/349018/detail.jpeg,1,data\csv\tecnocasa_real_estate_listings_all.csv,767,Sousse Centre Ville - Bouhsina
https://www.tecnocasa.tn/vendre/appartement/sousse/sousse-centre-ville/57566.html,https://cdn-media.medialabtc.it/tn/agencies/ssca5/estates/57566/images/310980/gallery_media.jpeg,1,data\csv\tecnocasa_real_estate_listings_all.csv,869,"Sousse Centre Ville, Rue du Commandant Bejaoui - Bouhsina"
https://www.tecnocasa.tn/vendre/appartement/sousse/sousse-centre-ville/57566.html,https://cdn-media.medialabtc.it/tn/agencies/ssca5/estates/57566/images/310980/detail.jpeg,2,data\csv\tecnocasa_real_estate_listings_all.csv,869,"Sousse Centre Ville, Rue du Commandant Bejaoui - Bouhsina"
https://www.tecnocasa.tn/vendre/appartement/sousse/sousse-centre-ville/57845.html,https://cdn-media.medialabtc.it/tn/agencies/ssca5/estates/57845/images/341221/detail.jpeg,1,data\csv\tecnocasa_real_estate_listings_all.csv,817,Sousse Centre Ville - Cité Hached - Jawhara
https://www.tecnocasa.tn/vendre/appartement/sousse/sousse-centre-ville/57880.html,https://cdn-media.medialabtc.it/tn/agencies/ssca6/estates/57880/images/333101/detail.jpeg,1,data\csv\tecnocasa_real_estate_listings_all.csv,845,Sousse Centre Ville - La Corniche
https://www.tecnocasa.tn/vendre/appartement/sousse/sousse-centre-ville/58198.html,https://cdn-media.medialabtc.it/tn/agencies/ssca3/estates/58198/images/354888/detail.jpeg,1,data\csv\tecnocasa_real_estate_listings_all.csv,671,"Sousse Centre Ville, Rue Abdelhamid Sakka, 1 SOUSSE CENTRE VILLE - Bouhsina"
https://www.tecnocasa.tn/vendre/appartement/sousse/sousse-centre-ville/59269.html,https://cdn-media.medialabtc.it/tn/agencies/ssca5/estates/59269/images/342249/gallery_media.jpeg,1,data\csv\tecnocasa_real_estate_listings_all.csv,792,"Sousse Centre Ville, Rue du commandant Bejaoui - Cité Hached - Jawhara"
https://www.tecnocasa.tn/vendre/appartement/sousse/sousse-centre-ville/59269.html,https://cdn-media.medialabtc.it/tn/agencies/ssca5/estates/59269/images/342249/detail.jpeg,2,data\csv\tecnocasa_real_estate_listings_all.csv,792,"Sousse Centre Ville, Rue du commandant Bejaoui - Cité Hached - Jawhara"
https://www.tecnocasa.tn/vendre/appartement/sousse/sousse-centre-ville/60060.html,https://cdn-media.medialabtc.it/tn/agencies/ssca6/estates/60060/images/334597/detail.jpeg,1,data\csv\tecnocasa_real_estate_listings_all.csv,840,Sousse Centre Ville - La Corniche
https://www.tecnocasa.tn/vendre/appartement/sousse/sousse-centre-ville/60208.html,https://cdn-media.medialabtc.it/tn/agencies/ssca3/estates/60208/images/351283/detail.jpeg,1,data\csv\tecnocasa_real_estate_listings_all.csv,680,Sousse Centre Ville - Bouhsina
https://www.tecnocasa.tn/vendre/appartement/sousse/sousse-centre-ville/60389.html,https://cdn-media.medialabtc.it/tn/agencies/ssca6/estates/60389/images/337631/detail.jpeg,1,data\csv\tecnocasa_real_estate_listings_all.csv,780,Sousse Centre Ville - La Corniche
https://www.tecnocasa.tn/vendre/appartement/sousse/sousse-centre-ville/60549.html,https://cdn-media.medialabtc.it/tn/agencies/ssca6/estates/60549/images/339066/detail.jpeg,1,data\csv\tecnocasa_real_estate_listings_all.csv,782,Sousse Centre Ville - La Corniche
https://www.tecnocasa.tn/vendre/appartement/sousse/sousse-centre-ville/60650.html,https://cdn-media.medialabtc.it/tn/agencies/ssca5/estates/60650/images/339873/gallery_media.jpeg,1,data\csv\tecnocasa_real_estate_listings_all.csv,823,Sousse Centre Ville - Cité Hached - Jawhara
https://www.tecnocasa.tn/vendre/appartement/sousse/sousse-centre-ville/60650.html,https://cdn-media.medialabtc.it/tn/agencies/ssca5/estates/60650/images/339873/detail.jpeg,2,data\csv\tecnocasa_real_estate_listings_all.csv,823,Sousse Centre Ville - Cité Hached - Jawhara
https://www.tecnocasa.tn/vendre/appartement/sousse/sousse-centre-ville/60652.html,https://cdn-media.medialabtc.it/tn/agencies/ssca6/estates/60652/images/341018/detail.jpeg,1,data\csv\tecnocasa_real_estate_listings_all.csv,781,Sousse Centre Ville - La Corniche
https://www.tecnocasa.tn/vendre/appartement/sousse/sousse-centre-ville/60813.html,https://cdn-media.medialabtc.it/tn/agencies/ssca5/estates/60813/images/341276/detail.jpeg,1,data\csv\tecnocasa_real_estate_listings_all.csv,816,Sousse Centre Ville - Cité Hached - Jawhara
https://www.tecnocasa.tn/vendre/appartement/sousse/sousse-centre-ville/60837.html,https://cdn-media.medialabtc.it/tn/agencies/ssca3/estates/60837/images/341636/gallery_media.jpeg,1,data\csv\tecnocasa_real_estate_listings_all.csv,794,Sousse Centre Ville - Bouhsina
https://www.tecnocasa.tn/vendre/appartement/sousse/sousse-centre-ville/60837.html,https://cdn-media.medialabtc.it/tn/agencies/ssca3/estates/60837/images/341636/detail.jpeg,2,data\csv\tecnocasa_real_estate_listings_all.csv,794,Sousse Centre Ville - Bouhsina
https://www.tecnocasa.tn/vendre/appartement/sousse/sousse-centre-ville/60855.html,https://cdn-media.medialabtc.it/tn/agencies/ssca3/estates/60855/images/345316/detail.jpeg,1,data\csv\tecnocasa_real_estate_listings_all.csv,668,"Sousse Centre Ville, Rue du Commandant Bejaoui - Bouhsina"
https://www.tecnocasa.tn/vendre/appartement/sousse/sousse-centre-ville/61107.html,https://cdn-media.medialabtc.it/tn/agencies/ssca6/estates/61107/images/345925/detail.jpeg,1,data\csv\tecnocasa_real_estate_listings_all.csv,783,Sousse Centre Ville - La Corniche
https://www.tecnocasa.tn/vendre/appartement/sousse/sousse-centre-ville/61109.html,https://cdn-media.medialabtc.it/tn/agencies/ssca6/estates/61109/images/344635/detail.jpeg,1,data\csv\tecnocasa_real_estate_listings_all.csv,784,Sousse Centre Ville - La Corniche
https://www.tecnocasa.tn/vendre/appartement/sousse/sousse-centre-ville/61255.html,https://cdn-media.medialabtc.it/tn/agencies/ssca5/estates/61255/images/345666/gallery_media.jpeg,1,data\csv\tecnocasa_real_estate_listings_all.csv,793,Sousse Centre Ville - Cité Hached - Jawhara
https://www.tecnocasa.tn/vendre/appartement/sousse/sousse-centre-ville/61255.html,https://cdn-media.medialabtc.it/tn/agencies/ssca5/estates/61255/images/345666/detail.jpeg,2,data\csv\tecnocasa_real_estate_listings_all.csv,793,Sousse Centre Ville - Cité Hached - Jawhara
https://www.tecnocasa.tn/vendre/appartement/sousse/sousse-centre-ville/61256.html,https://cdn-media.medialabtc.it/tn/agencies/ssca5/estates/61256/images/345694/detail.jpeg,1,data\csv\tecnocasa_real_estate_listings_all.csv,690,"Sousse Centre Ville, Rue senghor - Cité Hached - Jawhara"
https://www.tecnocasa.tn/vendre/appartement/sousse/sousse-centre-ville/61292.html,https://cdn-media.medialabtc.it/tn/agencies/ssca6/estates/61292/images/350372/detail.jpeg,1,data\csv\tecnocasa_real_estate_listings_all.csv,760,Sousse Centre Ville - La Corniche
https://www.tecnocasa.tn/vendre/appartement/sousse/sousse-centre-ville/61333.html,https://cdn-media.medialabtc.it/tn/agencies/ssca3/estates/61333/images/354406/detail.jpeg,1,data\csv\tecnocasa_real_estate_listings_all.csv,738,"Sousse Centre Ville, Rue zoubeir ibn el awem - Bouhsina"
https://www.tecnocasa.tn/vendre/appartement/sousse/sousse-centre-ville/61669.html,https://cdn-media.medialabtc.it/tn/agencies/ssca3/estates/61669/images/350874/detail.jpeg,1,data\csv\tecnocasa_real_estate_listings_all.csv,709,"Sousse Centre Ville, Rue ali ibn abi taleb - Bouhsina"
https://www.tecnocasa.tn/vendre/appartement/sousse/sousse-centre-ville/62134.html,https://cdn-media.medialabtc.it/tn/agencies/ssca5/estates/62134/images/353474/gallery_media.jpeg,1,data\csv\tecnocasa_real_estate_listings_all.csv,748,Sousse Centre Ville - Cité Hached - Jawhara
https://www.tecnocasa.tn/vendre/appartement/sousse/sousse-centre-ville/62319.html,https://cdn-media.medialabtc.it/tn/agencies/ssca3/estates/62319/images/354811/gallery_media.jpeg,1,data\csv\tecnocasa_real_estate_listings_all.csv,688,"Sousse Centre Ville, Rue ali ibn ali taleb - Bouhsina"
https://www.tecnocasa.tn/vendre/appartement/sousse/sousse-centre-ville/62319.html,https://cdn-media.medialabtc.it/tn/agencies/ssca3/estates/62319/images/354811/detail.jpeg,2,data\csv\tecnocasa_real_estate_listings_all.csv,688,"Sousse Centre Ville, Rue ali ibn ali taleb - Bouhsina"
https://www.tecnocasa.tn/vendre/appartement/sousse/sousse-centre-ville/62922.html,https://cdn-media.medialabtc.it/tn/agencies/ssca6/estates/62922/images/359738/detail.jpeg,1,data\csv\tecnocasa_real_estate_listings_all.csv,710,Sousse Centre Ville - La Corniche
https://www.tecnocasa.tn/vendre/appartement/sousse/sousse-centre-ville/62975.html,https://cdn-media.medialabtc.it/tn/agencies/ssca3/estates/62975/images/362555/detail.jpeg,1,data\csv\tecnocasa_real_estate_listings_all.csv,682,Sousse Centre Ville - Bouhsina
https://www.tecnocasa.tn/vendre/appartement/sousse/sousse-centre-ville/63421.html,https://cdn-media.medialabtc.it/tn/agencies/ssca5/estates/63421/images/364140/gallery_media.jpeg,1,data\csv\tecnocasa_real_estate_listings_all.csv,674,Sousse Centre Ville - Cité Hached - Jawhara
https://www.tecnocasa.tn/vendre/appartement/sousse/sousse-centre-ville/63421.html,https://cdn-media.medialabtc.it/tn/agencies/ssca5/estates/63421/images/364140/detail.jpeg,2,data\csv\tecnocasa_real_estate_listings_all.csv,674,Sousse Centre Ville - Cité Hached - Jawhara
https://www.tecnocasa.tn/vendre/appartement/sousse/sousse-centre-ville/63700.html,https://cdn-media.medialabtc.it/tn/agencies/ssca5/estates/63700/images/367707/gallery_media.jpeg,1,data\csv\tecnocasa_real_estate_listings_all.csv,628,Sousse Centre Ville - Bouhsina
https://www.tecnocasa.tn/vendre/appartement/sousse/sousse-centre-ville/63700.html,https://cdn-media.medialabtc.it/tn/agencies/ssca5/estates/63700/images/367707/detail.jpeg,2,data\csv\tecnocasa_real_estate_listings_all.csv,628,Sousse Centre Ville - Bouhsina
https://www.tecnocasa.tn/vendre/appartement/sousse/sousse-centre-ville/63702.html,https://cdn-media.medialabtc.it/tn/agencies/ssca5/estates/63702/images/367695/detail.jpeg,1,data\csv\tecnocasa_real_estate_listings_all.csv,630,Sousse Centre Ville - Cité Hached - Jawhara
https://www.tecnocasa.tn/vendre/appartement/sousse/sousse-centre-ville/63763.html,https://cdn-media.medialabtc.it/tn/agencies/ssca5/estates/63763/images/368025/gallery_media.jpeg,1,data\csv\tecnocasa_real_estate_listings_all.csv,623,Sousse Centre Ville - Cité Hached - Jawhara
https://www.tecnocasa.tn/vendre/appartement/sousse/sousse-centre-ville/63763.html,https://cdn-media.medialabtc.it/tn/agencies/ssca5/estates/63763/images/368025/detail.jpeg,2,data\csv\tecnocasa_real_estate_listings_all.csv,623,Sousse Centre Ville - Cité Hached - Jawhara
https://www.tecnocasa.tn/vendre/appartement/sousse/sousse-riadh/57928.html,https://cdn-media.medialabtc.it/tn/agencies/ssca4/estates/57928/images/344057/gallery_media.jpeg,1,data\csv\tecnocasa_real_estate_listings_all.csv,621,"Sousse Riadh, Rue des états-unis - Cité Riadh"
https://www.tecnocasa.tn/vendre/appartement/sousse/sousse-riadh/57928.html,https://cdn-media.medialabtc.it/tn/agencies/ssca4/estates/57928/images/344057/detail.jpeg,2,data\csv\tecnocasa_real_estate_listings_all.csv,621,"Sousse Riadh, Rue des états-unis - Cité Riadh"
https://www.tecnocasa.tn/vendre/appartement/sousse/sousse-riadh/58188.html,https://cdn-media.medialabtc.it/tn/agencies/ssca4/estates/58188/images/344041/gallery_media.jpeg,1,data\csv\tecnocasa_real_estate_listings_all.csv,614,"Sousse Riadh, Rue Japan - Cité Riadh"
https://www.tecnocasa.tn/vendre/appartement/sousse/sousse-riadh/58188.html,https://cdn-media.medialabtc.it/tn/agencies/ssca4/estates/58188/images/344041/detail.jpeg,2,data\csv\tecnocasa_real_estate_listings_all.csv,614,"Sousse Riadh, Rue Japan - Cité Riadh"
https://www.tecnocasa.tn/vendre/appartement/sousse/sousse-riadh/60974.html,https://cdn-media.medialabtc.it/tn/agencies/ssca4/estates/60974/images/344231/gallery_media.jpeg,1,data\csv\tecnocasa_real_estate_listings_all.csv,612,"Sousse Riadh, Rue Japan - Cité Riadh"
https://www.tecnocasa.tn/vendre/appartement/sousse/sousse-riadh/60974.html,https://cdn-media.medialabtc.it/tn/agencies/ssca4/estates/60974/images/344231/detail.jpeg,2,data\csv\tecnocasa_real_estate_listings_all.csv,612,"Sousse Riadh, Rue Japan - Cité Riadh"
https://www.tecnocasa.tn/vendre/appartement/sousse/sousse-riadh/62328.html,https://cdn-media.medialabtc.it/tn/agencies/ssca4/estates/62328/images/356714/detail.jpeg,1,data\csv\tecnocasa_real_estate_listings_all.csv,648,"Sousse Riadh, Rue Japan - Cité Riadh"
https://www.tecnocasa.tn/vendre/bureau/grand-tunis/manar/60281.html,https://cdn-media.medialabtc.it/tn/agencies/tuch4/estates/60281/images/336651/detail.jpeg,1,data\csv\tecnocasa_real_estate_listings_all.csv,1094,Manar - Manar 2-3
https://www.tecnocasa.tn/vendre/bureau/mahdia/mahdia/58236.html,https://cdn-media.medialabtc.it/tn/agencies/mdca1/estates/58236/images/340208/gallery_media.jpeg,1,data\csv\tecnocasa_real_estate_listings_all.csv,289,Mahdia - Zouila
https://www.tecnocasa.tn/vendre/bureau/mahdia/mahdia/58236.html,https://cdn-media.medialabtc.it/tn/agencies/mdca1/estates/58236/images/340208/detail.jpeg,2,data\csv\tecnocasa_real_estate_listings_all.csv,289,Mahdia - Zouila
https://www.tecnocasa.tn/vendre/ferme/cap-bon/nabeul/48443.html,https://cdn-media.medialabtc.it/tn/agencies/naca1/estates/48443/images/230667/detail.jpeg,1,data\csv\tecnocasa_real_estate_listings_all.csv,175,Nabeul - Nabeul Centre-Ville
https://www.tecnocasa.tn/vendre/ferme/kairouan/kairouan/60869.html,https://cdn-media.medialabtc.it/tn/agencies/kair1/estates/60869/images/352822/detail.jpeg,1,data\csv\tecnocasa_real_estate_listings_all.csv,265,"Kairouan, Chbika kairouan"
https://www.tecnocasa.tn/vendre/terrain/bizerte/bizerte/47192.html,https://cdn-media.medialabtc.it/tn/agencies/bzco1/estates/47192/images/218490/detail.jpeg,1,data\csv\tecnocasa_real_estate_listings_all.csv,55,Bizerte
https://www.tecnocasa.tn/vendre/terrain/bizerte/bizerte/47265.html,https://cdn-media.medialabtc.it/tn/agencies/bzco1/estates/47265/images/218491/detail.jpeg,1,data\csv\tecnocasa_real_estate_listings_all.csv,52,Bizerte
https://www.tecnocasa.tn/vendre/terrain/bizerte/bizerte/48189.html,https://cdn-media.medialabtc.it/tn/agencies/bzco1/estates/48189/images/229049/detail.jpeg,1,data\csv\tecnocasa_real_estate_listings_all.csv,40,Bizerte
https://www.tecnocasa.tn/vendre/terrain/bizerte/bizerte/55393.html,https://cdn-media.medialabtc.it/tn/agencies/bzco1/estates/55393/images/302648/detail.jpeg,1,data\csv\tecnocasa_real_estate_listings_all.csv,50,Bizerte
https://www.tecnocasa.tn/vendre/terrain/bizerte/bizerte/56159.html,https://cdn-media.medialabtc.it/tn/agencies/bzco1/estates/56159/images/302600/detail.jpeg,1,data\csv\tecnocasa_real_estate_listings_all.csv,51,Bizerte
https://www.tecnocasa.tn/vendre/terrain/bizerte/bizerte/56298.html,https://cdn-media.medialabtc.it/tn/agencies/bzco1/estates/56298/images/320707/detail.jpeg,1,data\csv\tecnocasa_real_estate_listings_all.csv,41,Bizerte
https://www.tecnocasa.tn/vendre/terrain/bizerte/bizerte/56370.html,https://cdn-media.medialabtc.it/tn/agencies/bzco1/estates/56370/images/302603/detail.jpeg,1,data\csv\tecnocasa_real_estate_listings_all.csv,9,Bizerte
https://www.tecnocasa.tn/vendre/terrain/bizerte/bizerte/56372.html,https://cdn-media.medialabtc.it/tn/agencies/bzco1/estates/56372/images/302602/detail.jpeg,1,data\csv\tecnocasa_real_estate_listings_all.csv,8,Bizerte
https://www.tecnocasa.tn/vendre/terrain/bizerte/bizerte/56733.html,https://cdn-media.medialabtc.it/tn/agencies/bzco1/estates/56733/images/305082/gallery_media.jpeg,1,data\csv\tecnocasa_real_estate_listings_all.csv,47,Bizerte
https://www.tecnocasa.tn/vendre/terrain/bizerte/bizerte/56733.html,https://cdn-media.medialabtc.it/tn/agencies/bzco1/estates/56733/images/305082/detail.jpeg,2,data\csv\tecnocasa_real_estate_listings_all.csv,47,Bizerte
https://www.tecnocasa.tn/vendre/terrain/cap-bon/hammamet/34329.html,https://cdn-media.medialabtc.it/tn/agencies/naha2/estates/34329/images/248396/detail.jpeg,1,data\csv\tecnocasa_real_estate_listings_all.csv,183,"Hammamet, Kharrouba Hammamet nord - Hammamet Nord"
https://www.tecnocasa.tn/vendre/terrain/cap-bon/hammamet/36522.html,https://cdn-media.medialabtc.it/tn/agencies/naha2/estates/36522/images/248377/gallery_media.jpeg,1,data\csv\tecnocasa_real_estate_listings_all.csv,182,"Hammamet, Cité diamant - Hammamet Nord"
https://www.tecnocasa.tn/vendre/terrain/cap-bon/hammamet/36522.html,https://cdn-media.medialabtc.it/tn/agencies/naha2/estates/36522/images/248377/detail.jpeg,2,data\csv\tecnocasa_real_estate_listings_all.csv,182,"Hammamet, Cité diamant - Hammamet Nord"
https://www.tecnocasa.tn/vendre/terrain/cap-bon/hammamet/38992.html,https://cdn-media.medialabtc.it/tn/agencies/naha2/estates/38992/images/171612/gallery_media.jpeg,1,data\csv\tecnocasa_real_estate_listings_all.csv,181,"Hammamet, Hammamet nord - Hammamet Nord"
https://www.tecnocasa.tn/vendre/terrain/cap-bon/hammamet/38992.html,https://cdn-media.medialabtc.it/tn/agencies/naha2/estates/38992/images/171612/detail.jpeg,2,data\csv\tecnocasa_real_estate_listings_all.csv,181,"Hammamet, Hammamet nord - Hammamet Nord"
https://www.tecnocasa.tn/vendre/terrain/cap-bon/hammamet/42152.html,https://cdn-media.medialabtc.it/tn/agencies/naha3/estates/42152/images/184790/detail.jpeg,1,data\csv\tecnocasa_real_estate_listings_all.csv,187,"Hammamet, Rue bilasure yasmine hammamet - Hammamet Sud"
https://www.tecnocasa.tn/vendre/terrain/cap-bon/hammamet/43244.html,https://cdn-media.medialabtc.it/tn/agencies/naha3/estates/43244/images/193758/detail.jpeg,1,data\csv\tecnocasa_real_estate_listings_all.csv,204,"Hammamet, Barreket essehel - Barreket Essahel"
https://www.tecnocasa.tn/vendre/terrain/cap-bon/hammamet/44683.html,https://cdn-media.medialabtc.it/tn/agencies/naha1/estates/44683/images/271479/detail.jpeg,1,data\csv\tecnocasa_real_estate_listings_all.csv,224,Hammamet - Hammamet Centre
https://www.tecnocasa.tn/vendre/terrain/cap-bon/hammamet/45482.html,https://cdn-media.medialabtc.it/tn/agencies/naha3/estates/45482/images/205400/detail.jpeg,1,data\csv\tecnocasa_real_estate_listings_all.csv,203,"Hammamet, Rue Bouficha - Hammamet Sud"
https://www.tecnocasa.tn/vendre/terrain/cap-bon/hammamet/48074.html,https://cdn-media.medialabtc.it/tn/agencies/naha3/estates/48074/images/229663/detail.jpeg,1,data\csv\tecnocasa_real_estate_listings_all.csv,201,"Hammamet, Hammamet Sud - Hammamet Sud"
https://www.tecnocasa.tn/vendre/terrain/cap-bon/hammamet/48240.html,https://cdn-media.medialabtc.it/tn/agencies/naha2/estates/48240/images/248046/detail.jpeg,1,data\csv\tecnocasa_real_estate_listings_all.csv,230,"Hammamet, Rue Kharouba - Hammamet Nord"
https://www.tecnocasa.tn/vendre/terrain/cap-bon/hammamet/49149.html,https://cdn-media.medialabtc.it/tn/agencies/naha2/estates/49149/images/248365/detail.jpeg,1,data\csv\tecnocasa_real_estate_listings_all.csv,229,"Hammamet, Mrezga montagne - Hammamet Nord"
https://www.tecnocasa.tn/vendre/terrain/cap-bon/hammamet/52549.html,https://cdn-media.medialabtc.it/tn/agencies/naha3/estates/52549/images/270498/detail.jpeg,1,data\csv\tecnocasa_real_estate_listings_all.csv,199,"Hammamet, Yasmine Hammamet - Hammamet Sud"
https://www.tecnocasa.tn/vendre/terrain/cap-bon/hammamet/52899.html,https://cdn-media.medialabtc.it/tn/agencies/naha1/estates/52899/images/268962/gallery_media.jpeg,1,data\csv\tecnocasa_real_estate_listings_all.csv,221,Hammamet - Hammamet Centre
https://www.tecnocasa.tn/vendre/terrain/cap-bon/hammamet/52899.html,https://cdn-media.medialabtc.it/tn/agencies/naha1/estates/52899/images/268962/detail.jpeg,2,data\csv\tecnocasa_real_estate_listings_all.csv,221,Hammamet - Hammamet Centre
https://www.tecnocasa.tn/vendre/terrain/cap-bon/hammamet/53586.html,https://cdn-media.medialabtc.it/tn/agencies/naha1/estates/53586/images/289750/detail.jpeg,1,data\csv\tecnocasa_real_estate_listings_all.csv,219,Hammamet - Hammamet Centre
https://www.tecnocasa.tn/vendre/terrain/cap-bon/hammamet/53911.html,https://cdn-media.medialabtc.it/tn/agencies/naha1/estates/53911/images/277779/detail.jpeg,1,data\csv\tecnocasa_real_estate_listings_all.csv,220,Hammamet - Hammamet Centre
https://www.tecnocasa.tn/vendre/terrain/cap-bon/hammamet/55911.html,https://cdn-media.medialabtc.it/tn/agencies/naha2/estates/55911/images/297719/detail.jpeg,1,data\csv\tecnocasa_real_estate_listings_all.csv,63,"Hammamet, Rue mrezga - Hammamet Nord"
https://www.tecnocasa.tn/vendre/terrain/cap-bon/hammamet/56906.html,https://cdn-media.medialabtc.it/tn/agencies/naha2/estates/56906/images/315704/detail.jpeg,1,data\csv\tecnocasa_real_estate_listings_all.csv,64,"Hammamet, Mrezga, Rue gharnata - Hammamet Nord"
https://www.tecnocasa.tn/vendre/terrain/cap-bon/hammamet/57176.html,https://cdn-media.medialabtc.it/tn/agencies/naha2/estates/57176/images/308025/detail.jpeg,1,data\csv\tecnocasa_real_estate_listings_all.csv,184,"Hammamet, Hammamet nord - Hammamet Nord"
https://www.tecnocasa.tn/vendre/terrain/cap-bon/hammamet/58265.html,https://cdn-media.medialabtc.it/tn/agencies/naha1/estates/58265/images/317009/detail.jpeg,1,data\csv\tecnocasa_real_estate_listings_all.csv,217,Hammamet - Hammamet Centre
https://www.tecnocasa.tn/vendre/terrain/cap-bon/hammamet/61034.html,https://cdn-media.medialabtc.it/tn/agencies/naha2/estates/61034/images/345437/detail.jpeg,1,data\csv\tecnocasa_real_estate_listings_all.csv,232,"Hammamet, Mrezga, près du L'hôpital - Hammamet Nord"
https://www.tecnocasa.tn/vendre/terrain/cap-bon/hammamet/61496.html,https://cdn-media.medialabtc.it/tn/agencies/naha1/estates/61496/images/347780/detail.jpeg,1,data\csv\tecnocasa_real_estate_listings_all.csv,215,Hammamet - Hammamet Centre
https://www.tecnocasa.tn/vendre/terrain/cap-bon/hammamet/62155.html,https://cdn-media.medialabtc.it/tn/agencies/naha1/estates/62155/images/353233/detail.jpeg,1,data\csv\tecnocasa_real_estate_listings_all.csv,213,Hammamet - Hammamet Centre
https://www.tecnocasa.tn/vendre/terrain/cap-bon/hammamet/62260.html,https://cdn-media.medialabtc.it/tn/agencies/naha1/estates/62260/images/354214/detail.jpeg,1,data\csv\tecnocasa_real_estate_listings_all.csv,211,Hammamet - Hammamet Centre
https://www.tecnocasa.tn/vendre/terrain/cap-bon/hammamet/62868.html,https://cdn-media.medialabtc.it/tn/agencies/naha1/estates/62868/images/360047/detail.jpeg,1,data\csv\tecnocasa_real_estate_listings_all.csv,102,Hammamet - Hammamet Centre
https://www.tecnocasa.tn/vendre/terrain/cap-bon/kelibia/50479.html,https://cdn-media.medialabtc.it/tn/agencies/naca4/estates/50479/images/365217/gallery_media.jpeg,1,data\csv\tecnocasa_real_estate_listings_all.csv,76,"Kélibia, Av de lenvironment"
https://www.tecnocasa.tn/vendre/terrain/cap-bon/kelibia/50479.html,https://cdn-media.medialabtc.it/tn/agencies/naca4/estates/50479/images/365217/detail.jpeg,2,data\csv\tecnocasa_real_estate_listings_all.csv,76,"Kélibia, Av de lenvironment"
https://www.tecnocasa.tn/vendre/terrain/cap-bon/kelibia/55545.html,https://cdn-media.medialabtc.it/tn/agencies/naca4/estates/55545/images/357000/gallery_media.jpeg,1,data\csv\tecnocasa_real_estate_listings_all.csv,77,"Kélibia, Av de la ligne arabe"
https://www.tecnocasa.tn/vendre/terrain/cap-bon/kelibia/55545.html,https://cdn-media.medialabtc.it/tn/agencies/naca4/estates/55545/images/357000/detail.jpeg,2,data\csv\tecnocasa_real_estate_listings_all.csv,77,"Kélibia, Av de la ligne arabe"
https://www.tecnocasa.tn/vendre/terrain/cap-bon/kelibia/56599.html,https://cdn-media.medialabtc.it/tn/agencies/naca4/estates/56599/images/339673/detail.jpeg,1,data\csv\tecnocasa_real_estate_listings_all.csv,73,"Kélibia, Cité Erriadh"
https://www.tecnocasa.tn/vendre/terrain/cap-bon/kelibia/58545.html,https://cdn-media.medialabtc.it/tn/agencies/naca4/estates/58545/images/364738/detail.jpeg,1,data\csv\tecnocasa_real_estate_listings_all.csv,74,"Kélibia, Cité mamounia"
https://www.tecnocasa.tn/vendre/terrain/cap-bon/kelibia/59516.html,https://cdn-media.medialabtc.it/tn/agencies/naca4/estates/59516/images/363024/detail.jpeg,1,data\csv\tecnocasa_real_estate_listings_all.csv,95,"Kélibia, Av de L'environnement"
https://www.tecnocasa.tn/vendre/terrain/cap-bon/kelibia/60272.html,https://cdn-media.medialabtc.it/tn/agencies/naca4/estates/60272/images/349269/detail.jpeg,1,data\csv\tecnocasa_real_estate_listings_all.csv,96,"Kélibia, Dar Allouch"
https://www.tecnocasa.tn/vendre/terrain/cap-bon/kelibia/61827.html,https://cdn-media.medialabtc.it/tn/agencies/naca4/estates/61827/images/365860/detail.jpeg,1,data\csv\tecnocasa_real_estate_listings_all.csv,71,"Kélibia, Rue Tagdimen"
https://www.tecnocasa.tn/vendre/terrain/cap-bon/kelibia/62109.html,https://cdn-media.medialabtc.it/tn/agencies/naca4/estates/62109/images/365116/detail.jpeg,1,data\csv\tecnocasa_real_estate_listings_all.csv,70,"Kélibia, Ain grenz"
https://www.tecnocasa.tn/vendre/terrain/cap-bon/nabeul/43608.html,https://cdn-media.medialabtc.it/tn/agencies/naca1/estates/43608/images/195686/detail.jpeg,1,data\csv\tecnocasa_real_estate_listings_all.csv,109,Nabeul - Nabeul Centre-Ville
https://www.tecnocasa.tn/vendre/terrain/cap-bon/nabeul/48100.html,https://cdn-media.medialabtc.it/tn/agencies/naca1/estates/48100/images/225816/detail.jpeg,1,data\csv\tecnocasa_real_estate_listings_all.csv,185,Nabeul - Nabeul Centre-Ville
https://www.tecnocasa.tn/vendre/terrain/cap-bon/nabeul/49246.html,https://cdn-media.medialabtc.it/tn/agencies/naca1/estates/49246/images/237697/detail.jpeg,1,data\csv\tecnocasa_real_estate_listings_all.csv,101,Nabeul - Nabeul Centre-Ville
https://www.tecnocasa.tn/vendre/terrain/cap-bon/nabeul/51204.html,https://cdn-media.medialabtc.it/tn/agencies/naca1/estates/51204/images/263949/detail.jpeg,1,data\csv\tecnocasa_real_estate_listings_all.csv,209,Nabeul - Nabeul Centre-Ville
https://www.tecnocasa.tn/vendre/terrain/cap-bon/nabeul/54046.html,https://cdn-media.medialabtc.it/tn/agencies/naca1/estates/54046/images/280751/detail.jpeg,1,data\csv\tecnocasa_real_estate_listings_all.csv,100,Nabeul - Nabeul Centre-Ville
https://www.tecnocasa.tn/vendre/terrain/cap-bon/nabeul/55944.html,https://cdn-media.medialabtc.it/tn/agencies/naca1/estates/55944/images/297743/detail.jpeg,1,data\csv\tecnocasa_real_estate_listings_all.csv,177,Nabeul - Nabeul Centre-Ville
https://www.tecnocasa.tn/vendre/terrain/cap-bon/nabeul/56772.html,https://cdn-media.medialabtc.it/tn/agencies/naca2/estates/56772/images/311049/gallery_media.jpeg,1,data\csv\tecnocasa_real_estate_listings_all.csv,135,"Nabeul, Rue x2 - Nabeul AFH"
https://www.tecnocasa.tn/vendre/terrain/cap-bon/nabeul/56772.html,https://cdn-media.medialabtc.it/tn/agencies/naca2/estates/56772/images/311049/detail.jpeg,2,data\csv\tecnocasa_real_estate_listings_all.csv,135,"Nabeul, Rue x2 - Nabeul AFH"
https://www.tecnocasa.tn/vendre/terrain/cap-bon/nabeul/56839.html,https://cdn-media.medialabtc.it/tn/agencies/naca1/estates/56839/images/323086/gallery_media.jpeg,1,data\csv\tecnocasa_real_estate_listings_all.csv,167,Nabeul - Nabeul Centre-Ville
https://www.tecnocasa.tn/vendre/terrain/cap-bon/nabeul/56839.html,https://cdn-media.medialabtc.it/tn/agencies/naca1/estates/56839/images/323086/detail.jpeg,2,data\csv\tecnocasa_real_estate_listings_all.csv,167,Nabeul - Nabeul Centre-Ville
https://www.tecnocasa.tn/vendre/terrain/cap-bon/nabeul/57704.html,https://cdn-media.medialabtc.it/tn/agencies/naca1/estates/57704/images/314606/detail.jpeg,1,data\csv\tecnocasa_real_estate_listings_all.csv,186,Nabeul - Nabeul Centre-Ville
https://www.tecnocasa.tn/vendre/terrain/cap-bon/nabeul/58040.html,https://cdn-media.medialabtc.it/tn/agencies/naca2/estates/58040/images/316078/detail.jpeg,1,data\csv\tecnocasa_real_estate_listings_all.csv,233,Nabeul - Nabeul AFH
https://www.tecnocasa.tn/vendre/terrain/cap-bon/nabeul/58186.html,https://cdn-media.medialabtc.it/tn/agencies/naca2/estates/58186/images/320117/gallery_media.jpeg,1,data\csv\tecnocasa_real_estate_listings_all.csv,137,"Nabeul, Sidi el mahersi - Les Deux Oueds"
https://www.tecnocasa.tn/vendre/terrain/cap-bon/nabeul/58186.html,https://cdn-media.medialabtc.it/tn/agencies/naca2/estates/58186/images/320117/detail.jpeg,2,data\csv\tecnocasa_real_estate_listings_all.csv,137,"Nabeul, Sidi el mahersi - Les Deux Oueds"
https://www.tecnocasa.tn/vendre/terrain/cap-bon/nabeul/59184.html,https://cdn-media.medialabtc.it/tn/agencies/naca1/estates/59184/images/335373/detail.jpeg,1,data\csv\tecnocasa_real_estate_listings_all.csv,171,Nabeul - Nabeul Centre-Ville
https://www.tecnocasa.tn/vendre/terrain/cap-bon/nabeul/59410.html,https://cdn-media.medialabtc.it/tn/agencies/naca1/estates/59410/images/330707/detail.jpeg,1,data\csv\tecnocasa_real_estate_listings_all.csv,154,Nabeul - Nabeul Centre-Ville
https://www.tecnocasa.tn/vendre/terrain/cap-bon/nabeul/60515.html,https://cdn-media.medialabtc.it/tn/agencies/naca1/estates/60515/images/338942/detail.jpeg,1,data\csv\tecnocasa_real_estate_listings_all.csv,169,Nabeul - Nabeul Centre-Ville
https://www.tecnocasa.tn/vendre/terrain/cap-bon/nabeul/60566.html,https://cdn-media.medialabtc.it/tn/agencies/naca1/estates/60566/images/340197/detail.jpeg,1,data\csv\tecnocasa_real_estate_listings_all.csv,168,Nabeul - Nabeul Centre-Ville
https://www.tecnocasa.tn/vendre/terrain/cap-bon/nabeul/61135.html,https://cdn-media.medialabtc.it/tn/agencies/naca1/estates/61135/images/344602/detail.jpeg,1,data\csv\tecnocasa_real_estate_listings_all.csv,163,Nabeul - Nabeul Centre-Ville
https://www.tecnocasa.tn/vendre/terrain/cap-bon/nabeul/61525.html,https://cdn-media.medialabtc.it/tn/agencies/naca1/estates/61525/images/348986/gallery_media.jpeg,1,data\csv\tecnocasa_real_estate_listings_all.csv,152,Nabeul - Nabeul Centre-Ville
https://www.tecnocasa.tn/vendre/terrain/cap-bon/nabeul/61525.html,https://cdn-media.medialabtc.it/tn/agencies/naca1/estates/61525/images/348986/detail.jpeg,2,data\csv\tecnocasa_real_estate_listings_all.csv,152,Nabeul - Nabeul Centre-Ville
https://www.tecnocasa.tn/vendre/terrain/cap-bon/nabeul/62270.html,https://cdn-media.medialabtc.it/tn/agencies/naca1/estates/62270/images/355716/gallery_media.jpeg,1,data\csv\tecnocasa_real_estate_listings_all.csv,105,Nabeul - Nabeul Centre-Ville
https://www.tecnocasa.tn/vendre/terrain/cap-bon/nabeul/62270.html,https://cdn-media.medialabtc.it/tn/agencies/naca1/estates/62270/images/355716/detail.jpeg,2,data\csv\tecnocasa_real_estate_listings_all.csv,105,Nabeul - Nabeul Centre-Ville
https://www.tecnocasa.tn/vendre/terrain/cap-bon/nabeul/63419.html,https://cdn-media.medialabtc.it/tn/agencies/naca1/estates/63419/images/364382/detail.jpeg,1,data\csv\tecnocasa_real_estate_listings_all.csv,68,Nabeul - Nabeul Centre-Ville
https://www.tecnocasa.tn/vendre/terrain/cap-bon/soliman/63742.html,https://cdn-media.medialabtc.it/tn/agencies/tuhd2/estates/63742/images/367671/gallery_media.jpeg,1,data\csv\tecnocasa_real_estate_listings_all.csv,208,"Soliman, Soliman plage"
https://www.tecnocasa.tn/vendre/terrain/cap-bon/soliman/63742.html,https://cdn-media.medialabtc.it/tn/agencies/tuhd2/estates/63742/images/367671/detail.jpeg,2,data\csv\tecnocasa_real_estate_listings_all.csv,208,"Soliman, Soliman plage"
https://www.tecnocasa.tn/vendre/terrain/grand-tunis/ain-zaghouan/45586.html,https://cdn-media.medialabtc.it/tn/agencies/tuhb2/estates/45586/images/206477/detail.jpeg,1,data\csv\tecnocasa_real_estate_listings_all.csv,1470,"Ain Zaghouan, Rue kronfol - Ain Zaghouane"
https://www.tecnocasa.tn/vendre/terrain/grand-tunis/ariana/46625.html,https://cdn-media.medialabtc.it/tn/agencies/tuha9/estates/46625/images/257095/detail.jpeg,1,data\csv\tecnocasa_real_estate_listings_all.csv,1468,Ariana - Ariana Ville
https://www.tecnocasa.tn/vendre/terrain/grand-tunis/ariana/53157.html,https://cdn-media.medialabtc.it/tn/agencies/tuha2/estates/53157/images/273390/detail.jpeg,1,data\csv\tecnocasa_real_estate_listings_all.csv,1461,Ariana - Riadh Landalous
https://www.tecnocasa.tn/vendre/terrain/grand-tunis/ariana/55329.html,https://cdn-media.medialabtc.it/tn/agencies/tuha9/estates/55329/images/330008/detail.jpeg,1,data\csv\tecnocasa_real_estate_listings_all.csv,1344,Ariana - Ariana Superieur
https://www.tecnocasa.tn/vendre/terrain/grand-tunis/ariana/55528.html,https://cdn-media.medialabtc.it/tn/agencies/tuha8/estates/55528/images/299270/detail.jpeg,1,data\csv\tecnocasa_real_estate_listings_all.csv,1438,"Ariana, Cité sahafa - Cité Essahafa"
https://www.tecnocasa.tn/vendre/terrain/grand-tunis/ariana/56036.html,https://cdn-media.medialabtc.it/tn/agencies/tuha9/estates/56036/images/298024/detail.jpeg,1,data\csv\tecnocasa_real_estate_listings_all.csv,1446,Ariana - Ariana Superieur
https://www.tecnocasa.tn/vendre/terrain/grand-tunis/ariana/59142.html,https://cdn-media.medialabtc.it/tn/agencies/tuha9/estates/59142/images/329039/detail.jpeg,1,data\csv\tecnocasa_real_estate_listings_all.csv,1233,Ariana - Ariana Superieur
https://www.tecnocasa.tn/vendre/terrain/grand-tunis/ariana/60544.html,https://cdn-media.medialabtc.it/tn/agencies/tuha6/estates/60544/images/338677/detail.jpeg,1,data\csv\tecnocasa_real_estate_listings_all.csv,1358,Ariana - Hedi Nouira Ariana
https://www.tecnocasa.tn/vendre/terrain/grand-tunis/ariana/61195.html,https://cdn-media.medialabtc.it/tn/agencies/tuha8/estates/61195/images/346728/detail.jpeg,1,data\csv\tecnocasa_real_estate_listings_all.csv,1294,"Ariana, Rue de L'arbitrage - Cité Essahafa"
https://www.tecnocasa.tn/vendre/terrain/grand-tunis/ariana/62173.html,https://cdn-media.medialabtc.it/tn/agencies/tuha2/estates/62173/images/354439/detail.jpeg,1,data\csv\tecnocasa_real_estate_listings_all.csv,1150,Ariana - Riadh Landalous
https://www.tecnocasa.tn/vendre/terrain/grand-tunis/ariana/62284.html,https://cdn-media.medialabtc.it/tn/agencies/tuha2/estates/62284/images/354461/detail.jpeg,1,data\csv\tecnocasa_real_estate_listings_all.csv,1217,Ariana - Cité El Ghazala
https://www.tecnocasa.tn/vendre/terrain/grand-tunis/ariana/62765.html,https://cdn-media.medialabtc.it/tn/agencies/tuha2/estates/62765/images/359137/detail.jpeg,1,data\csv\tecnocasa_real_estate_listings_all.csv,1149,Ariana - Riadh Landalous
https://www.tecnocasa.tn/vendre/terrain/grand-tunis/ariana/62827.html,https://cdn-media.medialabtc.it/tn/agencies/tuaa1/estates/62827/images/362762/detail.jpeg,1,data\csv\tecnocasa_real_estate_listings_all.csv,1080,"Ariana, Rue El Weslatia - Hedi Nouira Ariana"
https://www.tecnocasa.tn/vendre/terrain/grand-tunis/ariana/63064.html,https://cdn-media.medialabtc.it/tn/agencies/tuha2/estates/63064/images/361409/detail.jpeg,1,data\csv\tecnocasa_real_estate_listings_all.csv,1110,Ariana - Riadh Landalous
https://www.tecnocasa.tn/vendre/terrain/grand-tunis/ariana/63260.html,https://cdn-media.medialabtc.it/tn/agencies/tuaa1/estates/63260/images/363251/detail.jpeg,1,data\csv\tecnocasa_real_estate_listings_all.csv,1066,"Ariana, Rue maamoura - Hedi Nouira Ariana"
https://www.tecnocasa.tn/vendre/terrain/grand-tunis/ariana/63263.html,https://cdn-media.medialabtc.it/tn/agencies/tuha2/estates/63263/images/362908/detail.jpeg,1,data\csv\tecnocasa_real_estate_listings_all.csv,1073,Ariana - Riadh Landalous
https://www.tecnocasa.tn/vendre/terrain/grand-tunis/ben-arous/60102.html,https://cdn-media.medialabtc.it/tn/agencies/tucc1/estates/60102/images/339459/gallery_media.jpeg,1,data\csv\tecnocasa_real_estate_listings_all.csv,1016,"Ben Arous, Rue Naser bay Ben Arouss - Cité Ettaamir"
https://www.tecnocasa.tn/vendre/terrain/grand-tunis/ben-arous/60102.html,https://cdn-media.medialabtc.it/tn/agencies/tucc1/estates/60102/images/370019/detail.jpeg,2,data\csv\tecnocasa_real_estate_listings_all.csv,1016,"Ben Arous, Rue Naser bay Ben Arouss - Cité Ettaamir"
https://www.tecnocasa.tn/vendre/terrain/grand-tunis/ben-arous/60804.html,https://cdn-media.medialabtc.it/tn/agencies/tucc1/estates/60804/images/342671/gallery_media.jpeg,1,data\csv\tecnocasa_real_estate_listings_all.csv,1017,"Ben Arous, Ben Arouss"
https://www.tecnocasa.tn/vendre/terrain/grand-tunis/ben-arous/60804.html,https://cdn-media.medialabtc.it/tn/agencies/tucc1/estates/60804/images/342671/detail.jpeg,2,data\csv\tecnocasa_real_estate_listings_all.csv,1017,"Ben Arous, Ben Arouss"
https://www.tecnocasa.tn/vendre/terrain/grand-tunis/ben-arous/62819.html,https://cdn-media.medialabtc.it/tn/agencies/tucc1/estates/62819/images/360710/detail.jpeg,1,data\csv\tecnocasa_real_estate_listings_all.csv,1020,"Ben Arous, Rue L esepss Ben Arouss"
https://www.tecnocasa.tn/vendre/terrain/grand-tunis/borj-cedria/58574.html,https://cdn-media.medialabtc.it/tn/agencies/tuhd2/estates/58574/images/327316/gallery_media.jpeg,1,data\csv\tecnocasa_real_estate_listings_all.csv,1301,"Borj Cédria, Rue el mouaslet"
https://www.tecnocasa.tn/vendre/terrain/grand-tunis/borj-cedria/58574.html,https://cdn-media.medialabtc.it/tn/agencies/tuhd2/estates/58574/images/327316/detail.jpeg,2,data\csv\tecnocasa_real_estate_listings_all.csv,1301,"Borj Cédria, Rue el mouaslet"
https://www.tecnocasa.tn/vendre/terrain/grand-tunis/borj-cedria/60719.html,https://cdn-media.medialabtc.it/tn/agencies/tuhd2/estates/60719/images/340828/detail.jpeg,1,data\csv\tecnocasa_real_estate_listings_all.csv,1299,"Borj Cédria, Lotissement Tiba 2 Ejjahmi"
https://www.tecnocasa.tn/vendre/terrain/grand-tunis/borj-cedria/61168.html,https://cdn-media.medialabtc.it/tn/agencies/tuhd2/estates/61168/images/344318/detail.jpeg,1,data\csv\tecnocasa_real_estate_listings_all.csv,976,"Borj Cédria, Avenue de Maghreb"
https://www.tecnocasa.tn/vendre/terrain/grand-tunis/borj-cedria/61505.html,https://cdn-media.medialabtc.it/tn/agencies/tuhd2/estates/61505/images/347598/gallery_media.jpeg,1,data\csv\tecnocasa_real_estate_listings_all.csv,1287,"Borj Cédria, Hôtel carraib"
https://www.tecnocasa.tn/vendre/terrain/grand-tunis/borj-cedria/61505.html,https://cdn-media.medialabtc.it/tn/agencies/tuhd2/estates/61505/images/347598/detail.jpeg,2,data\csv\tecnocasa_real_estate_listings_all.csv,1287,"Borj Cédria, Hôtel carraib"
https://www.tecnocasa.tn/vendre/terrain/grand-tunis/borj-cedria/61844.html,https://cdn-media.medialabtc.it/tn/agencies/tuhd2/estates/61844/images/351661/detail.jpeg,1,data\csv\tecnocasa_real_estate_listings_all.csv,974,"Borj Cédria, Rue Ejjahmi"
https://www.tecnocasa.tn/vendre/terrain/grand-tunis/borj-cedria/61897.html,https://cdn-media.medialabtc.it/tn/agencies/tuhd2/estates/61897/images/351654/detail.jpeg,1,data\csv\tecnocasa_real_estate_listings_all.csv,1253,"Borj Cédria, En Face de Carrefour"
https://www.tecnocasa.tn/vendre/terrain/grand-tunis/borj-cedria/61941.html,https://cdn-media.medialabtc.it/tn/agencies/tuhd2/estates/61941/images/357608/detail.jpeg,1,data\csv\tecnocasa_real_estate_listings_all.csv,1186,"Borj Cédria, Ejjahmi Tiba 1"
https://www.tecnocasa.tn/vendre/terrain/grand-tunis/borj-cedria/62823.html,https://cdn-media.medialabtc.it/tn/agencies/tuhd2/estates/62823/images/365181/detail.jpeg,1,data\csv\tecnocasa_real_estate_listings_all.csv,1035,"Borj Cédria, El katra"
https://www.tecnocasa.tn/vendre/terrain/grand-tunis/borj-cedria/63006.html,https://cdn-media.medialabtc.it/tn/agencies/tuhd2/estates/63006/images/365187/detail.jpeg,1,data\csv\tecnocasa_real_estate_listings_all.csv,1034,"Borj Cédria, Lotissement de Finance"
https://www.tecnocasa.tn/vendre/terrain/grand-tunis/borj-cedria/63104.html,https://cdn-media.medialabtc.it/tn/agencies/tuhd2/estates/63104/images/365258/detail.jpeg,1,data\csv\tecnocasa_real_estate_listings_all.csv,1030,"Borj Cédria, Lotissement de Finance"
https://www.tecnocasa.tn/vendre/terrain/grand-tunis/borj-cedria/63570.html,https://cdn-media.medialabtc.it/tn/agencies/tuhd2/estates/63570/images/366734/detail.jpeg,1,data\csv\tecnocasa_real_estate_listings_all.csv,977,"Borj Cédria, Lotissement de finance"
https://www.tecnocasa.tn/vendre/terrain/grand-tunis/borj-cedria/63745.html,https://cdn-media.medialabtc.it/tn/agencies/tuhd2/estates/63745/images/367951/gallery_media.jpeg,1,data\csv\tecnocasa_real_estate_listings_all.csv,942,"Borj Cédria, Lotissement El Moaslet Technopole"
https://www.tecnocasa.tn/vendre/terrain/grand-tunis/borj-cedria/63745.html,https://cdn-media.medialabtc.it/tn/agencies/tuhd2/estates/63745/images/367951/detail.jpeg,2,data\csv\tecnocasa_real_estate_listings_all.csv,942,"Borj Cédria, Lotissement El Moaslet Technopole"
https://www.tecnocasa.tn/vendre/terrain/grand-tunis/borj-cedria/63767.html,https://cdn-media.medialabtc.it/tn/agencies/tuhd2/estates/63767/images/367996/gallery_media.jpeg,1,data\csv\tecnocasa_real_estate_listings_all.csv,941,"Borj Cédria, Rue Moukawlin"
https://www.tecnocasa.tn/vendre/terrain/grand-tunis/borj-cedria/63767.html,https://cdn-media.medialabtc.it/tn/agencies/tuhd2/estates/63767/images/367996/detail.jpeg,2,data\csv\tecnocasa_real_estate_listings_all.csv,941,"Borj Cédria, Rue Moukawlin"
https://www.tecnocasa.tn/vendre/terrain/grand-tunis/carthage/59015.html,https://cdn-media.medialabtc.it/tn/agencies/tuma1/estates/59015/images/324005/detail.jpeg,1,data\csv\tecnocasa_real_estate_listings_all.csv,1404,Carthage
https://www.tecnocasa.tn/vendre/terrain/grand-tunis/carthage/63166.html,https://cdn-media.medialabtc.it/tn/agencies/tuma1/estates/63166/images/362522/detail.jpeg,1,data\csv\tecnocasa_real_estate_listings_all.csv,1089,Carthage
https://www.tecnocasa.tn/vendre/terrain/grand-tunis/el-menzah/53745.html,https://cdn-media.medialabtc.it/tn/agencies/arcb1/estates/53745/images/277374/detail.jpeg,1,data\csv\tecnocasa_real_estate_listings_all.csv,1114,El Menzah - Menzah 6
https://www.tecnocasa.tn/vendre/terrain/grand-tunis/el-menzah/63005.html,https://cdn-media.medialabtc.it/tn/agencies/arcb1/estates/63005/images/362357/detail.jpeg,1,data\csv\tecnocasa_real_estate_listings_all.csv,1095,El Menzah - Menzah 5
https://www.tecnocasa.tn/vendre/terrain/grand-tunis/gammarth/61464.html,https://cdn-media.medialabtc.it/tn/agencies/tugm2/estates/61464/images/349431/gallery_media.jpeg,1,data\csv\tecnocasa_real_estate_listings_all.csv,1272,Gammarth - Gammarth Village
https://www.tecnocasa.tn/vendre/terrain/grand-tunis/gammarth/61464.html,https://cdn-media.medialabtc.it/tn/agencies/tugm2/estates/61464/images/349431/detail.jpeg,2,data\csv\tecnocasa_real_estate_listings_all.csv,1272,Gammarth - Gammarth Village
https://www.tecnocasa.tn/vendre/terrain/grand-tunis/gammarth/62251.html,https://cdn-media.medialabtc.it/tn/agencies/tugm1/estates/62251/images/357184/detail.jpeg,1,data\csv\tecnocasa_real_estate_listings_all.csv,1193,Gammarth
https://www.tecnocasa.tn/vendre/terrain/grand-tunis/jardins-de-carthage/63354.html,https://cdn-media.medialabtc.it/tn/agencies/tuhb5/estates/63354/images/365585/detail.jpeg,1,data\csv\tecnocasa_real_estate_listings_all.csv,1021,Jardins de Carthage - Les Jardins De Carthage
https://www.tecnocasa.tn/vendre/terrain/grand-tunis/la-manouba/56038.html,https://cdn-media.medialabtc.it/tn/agencies/tucg2/estates/56038/images/298370/gallery_media.jpeg,1,data\csv\tecnocasa_real_estate_listings_all.csv,1360,"La Manouba, Avenue ibn jazar - Manouba"
https://www.tecnocasa.tn/vendre/terrain/grand-tunis/la-manouba/56038.html,https://cdn-media.medialabtc.it/tn/agencies/tucg2/estates/56038/images/298370/detail.jpeg,2,data\csv\tecnocasa_real_estate_listings_all.csv,1360,"La Manouba, Avenue ibn jazar - Manouba"
https://www.tecnocasa.tn/vendre/terrain/grand-tunis/la-manouba/57557.html,https://cdn-media.medialabtc.it/tn/agencies/tucg3/estates/57557/images/311283/detail.jpeg,1,data\csv\tecnocasa_real_estate_listings_all.csv,1371,La Manouba - Manouba
https://www.tecnocasa.tn/vendre/terrain/grand-tunis/la-manouba/58554.html,https://cdn-media.medialabtc.it/tn/agencies/tucg3/estates/58554/images/319417/detail.jpeg,1,data\csv\tecnocasa_real_estate_listings_all.csv,1372,La Manouba - Manouba
https://www.tecnocasa.tn/vendre/terrain/grand-tunis/la-manouba/59618.html,https://cdn-media.medialabtc.it/tn/agencies/tucg2/estates/59618/images/336691/detail.jpeg,1,data\csv\tecnocasa_real_estate_listings_all.csv,1367,"La Manouba, Habib themer - Manouba"
https://www.tecnocasa.tn/vendre/terrain/grand-tunis/la-manouba/60134.html,https://cdn-media.medialabtc.it/tn/agencies/tucg3/estates/60134/images/335404/detail.jpeg,1,data\csv\tecnocasa_real_estate_listings_all.csv,1373,La Manouba - Manouba
https://www.tecnocasa.tn/vendre/terrain/grand-tunis/la-manouba/60209.html,https://cdn-media.medialabtc.it/tn/agencies/tucg3/estates/60209/images/336127/detail.jpeg,1,data\csv\tecnocasa_real_estate_listings_all.csv,1370,La Manouba - Manouba
https://www.tecnocasa.tn/vendre/terrain/grand-tunis/la-manouba/60638.html,https://cdn-media.medialabtc.it/tn/agencies/tucg3/estates/60638/images/339650/detail.jpeg,1,data\csv\tecnocasa_real_estate_listings_all.csv,1292,La Manouba - Manouba
https://www.tecnocasa.tn/vendre/terrain/grand-tunis/la-manouba/60811.html,https://cdn-media.medialabtc.it/tn/agencies/tucg3/estates/60811/images/341256/detail.jpeg,1,data\csv\tecnocasa_real_estate_listings_all.csv,1349,La Manouba - Manouba
https://www.tecnocasa.tn/vendre/terrain/grand-tunis/la-manouba/60847.html,https://cdn-media.medialabtc.it/tn/agencies/tucg3/estates/60847/images/342311/detail.jpeg,1,data\csv\tecnocasa_real_estate_listings_all.csv,1336,La Manouba - Manouba
https://www.tecnocasa.tn/vendre/terrain/grand-tunis/la-manouba/60912.html,https://cdn-media.medialabtc.it/tn/agencies/tucg3/estates/60912/images/341964/detail.jpeg,1,data\csv\tecnocasa_real_estate_listings_all.csv,1343,La Manouba - Manouba
https://www.tecnocasa.tn/vendre/terrain/grand-tunis/la-manouba/61027.html,https://cdn-media.medialabtc.it/tn/agencies/tucg2/estates/61027/images/342977/gallery_media.jpeg,1,data\csv\tecnocasa_real_estate_listings_all.csv,1332,"La Manouba, Rue manouba - Manouba"
https://www.tecnocasa.tn/vendre/terrain/grand-tunis/la-manouba/61027.html,https://cdn-media.medialabtc.it/tn/agencies/tucg2/estates/61027/images/342977/detail.jpeg,2,data\csv\tecnocasa_real_estate_listings_all.csv,1332,"La Manouba, Rue manouba - Manouba"
https://www.tecnocasa.tn/vendre/terrain/grand-tunis/la-manouba/61039.html,https://cdn-media.medialabtc.it/tn/agencies/tucg3/estates/61039/images/343528/gallery_media.jpeg,1,data\csv\tecnocasa_real_estate_listings_all.csv,1330,La Manouba - Manouba
https://www.tecnocasa.tn/vendre/terrain/grand-tunis/la-manouba/61039.html,https://cdn-media.medialabtc.it/tn/agencies/tucg3/estates/61039/images/343528/detail.jpeg,2,data\csv\tecnocasa_real_estate_listings_all.csv,1330,La Manouba - Manouba
https://www.tecnocasa.tn/vendre/terrain/grand-tunis/la-manouba/61371.html,https://cdn-media.medialabtc.it/tn/agencies/tucg3/estates/61371/images/346418/detail.jpeg,1,data\csv\tecnocasa_real_estate_listings_all.csv,1307,La Manouba - Manouba
https://www.tecnocasa.tn/vendre/terrain/grand-tunis/la-manouba/61908.html,https://cdn-media.medialabtc.it/tn/agencies/tucg2/estates/61908/images/351827/detail.jpeg,1,data\csv\tecnocasa_real_estate_listings_all.csv,1248,"La Manouba, Rue de travailleur - Manouba"
https://www.tecnocasa.tn/vendre/terrain/grand-tunis/la-manouba/63224.html,https://cdn-media.medialabtc.it/tn/agencies/tucg2/estates/63224/images/362849/gallery_media.jpeg,1,data\csv\tecnocasa_real_estate_listings_all.csv,1076,"La Manouba, Rue ghayalen eddemachiki - Manouba"
https://www.tecnocasa.tn/vendre/terrain/grand-tunis/la-manouba/63224.html,https://cdn-media.medialabtc.it/tn/agencies/tucg2/estates/63224/images/362849/detail.jpeg,2,data\csv\tecnocasa_real_estate_listings_all.csv,1076,"La Manouba, Rue ghayalen eddemachiki - Manouba"
https://www.tecnocasa.tn/vendre/terrain/grand-tunis/la-manouba/63307.html,https://cdn-media.medialabtc.it/tn/agencies/tucg3/estates/63307/images/364307/detail.jpeg,1,data\csv\tecnocasa_real_estate_listings_all.csv,1005,La Manouba - Manouba
https://www.tecnocasa.tn/vendre/terrain/grand-tunis/la-marsa/53714.html,https://cdn-media.medialabtc.it/tn/agencies/tugm2/estates/53714/images/276783/detail.jpeg,1,data\csv\tecnocasa_real_estate_listings_all.csv,1338,La Marsa
https://www.tecnocasa.tn/vendre/terrain/grand-tunis/la-marsa/62337.html,https://cdn-media.medialabtc.it/tn/agencies/tugm1/estates/62337/images/369700/detail.jpeg,1,data\csv\tecnocasa_real_estate_listings_all.csv,947,La Marsa
https://www.tecnocasa.tn/vendre/terrain/grand-tunis/la-soukra/44771.html,https://cdn-media.medialabtc.it/tn/agencies/tuha4/estates/44771/images/201218/detail.jpeg,1,data\csv\tecnocasa_real_estate_listings_all.csv,1475,La Soukra - Chotrana
https://www.tecnocasa.tn/vendre/terrain/grand-tunis/la-soukra/58433.html,https://cdn-media.medialabtc.it/tn/agencies/tuha4/estates/58433/images/324006/gallery_media.jpeg,1,data\csv\tecnocasa_real_estate_listings_all.csv,1421,La Soukra - Chotrana
https://www.tecnocasa.tn/vendre/terrain/grand-tunis/la-soukra/58433.html,https://cdn-media.medialabtc.it/tn/agencies/tuha4/estates/58433/images/324006/detail.jpeg,2,data\csv\tecnocasa_real_estate_listings_all.csv,1421,La Soukra - Chotrana
https://www.tecnocasa.tn/vendre/terrain/grand-tunis/la-soukra/59105.html,https://cdn-media.medialabtc.it/tn/agencies/tuha6/estates/59105/images/330708/gallery_media.jpeg,1,data\csv\tecnocasa_real_estate_listings_all.csv,1405,La Soukra - Soukra
https://www.tecnocasa.tn/vendre/terrain/grand-tunis/la-soukra/59105.html,https://cdn-media.medialabtc.it/tn/agencies/tuha6/estates/59105/images/330708/detail.jpeg,2,data\csv\tecnocasa_real_estate_listings_all.csv,1405,La Soukra - Soukra
https://www.tecnocasa.tn/vendre/terrain/grand-tunis/la-soukra/59549.html,https://cdn-media.medialabtc.it/tn/agencies/tuha6/estates/59549/images/333896/detail.jpeg,1,data\csv\tecnocasa_real_estate_listings_all.csv,1389,La Soukra - Chotrana
https://www.tecnocasa.tn/vendre/terrain/grand-tunis/la-soukra/59749.html,https://cdn-media.medialabtc.it/tn/agencies/tuha4/estates/59749/images/331617/detail.jpeg,1,data\csv\tecnocasa_real_estate_listings_all.csv,1088,La Soukra - Soukra
https://www.tecnocasa.tn/vendre/terrain/grand-tunis/la-soukra/61664.html,https://cdn-media.medialabtc.it/tn/agencies/tuha6/estates/61664/images/349880/detail.jpeg,1,data\csv\tecnocasa_real_estate_listings_all.csv,1266,La Soukra - Soukra
https://www.tecnocasa.tn/vendre/terrain/grand-tunis/la-soukra/61761.html,https://cdn-media.medialabtc.it/tn/agencies/tusk3/estates/61761/images/361375/detail.jpeg,1,data\csv\tecnocasa_real_estate_listings_all.csv,1112,La Soukra - Soukra
https://www.tecnocasa.tn/vendre/terrain/grand-tunis/la-soukra/61763.html,https://cdn-media.medialabtc.it/tn/agencies/tusk3/estates/61763/images/366846/detail.jpeg,1,data\csv\tecnocasa_real_estate_listings_all.csv,975,La Soukra - Soukra
https://www.tecnocasa.tn/vendre/terrain/grand-tunis/la-soukra/61790.html,https://cdn-media.medialabtc.it/tn/agencies/tuha6/estates/61790/images/351810/detail.jpeg,1,data\csv\tecnocasa_real_estate_listings_all.csv,1252,La Soukra - Soukra
https://www.tecnocasa.tn/vendre/terrain/grand-tunis/la-soukra/62268.html,https://cdn-media.medialabtc.it/tn/agencies/tuha6/estates/62268/images/357280/detail.jpeg,1,data\csv\tecnocasa_real_estate_listings_all.csv,1188,La Soukra - Soukra
https://www.tecnocasa.tn/vendre/terrain/grand-tunis/la-soukra/62730.html,https://cdn-media.medialabtc.it/tn/agencies/tuha4/estates/62730/images/357496/detail.jpeg,1,data\csv\tecnocasa_real_estate_listings_all.csv,1187,La Soukra - Chotrana
https://www.tecnocasa.tn/vendre/terrain/grand-tunis/la-soukra/63078.html,https://cdn-media.medialabtc.it/tn/agencies/tusk3/estates/63078/images/361199/detail.jpeg,1,data\csv\tecnocasa_real_estate_listings_all.csv,1113,La Soukra - Soukra
https://www.tecnocasa.tn/vendre/terrain/grand-tunis/la-soukra/63124.html,https://cdn-media.medialabtc.it/tn/agencies/tusk3/estates/63124/images/362592/detail.jpeg,1,data\csv\tecnocasa_real_estate_listings_all.csv,1086,La Soukra - Soukra
https://www.tecnocasa.tn/vendre/terrain/grand-tunis/la-soukra/63730.html,https://cdn-media.medialabtc.it/tn/agencies/tuha4/estates/63730/images/367463/detail.jpeg,1,data\csv\tecnocasa_real_estate_listings_all.csv,933,La Soukra - Soukra
https://www.tecnocasa.tn/vendre/terrain/grand-tunis/lafayette-centre-ville/59486.html,https://cdn-media.medialabtc.it/tn/agencies/tucb1/estates/59486/images/331163/detail.jpeg,1,data\csv\tecnocasa_real_estate_listings_all.csv,1191,Lafayette Centre Ville - centre-ville
https://www.tecnocasa.tn/vendre/terrain/grand-tunis/le-bardo/55181.html,https://cdn-media.medialabtc.it/tn/agencies/tucg1/estates/55181/images/313944/detail.jpeg,1,data\csv\tecnocasa_real_estate_listings_all.csv,1194,Le Bardo - Bardo
https://www.tecnocasa.tn/vendre/terrain/grand-tunis/le-bardo/58171.html,https://cdn-media.medialabtc.it/tn/agencies/tucg1/estates/58171/images/316347/detail.jpeg,1,data\csv\tecnocasa_real_estate_listings_all.csv,1229,Le Bardo - Bardo
https://www.tecnocasa.tn/vendre/terrain/grand-tunis/manar/46649.html,https://cdn-media.medialabtc.it/tn/agencies/tuch4/estates/46649/images/216411/detail.jpeg,1,data\csv\tecnocasa_real_estate_listings_all.csv,1471,Manar - Manar 1
https://www.tecnocasa.tn/vendre/terrain/grand-tunis/manar/57822.html,https://cdn-media.medialabtc.it/tn/agencies/tuch4/estates/57822/images/314166/gallery_media.jpeg,1,data\csv\tecnocasa_real_estate_listings_all.csv,1391,Manar - Manar 1
https://www.tecnocasa.tn/vendre/terrain/grand-tunis/manar/57822.html,https://cdn-media.medialabtc.it/tn/agencies/tuch4/estates/57822/images/314166/detail.jpeg,2,data\csv\tecnocasa_real_estate_listings_all.csv,1391,Manar - Manar 1
https://www.tecnocasa.tn/vendre/terrain/grand-tunis/megrine/28554.html,https://cdn-media.medialabtc.it/tn/agencies/tuca2/estates/28554/images/96027/detail.jpeg,1,data\csv\tecnocasa_real_estate_listings_all.csv,1478,Mégrine - Sidi Rezig
https://www.tecnocasa.tn/vendre/terrain/grand-tunis/megrine/43954.html,https://cdn-media.medialabtc.it/tn/agencies/tucc1/estates/43954/images/196617/detail.jpeg,1,data\csv\tecnocasa_real_estate_listings_all.csv,1473,Mégrine - Megrine
https://www.tecnocasa.tn/vendre/terrain/grand-tunis/megrine/53364.html,https://cdn-media.medialabtc.it/tn/agencies/tucc1/estates/53364/images/275510/detail.jpeg,1,data\csv\tecnocasa_real_estate_listings_all.csv,1459,Mégrine - Megrine
https://www.tecnocasa.tn/vendre/terrain/grand-tunis/megrine/60856.html,https://cdn-media.medialabtc.it/tn/agencies/tucc1/estates/60856/images/345586/detail.jpeg,1,data\csv\tecnocasa_real_estate_listings_all.csv,1311,Mégrine - Megrine
https://www.tecnocasa.tn/vendre/terrain/grand-tunis/megrine/62114.html,https://cdn-media.medialabtc.it/tn/agencies/tucc1/estates/62114/images/354887/detail.jpeg,1,data\csv\tecnocasa_real_estate_listings_all.csv,1215,Mégrine - Megrine
https://www.tecnocasa.tn/vendre/terrain/grand-tunis/mnihla/57267.html,https://cdn-media.medialabtc.it/tn/agencies/tuch2/estates/57267/images/311895/gallery_media.jpeg,1,data\csv\tecnocasa_real_estate_listings_all.csv,1437,Mnihla
https://www.tecnocasa.tn/vendre/terrain/grand-tunis/mnihla/57267.html,https://cdn-media.medialabtc.it/tn/agencies/tuch2/estates/57267/images/311895/detail.jpeg,2,data\csv\tecnocasa_real_estate_listings_all.csv,1437,Mnihla
https://www.tecnocasa.tn/vendre/terrain/grand-tunis/mornag/34198.html,https://cdn-media.medialabtc.it/tn/agencies/tuhd1/estates/34198/images/129667/detail.jpeg,1,data\csv\tecnocasa_real_estate_listings_all.csv,1476,Mornag
https://www.tecnocasa.tn/vendre/terrain/grand-tunis/mornag/46459.html,https://cdn-media.medialabtc.it/tn/agencies/tuhd1/estates/46459/images/214460/detail.jpeg,1,data\csv\tecnocasa_real_estate_listings_all.csv,1474,Mornag
https://www.tecnocasa.tn/vendre/terrain/grand-tunis/mutuelleville/49283.html,https://cdn-media.medialabtc.it/tn/agencies/tuch3/estates/49283/images/255803/detail.jpeg,1,data\csv\tecnocasa_real_estate_listings_all.csv,1469,Mutuelleville - Cité Des Jardins
https://www.tecnocasa.tn/vendre/terrain/grand-tunis/mutuelleville/61431.html,https://cdn-media.medialabtc.it/tn/agencies/tuch3/estates/61431/images/349374/detail.jpeg,1,data\csv\tecnocasa_real_estate_listings_all.csv,1276,Mutuelleville
https://www.tecnocasa.tn/vendre/terrain/grand-tunis/rades/60025.html,https://cdn-media.medialabtc.it/tn/agencies/turd1/estates/60025/images/336711/detail.jpeg,1,data\csv\tecnocasa_real_estate_listings_all.csv,1163,"Radés, Rue Afh - Rades Meliane"
https://www.tecnocasa.tn/vendre/terrain/grand-tunis/rades/60403.html,https://cdn-media.medialabtc.it/tn/agencies/turd1/estates/60403/images/337297/detail.jpeg,1,data\csv\tecnocasa_real_estate_listings_all.csv,1157,"Radés, Rue N1 - Rades Forêt"
https://www.tecnocasa.tn/vendre/terrain/grand-tunis/rades/60781.html,https://cdn-media.medialabtc.it/tn/agencies/turd1/estates/60781/images/346594/detail.jpeg,1,data\csv\tecnocasa_real_estate_listings_all.csv,1127,"Radés, Rue 00 - Rades Meliane"
https://www.tecnocasa.tn/vendre/terrain/grand-tunis/rades/61285.html,https://cdn-media.medialabtc.it/tn/agencies/turd1/estates/61285/images/348568/detail.jpeg,1,data\csv\tecnocasa_real_estate_listings_all.csv,1134,"Radés, Rue El Fadhel Ben Achour - Cité Mohamed Ali"
https://www.tecnocasa.tn/vendre/terrain/grand-tunis/rades/61400.html,https://cdn-media.medialabtc.it/tn/agencies/turd1/estates/61400/images/346559/gallery_media.jpeg,1,data\csv\tecnocasa_real_estate_listings_all.csv,1152,"Radés, Rades El Mrah - Rades Monjil"
https://www.tecnocasa.tn/vendre/terrain/grand-tunis/rades/61400.html,https://cdn-media.medialabtc.it/tn/agencies/turd1/estates/61400/images/346559/detail.jpeg,2,data\csv\tecnocasa_real_estate_listings_all.csv,1152,"Radés, Rades El Mrah - Rades Monjil"
https://www.tecnocasa.tn/vendre/terrain/grand-tunis/rades/61792.html,https://cdn-media.medialabtc.it/tn/agencies/turd1/estates/61792/images/358276/gallery_media.jpeg,1,data\csv\tecnocasa_real_estate_listings_all.csv,1151,"Radés, Rue la galite - Cité Mohamed Ali"
https://www.tecnocasa.tn/vendre/terrain/grand-tunis/rades/61792.html,https://cdn-media.medialabtc.it/tn/agencies/turd1/estates/61792/images/358276/detail.jpeg,2,data\csv\tecnocasa_real_estate_listings_all.csv,1151,"Radés, Rue la galite - Cité Mohamed Ali"
https://www.tecnocasa.tn/vendre/terrain/grand-tunis/zone-industrielles-nord/29314.html,https://cdn-media.medialabtc.it/tn/agencies/tuca2/estates/29314/images/98802/detail.jpeg,1,data\csv\tecnocasa_real_estate_listings_all.csv,1479,Zone Industrielles Nord - Charguia 2
https://www.tecnocasa.tn/vendre/terrain/grand-tunis/zone-industrielles-nord/51894.html,https://cdn-media.medialabtc.it/tn/agencies/tuha4/estates/51894/images/261479/gallery_media.jpeg,1,data\csv\tecnocasa_real_estate_listings_all.csv,1435,"Zone Industrielles Nord, Impasse Gharbi - Charguia 2"
https://www.tecnocasa.tn/vendre/terrain/grand-tunis/zone-industrielles-nord/51894.html,https://cdn-media.medialabtc.it/tn/agencies/tuha4/estates/51894/images/261479/detail.jpeg,2,data\csv\tecnocasa_real_estate_listings_all.csv,1435,"Zone Industrielles Nord, Impasse Gharbi - Charguia 2"
https://www.tecnocasa.tn/vendre/terrain/kairouan/kairouan/40596.html,https://cdn-media.medialabtc.it/tn/agencies/kair1/estates/40596/images/216436/detail.jpeg,1,data\csv\tecnocasa_real_estate_listings_all.csv,258,"Kairouan, Rue Gatrania lotissement Ben Said"
https://www.tecnocasa.tn/vendre/terrain/kairouan/kairouan/49288.html,https://cdn-media.medialabtc.it/tn/agencies/kair1/estates/49288/images/254205/detail.jpeg,1,data\csv\tecnocasa_real_estate_listings_all.csv,259,"Kairouan, Afh 4"
https://www.tecnocasa.tn/vendre/terrain/kairouan/kairouan/50774.html,https://cdn-media.medialabtc.it/tn/agencies/kair1/estates/50774/images/254189/gallery_media.jpeg,1,data\csv\tecnocasa_real_estate_listings_all.csv,251,"Kairouan, Route baten"
https://www.tecnocasa.tn/vendre/terrain/kairouan/kairouan/50774.html,https://cdn-media.medialabtc.it/tn/agencies/kair1/estates/50774/images/254189/detail.jpeg,2,data\csv\tecnocasa_real_estate_listings_all.csv,251,"Kairouan, Route baten"
https://www.tecnocasa.tn/vendre/terrain/kairouan/kairouan/52173.html,https://cdn-media.medialabtc.it/tn/agencies/kair1/estates/52173/images/264147/detail.jpeg,1,data\csv\tecnocasa_real_estate_listings_all.csv,254,"Kairouan, Rue Afh1"
https://www.tecnocasa.tn/vendre/terrain/kairouan/kairouan/52700.html,https://cdn-media.medialabtc.it/tn/agencies/kair1/estates/52700/images/267937/detail.jpeg,1,data\csv\tecnocasa_real_estate_listings_all.csv,250,"Kairouan, Sahbi 5"
https://www.tecnocasa.tn/vendre/terrain/kairouan/kairouan/52797.html,https://cdn-media.medialabtc.it/tn/agencies/kair1/estates/52797/images/267939/detail.jpeg,1,data\csv\tecnocasa_real_estate_listings_all.csv,249,"Kairouan, Rue Afh 2-6"
https://www.tecnocasa.tn/vendre/terrain/kairouan/kairouan/55493.html,https://cdn-media.medialabtc.it/tn/agencies/kair1/estates/55493/images/294636/detail.jpeg,1,data\csv\tecnocasa_real_estate_listings_all.csv,246,"Kairouan, Rue haffouz cité arousi [5], 3100 KAIROUAN (ka)"
https://www.tecnocasa.tn/vendre/terrain/kairouan/kairouan/58008.html,https://cdn-media.medialabtc.it/tn/agencies/kair1/estates/58008/images/320925/detail.jpeg,1,data\csv\tecnocasa_real_estate_listings_all.csv,244,"Kairouan, Rue Fretown , Cité Manar"
https://www.tecnocasa.tn/vendre/terrain/kairouan/kairouan/60526.html,https://cdn-media.medialabtc.it/tn/agencies/kair1/estates/60526/images/338456/detail.jpeg,1,data\csv\tecnocasa_real_estate_listings_all.csv,239,"Kairouan, Rue el Manar 2"
https://www.tecnocasa.tn/vendre/terrain/kairouan/kairouan/60879.html,https://cdn-media.medialabtc.it/tn/agencies/kair1/estates/60879/images/341731/gallery_media.jpeg,1,data\csv\tecnocasa_real_estate_listings_all.csv,238,"Kairouan, Racada Kairouan"
https://www.tecnocasa.tn/vendre/terrain/kairouan/kairouan/60879.html,https://cdn-media.medialabtc.it/tn/agencies/kair1/estates/60879/images/341731/detail.jpeg,2,data\csv\tecnocasa_real_estate_listings_all.csv,238,"Kairouan, Racada Kairouan"
https://www.tecnocasa.tn/vendre/terrain/kairouan/kairouan/61903.html,https://cdn-media.medialabtc.it/tn/agencies/kair1/estates/61903/images/351694/detail.jpeg,1,data\csv\tecnocasa_real_estate_listings_all.csv,272,"Kairouan, Rue Mansoura"
https://www.tecnocasa.tn/vendre/terrain/kairouan/kairouan/61980.html,https://cdn-media.medialabtc.it/tn/agencies/kair1/estates/61980/images/352798/detail.jpeg,1,data\csv\tecnocasa_real_estate_listings_all.csv,270,"Kairouan, Cité Ichbilia el manar"
https://www.tecnocasa.tn/vendre/terrain/kairouan/kairouan/62591.html,https://cdn-media.medialabtc.it/tn/agencies/kair1/estates/62591/images/356723/detail.jpeg,1,data\csv\tecnocasa_real_estate_listings_all.csv,264,"Kairouan, Route Sousse Kairouan"
https://www.tecnocasa.tn/vendre/terrain/mahdia/chebba/56210.html,https://cdn-media.medialabtc.it/tn/agencies/mdca5/estates/56210/images/345373/detail.jpeg,1,data\csv\tecnocasa_real_estate_listings_all.csv,376,Chebba
https://www.tecnocasa.tn/vendre/terrain/mahdia/chebba/56259.html,https://cdn-media.medialabtc.it/tn/agencies/mdca5/estates/56259/images/344748/detail.jpeg,1,data\csv\tecnocasa_real_estate_listings_all.csv,371,Chebba
https://www.tecnocasa.tn/vendre/terrain/mahdia/chebba/56409.html,https://cdn-media.medialabtc.it/tn/agencies/mdca5/estates/56409/images/345505/detail.jpeg,1,data\csv\tecnocasa_real_estate_listings_all.csv,372,Chebba
https://www.tecnocasa.tn/vendre/terrain/mahdia/chebba/60056.html,https://cdn-media.medialabtc.it/tn/agencies/mdca5/estates/60056/images/345524/detail.jpeg,1,data\csv\tecnocasa_real_estate_listings_all.csv,374,"Chebba, Rue bir chayeb chebba"
https://www.tecnocasa.tn/vendre/terrain/mahdia/chebba/62372.html,https://cdn-media.medialabtc.it/tn/agencies/mdca5/estates/62372/images/354635/detail.jpeg,1,data\csv\tecnocasa_real_estate_listings_all.csv,296,Chebba
https://www.tecnocasa.tn/vendre/terrain/mahdia/ksour-essef/54678.html,https://cdn-media.medialabtc.it/tn/agencies/mdca4/estates/54678/images/285341/detail.jpeg,1,data\csv\tecnocasa_real_estate_listings_all.csv,348,Ksour Essef
https://www.tecnocasa.tn/vendre/terrain/mahdia/ksour-essef/59102.html,https://cdn-media.medialabtc.it/tn/agencies/mdca4/estates/59102/images/324924/detail.jpeg,1,data\csv\tecnocasa_real_estate_listings_all.csv,356,"Ksour Essef, Avenue Hedi Chaker"
https://www.tecnocasa.tn/vendre/terrain/mahdia/ksour-essef/59109.html,https://cdn-media.medialabtc.it/tn/agencies/mdca4/estates/59109/images/324978/detail.jpeg,1,data\csv\tecnocasa_real_estate_listings_all.csv,357,Ksour Essef
https://www.tecnocasa.tn/vendre/terrain/mahdia/ksour-essef/63561.html,https://cdn-media.medialabtc.it/tn/agencies/mdca4/estates/63561/images/367202/detail.jpeg,1,data\csv\tecnocasa_real_estate_listings_all.csv,297,Ksour Essef
https://www.tecnocasa.tn/vendre/terrain/mahdia/mahdia/34729.html,https://cdn-media.medialabtc.it/tn/agencies/mdca1/estates/34729/images/133973/detail.jpeg,1,data\csv\tecnocasa_real_estate_listings_all.csv,285,Mahdia - Mahdia Centre-ville
https://www.tecnocasa.tn/vendre/terrain/mahdia/mahdia/44172.html,https://cdn-media.medialabtc.it/tn/agencies/mdca1/estates/44172/images/196819/detail.jpeg,1,data\csv\tecnocasa_real_estate_listings_all.csv,284,Mahdia - Zouila
https://www.tecnocasa.tn/vendre/terrain/mahdia/mahdia/61358.html,https://cdn-media.medialabtc.it/tn/agencies/mdca2/estates/61358/images/346911/gallery_media.jpeg,1,data\csv\tecnocasa_real_estate_listings_all.csv,305,Mahdia - Zone Touristique Mahdia
https://www.tecnocasa.tn/vendre/terrain/mahdia/mahdia/61358.html,https://cdn-media.medialabtc.it/tn/agencies/mdca2/estates/61358/images/346911/detail.jpeg,2,data\csv\tecnocasa_real_estate_listings_all.csv,305,Mahdia - Zone Touristique Mahdia
https://www.tecnocasa.tn/vendre/terrain/mahdia/rejiche/40479.html,https://cdn-media.medialabtc.it/tn/agencies/mdca3/estates/40479/images/173319/detail.jpeg,1,data\csv\tecnocasa_real_estate_listings_all.csv,390,Rejiche
https://www.tecnocasa.tn/vendre/terrain/mahdia/rejiche/50616.html,https://cdn-media.medialabtc.it/tn/agencies/mdca3/estates/50616/images/248665/detail.jpeg,1,data\csv\tecnocasa_real_estate_listings_all.csv,388,"Rejiche, Rejiche centre ville"
https://www.tecnocasa.tn/vendre/terrain/mahdia/rejiche/50617.html,https://cdn-media.medialabtc.it/tn/agencies/mdca3/estates/50617/images/248638/detail.jpeg,1,data\csv\tecnocasa_real_estate_listings_all.csv,389,"Rejiche, Rue Rejiche"
https://www.tecnocasa.tn/vendre/terrain/mahdia/rejiche/53099.html,https://cdn-media.medialabtc.it/tn/agencies/mdca3/estates/53099/images/271493/detail.jpeg,1,data\csv\tecnocasa_real_estate_listings_all.csv,386,Rejiche
https://www.tecnocasa.tn/vendre/terrain/mahdia/rejiche/55304.html,https://cdn-media.medialabtc.it/tn/agencies/mdca3/estates/55304/images/299194/detail.jpeg,1,data\csv\tecnocasa_real_estate_listings_all.csv,363,Rejiche
https://www.tecnocasa.tn/vendre/terrain/mahdia/rejiche/56937.html,https://cdn-media.medialabtc.it/tn/agencies/mdca3/estates/56937/images/324091/detail.jpeg,1,data\csv\tecnocasa_real_estate_listings_all.csv,384,Rejiche
https://www.tecnocasa.tn/vendre/terrain/mahdia/rejiche/57032.html,https://cdn-media.medialabtc.it/tn/agencies/mdca3/estates/57032/images/307111/gallery_media.jpeg,1,data\csv\tecnocasa_real_estate_listings_all.csv,379,Rejiche
https://www.tecnocasa.tn/vendre/terrain/mahdia/rejiche/57032.html,https://cdn-media.medialabtc.it/tn/agencies/mdca3/estates/57032/images/307111/detail.jpeg,2,data\csv\tecnocasa_real_estate_listings_all.csv,379,Rejiche
https://www.tecnocasa.tn/vendre/terrain/mahdia/rejiche/57096.html,https://cdn-media.medialabtc.it/tn/agencies/mdca3/estates/57096/images/307135/gallery_media.jpeg,1,data\csv\tecnocasa_real_estate_listings_all.csv,381,Rejiche
https://www.tecnocasa.tn/vendre/terrain/mahdia/rejiche/57096.html,https://cdn-media.medialabtc.it/tn/agencies/mdca3/estates/57096/images/307135/detail.jpeg,2,data\csv\tecnocasa_real_estate_listings_all.csv,381,Rejiche
https://www.tecnocasa.tn/vendre/terrain/mahdia/rejiche/57814.html,https://cdn-media.medialabtc.it/tn/agencies/mdca3/estates/57814/images/312988/detail.jpeg,1,data\csv\tecnocasa_real_estate_listings_all.csv,377,Rejiche
https://www.tecnocasa.tn/vendre/terrain/mahdia/rejiche/57831.html,https://cdn-media.medialabtc.it/tn/agencies/mdca3/estates/57831/images/313394/gallery_media.jpeg,1,data\csv\tecnocasa_real_estate_listings_all.csv,380,Rejiche
https://www.tecnocasa.tn/vendre/terrain/mahdia/rejiche/57831.html,https://cdn-media.medialabtc.it/tn/agencies/mdca3/estates/57831/images/313394/detail.jpeg,2,data\csv\tecnocasa_real_estate_listings_all.csv,380,Rejiche
https://www.tecnocasa.tn/vendre/terrain/mahdia/rejiche/58292.html,https://cdn-media.medialabtc.it/tn/agencies/mdca3/estates/58292/images/324703/detail.jpeg,1,data\csv\tecnocasa_real_estate_listings_all.csv,373,Rejiche
https://www.tecnocasa.tn/vendre/terrain/mahdia/rejiche/58591.html,https://cdn-media.medialabtc.it/tn/agencies/mdca3/estates/58591/images/319521/detail.jpeg,1,data\csv\tecnocasa_real_estate_listings_all.csv,385,Rejiche
https://www.tecnocasa.tn/vendre/terrain/mahdia/rejiche/60801.html,https://cdn-media.medialabtc.it/tn/agencies/mdca3/estates/60801/images/344762/gallery_media.jpeg,1,data\csv\tecnocasa_real_estate_listings_all.csv,336,Rejiche
https://www.tecnocasa.tn/vendre/terrain/mahdia/rejiche/60801.html,https://cdn-media.medialabtc.it/tn/agencies/mdca3/estates/60801/images/344762/detail.jpeg,2,data\csv\tecnocasa_real_estate_listings_all.csv,336,Rejiche
https://www.tecnocasa.tn/vendre/terrain/mahdia/rejiche/62013.html,https://cdn-media.medialabtc.it/tn/agencies/mdca3/estates/62013/images/352378/detail.jpeg,1,data\csv\tecnocasa_real_estate_listings_all.csv,367,Rejiche
https://www.tecnocasa.tn/vendre/terrain/mahdia/rejiche/62015.html,https://cdn-media.medialabtc.it/tn/agencies/mdca3/estates/62015/images/352405/gallery_media.jpeg,1,data\csv\tecnocasa_real_estate_listings_all.csv,366,Rejiche
https://www.tecnocasa.tn/vendre/terrain/mahdia/rejiche/62015.html,https://cdn-media.medialabtc.it/tn/agencies/mdca3/estates/62015/images/352405/detail.jpeg,2,data\csv\tecnocasa_real_estate_listings_all.csv,366,Rejiche
https://www.tecnocasa.tn/vendre/terrain/mahdia/rejiche/62197.html,https://cdn-media.medialabtc.it/tn/agencies/mdca3/estates/62197/images/353735/detail.jpeg,1,data\csv\tecnocasa_real_estate_listings_all.csv,312,Rejiche
https://www.tecnocasa.tn/vendre/terrain/mahdia/rejiche/62286.html,https://cdn-media.medialabtc.it/tn/agencies/mdca3/estates/62286/images/354407/gallery_media.jpeg,1,data\csv\tecnocasa_real_estate_listings_all.csv,364,Rejiche
https://www.tecnocasa.tn/vendre/terrain/mahdia/rejiche/62286.html,https://cdn-media.medialabtc.it/tn/agencies/mdca3/estates/62286/images/354407/detail.jpeg,2,data\csv\tecnocasa_real_estate_listings_all.csv,364,Rejiche
https://www.tecnocasa.tn/vendre/terrain/mahdia/rejiche/62752.html,https://cdn-media.medialabtc.it/tn/agencies/mdca3/estates/62752/images/358255/detail.jpeg,1,data\csv\tecnocasa_real_estate_listings_all.csv,342,Rejiche
https://www.tecnocasa.tn/vendre/terrain/mahdia/rejiche/62806.html,https://cdn-media.medialabtc.it/tn/agencies/mdca3/estates/62806/images/358556/detail.jpeg,1,data\csv\tecnocasa_real_estate_listings_all.csv,340,Rejiche
https://www.tecnocasa.tn/vendre/terrain/mahdia/salakta/52407.html,https://cdn-media.medialabtc.it/tn/agencies/mdca4/estates/52407/images/342073/detail.jpeg,1,data\csv\tecnocasa_real_estate_listings_all.csv,345,Salakta
https://www.tecnocasa.tn/vendre/terrain/mahdia/salakta/54062.html,https://cdn-media.medialabtc.it/tn/agencies/mdca4/estates/54062/images/285531/detail.jpeg,1,data\csv\tecnocasa_real_estate_listings_all.csv,346,Salakta
https://www.tecnocasa.tn/vendre/terrain/mahdia/salakta/54064.html,https://cdn-media.medialabtc.it/tn/agencies/mdca4/estates/54064/images/285545/detail.jpeg,1,data\csv\tecnocasa_real_estate_listings_all.csv,318,Salakta
https://www.tecnocasa.tn/vendre/terrain/mahdia/salakta/58412.html,https://cdn-media.medialabtc.it/tn/agencies/mdca4/estates/58412/images/318935/gallery_media.jpeg,1,data\csv\tecnocasa_real_estate_listings_all.csv,350,Salakta
https://www.tecnocasa.tn/vendre/terrain/mahdia/salakta/58412.html,https://cdn-media.medialabtc.it/tn/agencies/mdca4/estates/58412/images/318935/detail.jpeg,2,data\csv\tecnocasa_real_estate_listings_all.csv,350,Salakta
https://www.tecnocasa.tn/vendre/terrain/mahdia/salakta/58455.html,https://cdn-media.medialabtc.it/tn/agencies/mdca4/estates/58455/images/347667/detail.jpeg,1,data\csv\tecnocasa_real_estate_listings_all.csv,352,"Salakta, Rue Salakta"
https://www.tecnocasa.tn/vendre/terrain/mahdia/salakta/58481.html,https://cdn-media.medialabtc.it/tn/agencies/mdca4/estates/58481/images/321417/detail.jpeg,1,data\csv\tecnocasa_real_estate_listings_all.csv,353,"Salakta, Salakta masrah"
https://www.tecnocasa.tn/vendre/terrain/mahdia/salakta/59536.html,https://cdn-media.medialabtc.it/tn/agencies/mdca4/estates/59536/images/331165/detail.jpeg,1,data\csv\tecnocasa_real_estate_listings_all.csv,344,Salakta
https://www.tecnocasa.tn/vendre/terrain/mahdia/salakta/59541.html,https://cdn-media.medialabtc.it/tn/agencies/mdca4/estates/59541/images/331272/detail.jpeg,1,data\csv\tecnocasa_real_estate_listings_all.csv,358,Salakta
https://www.tecnocasa.tn/vendre/terrain/mahdia/salakta/59678.html,https://cdn-media.medialabtc.it/tn/agencies/mdca4/estates/59678/images/331215/detail.jpeg,1,data\csv\tecnocasa_real_estate_listings_all.csv,359,Salakta
https://www.tecnocasa.tn/vendre/terrain/mahdia/salakta/61487.html,https://cdn-media.medialabtc.it/tn/agencies/mdca4/estates/61487/images/347727/detail.jpeg,1,data\csv\tecnocasa_real_estate_listings_all.csv,333,Salakta
https://www.tecnocasa.tn/vendre/terrain/mahdia/salakta/61594.html,https://cdn-media.medialabtc.it/tn/agencies/mdca4/estates/61594/images/348540/detail.jpeg,1,data\csv\tecnocasa_real_estate_listings_all.csv,362,Salakta
https://www.tecnocasa.tn/vendre/terrain/mahdia/salakta/62549.html,https://cdn-media.medialabtc.it/tn/agencies/mdca4/estates/62549/images/357421/detail.jpeg,1,data\csv\tecnocasa_real_estate_listings_all.csv,343,Salakta
https://www.tecnocasa.tn/vendre/terrain/mahdia/salakta/63490.html,https://cdn-media.medialabtc.it/tn/agencies/mdca4/estates/63490/images/365609/detail.jpeg,1,data\csv\tecnocasa_real_estate_listings_all.csv,310,Salakta
https://www.tecnocasa.tn/vendre/terrain/monastir/bekalta/52918.html,https://cdn-media.medialabtc.it/tn/agencies/moca9/estates/52918/images/286295/gallery_media.jpeg,1,data\csv\tecnocasa_real_estate_listings_all.csv,498,Bekalta
https://www.tecnocasa.tn/vendre/terrain/monastir/bekalta/52918.html,https://cdn-media.medialabtc.it/tn/agencies/moca9/estates/52918/images/286295/detail.jpeg,2,data\csv\tecnocasa_real_estate_listings_all.csv,498,Bekalta
https://www.tecnocasa.tn/vendre/terrain/monastir/bekalta/56200.html,https://cdn-media.medialabtc.it/tn/agencies/moca9/estates/56200/images/304573/detail.jpeg,1,data\csv\tecnocasa_real_estate_listings_all.csv,530,Bekalta
https://www.tecnocasa.tn/vendre/terrain/monastir/bekalta/57054.html,https://cdn-media.medialabtc.it/tn/agencies/moca9/estates/57054/images/363496/gallery_media.jpeg,1,data\csv\tecnocasa_real_estate_listings_all.csv,406,Bekalta
https://www.tecnocasa.tn/vendre/terrain/monastir/bekalta/57054.html,https://cdn-media.medialabtc.it/tn/agencies/moca9/estates/57054/images/363496/detail.jpeg,2,data\csv\tecnocasa_real_estate_listings_all.csv,406,Bekalta
https://www.tecnocasa.tn/vendre/terrain/monastir/bekalta/61932.html,https://cdn-media.medialabtc.it/tn/agencies/moca9/estates/61932/images/368834/detail.jpeg,1,data\csv\tecnocasa_real_estate_listings_all.csv,469,Bekalta
https://www.tecnocasa.tn/vendre/terrain/monastir/bekalta/63094.html,https://cdn-media.medialabtc.it/tn/agencies/moca9/estates/63094/images/361330/gallery_media.jpeg,1,data\csv\tecnocasa_real_estate_listings_all.csv,438,Bekalta
https://www.tecnocasa.tn/vendre/terrain/monastir/bekalta/63094.html,https://cdn-media.medialabtc.it/tn/agencies/moca9/estates/63094/images/361330/detail.jpeg,2,data\csv\tecnocasa_real_estate_listings_all.csv,438,Bekalta
https://www.tecnocasa.tn/vendre/terrain/monastir/bekalta/63097.html,https://cdn-media.medialabtc.it/tn/agencies/moca9/estates/63097/images/362450/gallery_media.jpeg,1,data\csv\tecnocasa_real_estate_listings_all.csv,436,Bekalta
https://www.tecnocasa.tn/vendre/terrain/monastir/bekalta/63097.html,https://cdn-media.medialabtc.it/tn/agencies/moca9/estates/63097/images/362450/detail.jpeg,2,data\csv\tecnocasa_real_estate_listings_all.csv,436,Bekalta
https://www.tecnocasa.tn/vendre/terrain/monastir/ksar-hellal/57883.html,https://cdn-media.medialabtc.it/tn/agencies/moca5/estates/57883/images/324529/gallery_media.jpeg,1,data\csv\tecnocasa_real_estate_listings_all.csv,511,Ksar Hellal
https://www.tecnocasa.tn/vendre/terrain/monastir/ksar-hellal/57883.html,https://cdn-media.medialabtc.it/tn/agencies/moca5/estates/57883/images/324529/detail.jpeg,2,data\csv\tecnocasa_real_estate_listings_all.csv,511,Ksar Hellal
https://www.tecnocasa.tn/vendre/terrain/monastir/ksar-hellal/60803.html,https://cdn-media.medialabtc.it/tn/agencies/moca5/estates/60803/images/340973/detail.jpeg,1,data\csv\tecnocasa_real_estate_listings_all.csv,463,Ksar Hellal
https://www.tecnocasa.tn/vendre/terrain/monastir/ksar-hellal/61528.html,https://cdn-media.medialabtc.it/tn/agencies/moca5/estates/61528/images/349100/detail.jpeg,1,data\csv\tecnocasa_real_estate_listings_all.csv,477,Ksar Hellal
https://www.tecnocasa.tn/vendre/terrain/monastir/ksar-hellal/61624.html,https://cdn-media.medialabtc.it/tn/agencies/moca5/estates/61624/images/349163/detail.jpeg,1,data\csv\tecnocasa_real_estate_listings_all.csv,433,Ksar Hellal
https://www.tecnocasa.tn/vendre/terrain/monastir/ksar-hellal/62332.html,https://cdn-media.medialabtc.it/tn/agencies/moca5/estates/62332/images/356480/detail.jpeg,1,data\csv\tecnocasa_real_estate_listings_all.csv,434,Ksar Hellal
https://www.tecnocasa.tn/vendre/terrain/monastir/ksar-hellal/62577.html,https://cdn-media.medialabtc.it/tn/agencies/moca5/estates/62577/images/356479/detail.jpeg,1,data\csv\tecnocasa_real_estate_listings_all.csv,456,Ksar Hellal
https://www.tecnocasa.tn/vendre/terrain/monastir/ksar-hellal/62851.html,https://cdn-media.medialabtc.it/tn/agencies/moca5/estates/62851/images/364943/detail.jpeg,1,data\csv\tecnocasa_real_estate_listings_all.csv,412,Ksar Hellal
https://www.tecnocasa.tn/vendre/terrain/monastir/ksar-hellal/63164.html,https://cdn-media.medialabtc.it/tn/agencies/moca5/estates/63164/images/361724/detail.jpeg,1,data\csv\tecnocasa_real_estate_listings_all.csv,409,Ksar Hellal
https://www.tecnocasa.tn/vendre/terrain/monastir/ksar-hellal/63183.html,https://cdn-media.medialabtc.it/tn/agencies/moca5/estates/63183/images/361852/detail.jpeg,1,data\csv\tecnocasa_real_estate_listings_all.csv,443,Ksar Hellal
https://www.tecnocasa.tn/vendre/terrain/monastir/ksar-hellal/63189.html,https://cdn-media.medialabtc.it/tn/agencies/moca5/estates/63189/images/361814/detail.jpeg,1,data\csv\tecnocasa_real_estate_listings_all.csv,441,Ksar Hellal
https://www.tecnocasa.tn/vendre/terrain/monastir/monastir/55742.html,https://cdn-media.medialabtc.it/tn/agencies/moca1/estates/55742/images/295288/detail.jpeg,1,data\csv\tecnocasa_real_estate_listings_all.csv,522,Monastir - Skanes La Falaise
https://www.tecnocasa.tn/vendre/terrain/monastir/monastir/58157.html,https://cdn-media.medialabtc.it/tn/agencies/moca2/estates/58157/images/318367/detail.jpeg,1,data\csv\tecnocasa_real_estate_listings_all.csv,521,Monastir - Cité El Agba
https://www.tecnocasa.tn/vendre/terrain/monastir/monastir/58158.html,https://cdn-media.medialabtc.it/tn/agencies/moca2/estates/58158/images/318389/detail.jpeg,1,data\csv\tecnocasa_real_estate_listings_all.csv,524,Monastir - Cité El Agba
https://www.tecnocasa.tn/vendre/terrain/monastir/monastir/59894.html,https://cdn-media.medialabtc.it/tn/agencies/moca2/estates/59894/images/332974/gallery_media.jpeg,1,data\csv\tecnocasa_real_estate_listings_all.csv,513,"Monastir, Cité remada - C2"
https://www.tecnocasa.tn/vendre/terrain/monastir/monastir/59894.html,https://cdn-media.medialabtc.it/tn/agencies/moca2/estates/59894/images/332974/detail.jpeg,2,data\csv\tecnocasa_real_estate_listings_all.csv,513,"Monastir, Cité remada - C2"
https://www.tecnocasa.tn/vendre/terrain/monastir/monastir/60195.html,https://cdn-media.medialabtc.it/tn/agencies/moca4/estates/60195/images/339023/detail.jpeg,1,data\csv\tecnocasa_real_estate_listings_all.csv,506,"Monastir, Rue sahline - Motamar"
https://www.tecnocasa.tn/vendre/terrain/monastir/monastir/60227.html,https://cdn-media.medialabtc.it/tn/agencies/moca3/estates/60227/images/335718/detail.jpeg,1,data\csv\tecnocasa_real_estate_listings_all.csv,510,"Monastir, Zone touristique - Zone Touristique Monastir"
https://www.tecnocasa.tn/vendre/terrain/monastir/monastir/62063.html,https://cdn-media.medialabtc.it/tn/agencies/moca3/estates/62063/images/354035/detail.jpeg,1,data\csv\tecnocasa_real_estate_listings_all.csv,465,"Monastir, Hay ennozha - Cité Ennozha"
https://www.tecnocasa.tn/vendre/terrain/monastir/monastir/62357.html,https://cdn-media.medialabtc.it/tn/agencies/moca2/estates/62357/images/355325/detail.jpeg,1,data\csv\tecnocasa_real_estate_listings_all.csv,459,"Monastir, Zone industriel - Cité El Agba"
https://www.tecnocasa.tn/vendre/terrain/monastir/sahline/42587.html,https://cdn-media.medialabtc.it/tn/agencies/moca4/estates/42587/images/185676/detail.jpeg,1,data\csv\tecnocasa_real_estate_listings_all.csv,505,"Sahline, Rue Matmeur"
https://www.tecnocasa.tn/vendre/terrain/monastir/sahline/51082.html,https://cdn-media.medialabtc.it/tn/agencies/moca4/estates/51082/images/251638/detail.jpeg,1,data\csv\tecnocasa_real_estate_listings_all.csv,485,"Sahline, Rue sahline"
https://www.tecnocasa.tn/vendre/terrain/monastir/sahline/53247.html,https://cdn-media.medialabtc.it/tn/agencies/moca4/estates/53247/images/270760/gallery_media.jpeg,1,data\csv\tecnocasa_real_estate_listings_all.csv,496,"Sahline, Rue Sahline"
https://www.tecnocasa.tn/vendre/terrain/monastir/sahline/53247.html,https://cdn-media.medialabtc.it/tn/agencies/moca4/estates/53247/images/270760/detail.jpeg,2,data\csv\tecnocasa_real_estate_listings_all.csv,496,"Sahline, Rue Sahline"
https://www.tecnocasa.tn/vendre/terrain/monastir/sahline/55985.html,https://cdn-media.medialabtc.it/tn/agencies/moca4/estates/55985/images/297511/detail.jpeg,1,data\csv\tecnocasa_real_estate_listings_all.csv,533,"Sahline, Rue Sahline"
https://www.tecnocasa.tn/vendre/terrain/monastir/sahline/56609.html,https://cdn-media.medialabtc.it/tn/agencies/moca4/estates/56609/images/303942/gallery_media.jpeg,1,data\csv\tecnocasa_real_estate_listings_all.csv,512,"Sahline, Zone de Lac"
https://www.tecnocasa.tn/vendre/terrain/monastir/sahline/56609.html,https://cdn-media.medialabtc.it/tn/agencies/moca4/estates/56609/images/303942/detail.jpeg,2,data\csv\tecnocasa_real_estate_listings_all.csv,512,"Sahline, Zone de Lac"
https://www.tecnocasa.tn/vendre/terrain/monastir/sahline/56616.html,https://cdn-media.medialabtc.it/tn/agencies/moca4/estates/56616/images/303943/detail.jpeg,1,data\csv\tecnocasa_real_estate_listings_all.csv,531,"Sahline, Rue Sahline"
https://www.tecnocasa.tn/vendre/terrain/monastir/sahline/59156.html,https://cdn-media.medialabtc.it/tn/agencies/moca4/estates/59156/images/326080/detail.jpeg,1,data\csv\tecnocasa_real_estate_listings_all.csv,520,"Sahline, Rue Sahline"
https://www.tecnocasa.tn/vendre/terrain/monastir/sahline/59200.html,https://cdn-media.medialabtc.it/tn/agencies/moca4/estates/59200/images/327170/detail.jpeg,1,data\csv\tecnocasa_real_estate_listings_all.csv,519,"Sahline, Rue Sahline"
https://www.tecnocasa.tn/vendre/terrain/monastir/sahline/60001.html,https://cdn-media.medialabtc.it/tn/agencies/moca4/estates/60001/images/334433/detail.jpeg,1,data\csv\tecnocasa_real_estate_listings_all.csv,514,"Sahline, Rue Sahline"
https://www.tecnocasa.tn/vendre/terrain/monastir/sahline/60188.html,https://cdn-media.medialabtc.it/tn/agencies/moca4/estates/60188/images/336025/detail.jpeg,1,data\csv\tecnocasa_real_estate_listings_all.csv,509,"Sahline, Rue sahline"
https://www.tecnocasa.tn/vendre/terrain/monastir/sahline/60293.html,https://cdn-media.medialabtc.it/tn/agencies/moca4/estates/60293/images/336004/detail.jpeg,1,data\csv\tecnocasa_real_estate_listings_all.csv,508,"Sahline, Rue sahline"
https://www.tecnocasa.tn/vendre/terrain/monastir/sahline/61369.html,https://cdn-media.medialabtc.it/tn/agencies/moca4/estates/61369/images/355117/detail.jpeg,1,data\csv\tecnocasa_real_estate_listings_all.csv,461,"Sahline, Rue Sahline"
https://www.tecnocasa.tn/vendre/terrain/monastir/sahline/61645.html,https://cdn-media.medialabtc.it/tn/agencies/moca4/estates/61645/images/351466/detail.jpeg,1,data\csv\tecnocasa_real_estate_listings_all.csv,471,"Sahline, Rue sahline"
https://www.tecnocasa.tn/vendre/terrain/monastir/sahline/61690.html,https://cdn-media.medialabtc.it/tn/agencies/moca4/estates/61690/images/351619/detail.jpeg,1,data\csv\tecnocasa_real_estate_listings_all.csv,470,"Sahline, Rue sahline"
https://www.tecnocasa.tn/vendre/terrain/monastir/sahline/61806.html,https://cdn-media.medialabtc.it/tn/agencies/moca4/estates/61806/images/354353/detail.jpeg,1,data\csv\tecnocasa_real_estate_listings_all.csv,464,"Sahline, Rue sahline"
https://www.tecnocasa.tn/vendre/terrain/monastir/sahline/61902.html,https://cdn-media.medialabtc.it/tn/agencies/moca4/estates/61902/images/353153/gallery_media.jpeg,1,data\csv\tecnocasa_real_estate_listings_all.csv,467,"Sahline, Rue sahline"
https://www.tecnocasa.tn/vendre/terrain/monastir/sahline/61902.html,https://cdn-media.medialabtc.it/tn/agencies/moca4/estates/61902/images/353153/detail.jpeg,2,data\csv\tecnocasa_real_estate_listings_all.csv,467,"Sahline, Rue sahline"
https://www.tecnocasa.tn/vendre/terrain/monastir/sahline/62782.html,https://cdn-media.medialabtc.it/tn/agencies/moca4/estates/62782/images/369401/detail.jpeg,1,data\csv\tecnocasa_real_estate_listings_all.csv,449,"Sahline, Rue sahline"
https://www.tecnocasa.tn/vendre/terrain/monastir/sahline/63267.html,https://cdn-media.medialabtc.it/tn/agencies/moca4/estates/63267/images/366735/detail.jpeg,1,data\csv\tecnocasa_real_estate_listings_all.csv,419,"Sahline, Rue sahline"
https://www.tecnocasa.tn/vendre/terrain/monastir/sahline/63623.html,https://cdn-media.medialabtc.it/tn/agencies/moca4/estates/63623/images/366732/detail.jpeg,1,data\csv\tecnocasa_real_estate_listings_all.csv,420,"Sahline, Rue sahline"
https://www.tecnocasa.tn/vendre/terrain/sfax/sfax/55658.html,https://cdn-media.medialabtc.it/tn/agencies/ssfx1/estates/55658/images/318951/detail.jpeg,1,data\csv\tecnocasa_real_estate_listings_all.csv,593,Sfax - Route Gremda
https://www.tecnocasa.tn/vendre/terrain/sfax/sfax/56970.html,https://cdn-media.medialabtc.it/tn/agencies/ssfx1/estates/56970/images/312964/detail.jpeg,1,data\csv\tecnocasa_real_estate_listings_all.csv,558,Sfax - Route de Tunis
https://www.tecnocasa.tn/vendre/terrain/sfax/sfax/57734.html,https://cdn-media.medialabtc.it/tn/agencies/ssfx1/estates/57734/images/318740/gallery_media.jpeg,1,data\csv\tecnocasa_real_estate_listings_all.csv,586,Sfax - Kaied Mhamed
https://www.tecnocasa.tn/vendre/terrain/sfax/sfax/57734.html,https://cdn-media.medialabtc.it/tn/agencies/ssfx1/estates/57734/images/318740/detail.jpeg,2,data\csv\tecnocasa_real_estate_listings_all.csv,586,Sfax - Kaied Mhamed
https://www.tecnocasa.tn/vendre/terrain/sfax/sfax/58550.html,https://cdn-media.medialabtc.it/tn/agencies/ssfx1/estates/58550/images/320520/detail.jpeg,1,data\csv\tecnocasa_real_estate_listings_all.csv,581,Sfax - Bouzayen
https://www.tecnocasa.tn/vendre/terrain/sfax/sfax/58877.html,https://cdn-media.medialabtc.it/tn/agencies/ssfx1/estates/58877/images/324509/detail.jpeg,1,data\csv\tecnocasa_real_estate_listings_all.csv,592,Sfax - Route de Tunis
https://www.tecnocasa.tn/vendre/terrain/sfax/sfax/59143.html,https://cdn-media.medialabtc.it/tn/agencies/ssfx1/estates/59143/images/325752/gallery_media.jpeg,1,data\csv\tecnocasa_real_estate_listings_all.csv,555,Sfax - Route de Tunis
https://www.tecnocasa.tn/vendre/terrain/sfax/sfax/59143.html,https://cdn-media.medialabtc.it/tn/agencies/ssfx1/estates/59143/images/325752/detail.jpeg,2,data\csv\tecnocasa_real_estate_listings_all.csv,555,Sfax - Route de Tunis
https://www.tecnocasa.tn/vendre/terrain/sfax/sfax/59144.html,https://cdn-media.medialabtc.it/tn/agencies/ssfx1/estates/59144/images/325758/detail.jpeg,1,data\csv\tecnocasa_real_estate_listings_all.csv,591,Sfax - Route de Tunis
https://www.tecnocasa.tn/vendre/terrain/sfax/sfax/59280.html,https://cdn-media.medialabtc.it/tn/agencies/ssfx1/estates/59280/images/326960/gallery_media.jpeg,1,data\csv\tecnocasa_real_estate_listings_all.csv,587,Sfax - Bouzayen
https://www.tecnocasa.tn/vendre/terrain/sfax/sfax/59280.html,https://cdn-media.medialabtc.it/tn/agencies/ssfx1/estates/59280/images/326960/detail.jpeg,2,data\csv\tecnocasa_real_estate_listings_all.csv,587,Sfax - Bouzayen
https://www.tecnocasa.tn/vendre/terrain/sfax/sfax/61304.html,https://cdn-media.medialabtc.it/tn/agencies/ssfx1/estates/61304/images/347735/detail.jpeg,1,data\csv\tecnocasa_real_estate_listings_all.csv,578,Sfax - Route Gremda
https://www.tecnocasa.tn/vendre/terrain/sfax/sfax/62115.html,https://cdn-media.medialabtc.it/tn/agencies/ssfx1/estates/62115/images/353139/detail.jpeg,1,data\csv\tecnocasa_real_estate_listings_all.csv,573,Sfax - Bouzayen
https://www.tecnocasa.tn/vendre/terrain/sfax/sfax/63418.html,https://cdn-media.medialabtc.it/tn/agencies/ssfx2/estates/63418/images/364351/gallery_media.jpeg,1,data\csv\tecnocasa_real_estate_listings_all.csv,556,Sfax - Route Manzel Chaker
https://www.tecnocasa.tn/vendre/terrain/sfax/sfax/63418.html,https://cdn-media.medialabtc.it/tn/agencies/ssfx2/estates/63418/images/364351/detail.jpeg,2,data\csv\tecnocasa_real_estate_listings_all.csv,556,Sfax - Route Manzel Chaker
https://www.tecnocasa.tn/vendre/terrain/sousse/chott-meriam/17442.html,https://cdn-media.medialabtc.it/tn/agencies/ssca2/estates/17442/images/67323/detail.jpeg,1,data\csv\tecnocasa_real_estate_listings_all.csv,893,Chott Meriam
https://www.tecnocasa.tn/vendre/terrain/sousse/chott-meriam/41614.html,https://cdn-media.medialabtc.it/tn/agencies/sscb4/estates/41614/images/235113/detail.jpeg,1,data\csv\tecnocasa_real_estate_listings_all.csv,887,"Chott Meriam, Ouled Souguir 3"
https://www.tecnocasa.tn/vendre/terrain/sousse/chott-meriam/49608.html,https://cdn-media.medialabtc.it/tn/agencies/sscb4/estates/49608/images/239300/detail.jpeg,1,data\csv\tecnocasa_real_estate_listings_all.csv,888,"Chott Meriam, Rue merdessi"
https://www.tecnocasa.tn/vendre/terrain/sousse/chott-meriam/50861.html,https://cdn-media.medialabtc.it/tn/agencies/sscb4/estates/50861/images/250440/detail.jpeg,1,data\csv\tecnocasa_real_estate_listings_all.csv,886,"Chott Meriam, Rue rmila"
https://www.tecnocasa.tn/vendre/terrain/sousse/chott-meriam/51662.html,https://cdn-media.medialabtc.it/tn/agencies/sscb4/estates/51662/images/259230/detail.jpeg,1,data\csv\tecnocasa_real_estate_listings_all.csv,885,"Chott Meriam, Rue ouled oune"
https://www.tecnocasa.tn/vendre/terrain/sousse/chott-meriam/51977.html,https://cdn-media.medialabtc.it/tn/agencies/sscb4/estates/51977/images/260319/gallery_media.jpeg,1,data\csv\tecnocasa_real_estate_listings_all.csv,884,"Chott Meriam, Rue foukaya"
https://www.tecnocasa.tn/vendre/terrain/sousse/chott-meriam/51977.html,https://cdn-media.medialabtc.it/tn/agencies/sscb4/estates/51977/images/260319/detail.jpeg,2,data\csv\tecnocasa_real_estate_listings_all.csv,884,"Chott Meriam, Rue foukaya"
https://www.tecnocasa.tn/vendre/terrain/sousse/chott-meriam/54370.html,https://cdn-media.medialabtc.it/tn/agencies/sscb4/estates/54370/images/283541/gallery_media.jpeg,1,data\csv\tecnocasa_real_estate_listings_all.csv,882,"Chott Meriam, Rue foukaya"
https://www.tecnocasa.tn/vendre/terrain/sousse/chott-meriam/54370.html,https://cdn-media.medialabtc.it/tn/agencies/sscb4/estates/54370/images/283541/detail.jpeg,2,data\csv\tecnocasa_real_estate_listings_all.csv,882,"Chott Meriam, Rue foukaya"
https://www.tecnocasa.tn/vendre/terrain/sousse/chott-meriam/55932.html,https://cdn-media.medialabtc.it/tn/agencies/sscb4/estates/55932/images/298841/detail.jpeg,1,data\csv\tecnocasa_real_estate_listings_all.csv,878,"Chott Meriam, Rmila , Chott Mariem"
https://www.tecnocasa.tn/vendre/terrain/sousse/chott-meriam/57521.html,https://cdn-media.medialabtc.it/tn/agencies/sscb4/estates/57521/images/310843/detail.jpeg,1,data\csv\tecnocasa_real_estate_listings_all.csv,870,"Chott Meriam, Rue rmila"
https://www.tecnocasa.tn/vendre/terrain/sousse/chott-meriam/58967.html,https://cdn-media.medialabtc.it/tn/agencies/sscb4/estates/58967/images/330594/detail.jpeg,1,data\csv\tecnocasa_real_estate_listings_all.csv,849,"Chott Meriam, Lotissement bouker"
https://www.tecnocasa.tn/vendre/terrain/sousse/chott-meriam/59605.html,https://cdn-media.medialabtc.it/tn/agencies/sscb4/estates/59605/images/345347/gallery_media.jpeg,1,data\csv\tecnocasa_real_estate_listings_all.csv,689,"Chott Meriam, Rue foukaya"
https://www.tecnocasa.tn/vendre/terrain/sousse/chott-meriam/59605.html,https://cdn-media.medialabtc.it/tn/agencies/sscb4/estates/59605/images/345347/detail.jpeg,2,data\csv\tecnocasa_real_estate_listings_all.csv,689,"Chott Meriam, Rue foukaya"
https://www.tecnocasa.tn/vendre/terrain/sousse/chott-meriam/60982.html,https://cdn-media.medialabtc.it/tn/agencies/sscb4/estates/60982/images/346242/gallery_media.jpeg,1,data\csv\tecnocasa_real_estate_listings_all.csv,779,"Chott Meriam, Rue Targui"
https://www.tecnocasa.tn/vendre/terrain/sousse/chott-meriam/60982.html,https://cdn-media.medialabtc.it/tn/agencies/sscb4/estates/60982/images/346242/detail.jpeg,2,data\csv\tecnocasa_real_estate_listings_all.csv,779,"Chott Meriam, Rue Targui"
https://www.tecnocasa.tn/vendre/terrain/sousse/el-kantaoui/60926.html,https://cdn-media.medialabtc.it/tn/agencies/ssca2/estates/60926/images/342035/gallery_media.jpeg,1,data\csv\tecnocasa_real_estate_listings_all.csv,809,"El Kantaoui, Rue Enakhil"
https://www.tecnocasa.tn/vendre/terrain/sousse/el-kantaoui/60926.html,https://cdn-media.medialabtc.it/tn/agencies/ssca2/estates/60926/images/342035/detail.jpeg,2,data\csv\tecnocasa_real_estate_listings_all.csv,809,"El Kantaoui, Rue Enakhil"
https://www.tecnocasa.tn/vendre/terrain/sousse/hammam-sousse/40382.html,https://cdn-media.medialabtc.it/tn/agencies/sscb6/estates/40382/images/173427/detail.jpeg,1,data\csv\tecnocasa_real_estate_listings_all.csv,844,Hammam Sousse
https://www.tecnocasa.tn/vendre/terrain/sousse/hammam-sousse/53634.html,https://cdn-media.medialabtc.it/tn/agencies/sscb6/estates/53634/images/316364/detail.jpeg,1,data\csv\tecnocasa_real_estate_listings_all.csv,836,Hammam Sousse - Ghrabi
https://www.tecnocasa.tn/vendre/terrain/sousse/hergla/48937.html,https://cdn-media.medialabtc.it/tn/agencies/ssgh1/estates/48937/images/346510/detail.jpeg,1,data\csv\tecnocasa_real_estate_listings_all.csv,775,"Hergla, Cité Nozha"
https://www.tecnocasa.tn/vendre/terrain/sousse/hergla/60254.html,https://cdn-media.medialabtc.it/tn/agencies/ssgh1/estates/60254/images/336885/gallery_media.jpeg,1,data\csv\tecnocasa_real_estate_listings_all.csv,838,"Hergla, Cité Nozha"
https://www.tecnocasa.tn/vendre/terrain/sousse/hergla/60254.html,https://cdn-media.medialabtc.it/tn/agencies/ssgh1/estates/60254/images/336885/detail.jpeg,2,data\csv\tecnocasa_real_estate_listings_all.csv,838,"Hergla, Cité Nozha"
https://www.tecnocasa.tn/vendre/terrain/sousse/hergla/60764.html,https://cdn-media.medialabtc.it/tn/agencies/ssgh1/estates/60764/images/340774/gallery_media.jpeg,1,data\csv\tecnocasa_real_estate_listings_all.csv,822,"Hergla, Rue hergla"
https://www.tecnocasa.tn/vendre/terrain/sousse/hergla/60764.html,https://cdn-media.medialabtc.it/tn/agencies/ssgh1/estates/60764/images/340774/detail.jpeg,2,data\csv\tecnocasa_real_estate_listings_all.csv,822,"Hergla, Rue hergla"
https://www.tecnocasa.tn/vendre/terrain/sousse/hergla/60765.html,https://cdn-media.medialabtc.it/tn/agencies/ssgh1/estates/60765/images/340754/detail.jpeg,1,data\csv\tecnocasa_real_estate_listings_all.csv,821,"Hergla, Rue hergla"
https://www.tecnocasa.tn/vendre/terrain/sousse/hergla/60942.html,https://cdn-media.medialabtc.it/tn/agencies/ssgh1/estates/60942/images/346509/detail.jpeg,1,data\csv\tecnocasa_real_estate_listings_all.csv,776,"Hergla, Zone agricole , stade napoles , hergla"
https://www.tecnocasa.tn/vendre/terrain/sousse/hergla/61847.html,https://cdn-media.medialabtc.it/tn/agencies/ssgh1/estates/61847/images/351616/detail.jpeg,1,data\csv\tecnocasa_real_estate_listings_all.csv,756,"Hergla, Cité Nozha"
https://www.tecnocasa.tn/vendre/terrain/sousse/hergla/62048.html,https://cdn-media.medialabtc.it/tn/agencies/ssgh1/estates/62048/images/355139/detail.jpeg,1,data\csv\tecnocasa_real_estate_listings_all.csv,735,"Hergla, Zone agricole hergla"
https://www.tecnocasa.tn/vendre/terrain/sousse/hergla/62065.html,https://cdn-media.medialabtc.it/tn/agencies/ssgh1/estates/62065/images/353031/detail.jpeg,1,data\csv\tecnocasa_real_estate_listings_all.csv,752,"Hergla, Zone agricole , terrain napoles hergla"
https://www.tecnocasa.tn/vendre/terrain/sousse/hergla/62088.html,https://cdn-media.medialabtc.it/tn/agencies/ssgh1/estates/62088/images/353037/detail.jpeg,1,data\csv\tecnocasa_real_estate_listings_all.csv,751,"Hergla, Cité nozha"
https://www.tecnocasa.tn/vendre/terrain/sousse/hergla/62362.html,https://cdn-media.medialabtc.it/tn/agencies/ssgh1/estates/62362/images/355109/detail.jpeg,1,data\csv\tecnocasa_real_estate_listings_all.csv,736,"Hergla, Hergla agricole"
https://www.tecnocasa.tn/vendre/terrain/sousse/hergla/63157.html,https://cdn-media.medialabtc.it/tn/agencies/ssgh1/estates/63157/images/362371/detail.jpeg,1,data\csv\tecnocasa_real_estate_listings_all.csv,685,"Hergla, Lotissement Afh"
https://www.tecnocasa.tn/vendre/terrain/sousse/hergla/63237.html,https://cdn-media.medialabtc.it/tn/agencies/ssgh1/estates/63237/images/362772/detail.jpeg,1,data\csv\tecnocasa_real_estate_listings_all.csv,678,"Hergla, Rue Hergla"
https://www.tecnocasa.tn/vendre/terrain/sousse/hergla/63551.html,https://cdn-media.medialabtc.it/tn/agencies/ssgh1/estates/63551/images/367490/detail.jpeg,1,data\csv\tecnocasa_real_estate_listings_all.csv,631,"Hergla, Rue hergla"
https://www.tecnocasa.tn/vendre/terrain/sousse/kalaa-seghira/60055.html,https://cdn-media.medialabtc.it/tn/agencies/sscb1/estates/60055/images/334912/detail.jpeg,1,data\csv\tecnocasa_real_estate_listings_all.csv,832,"Kalâa Seghira, Rue chraki - El Kaala Essagira"
https://www.tecnocasa.tn/vendre/terrain/sousse/khezama/32447.html,https://cdn-media.medialabtc.it/tn/agencies/sscb2/estates/32447/images/215115/gallery_media.jpeg,1,data\csv\tecnocasa_real_estate_listings_all.csv,764,Khezama - Khezema Est
https://www.tecnocasa.tn/vendre/terrain/sousse/khezama/32447.html,https://cdn-media.medialabtc.it/tn/agencies/sscb2/estates/32447/images/215115/detail.jpeg,2,data\csv\tecnocasa_real_estate_listings_all.csv,764,Khezama - Khezema Est
https://www.tecnocasa.tn/vendre/terrain/sousse/khezama/40648.html,https://cdn-media.medialabtc.it/tn/agencies/sscb6/estates/40648/images/333482/detail.jpeg,1,data\csv\tecnocasa_real_estate_listings_all.csv,843,Khezama - Khezema Est
https://www.tecnocasa.tn/vendre/terrain/sousse/khezama/47921.html,https://cdn-media.medialabtc.it/tn/agencies/sscb6/estates/47921/images/226384/detail.jpeg,1,data\csv\tecnocasa_real_estate_listings_all.csv,842,Khezama - Khezema Ouest
https://www.tecnocasa.tn/vendre/terrain/sousse/khezama/48215.html,https://cdn-media.medialabtc.it/tn/agencies/sscb6/estates/48215/images/235796/detail.jpeg,1,data\csv\tecnocasa_real_estate_listings_all.csv,841,Khezama - Khezema Ouest
https://www.tecnocasa.tn/vendre/terrain/sousse/khezama/54957.html,https://cdn-media.medialabtc.it/tn/agencies/sscb6/estates/54957/images/322973/detail.jpeg,1,data\csv\tecnocasa_real_estate_listings_all.csv,857,Khezama - Khezema Ouest
https://www.tecnocasa.tn/vendre/terrain/sousse/khezama/56310.html,https://cdn-media.medialabtc.it/tn/agencies/ssca1/estates/56310/images/323160/detail.jpeg,1,data\csv\tecnocasa_real_estate_listings_all.csv,856,Khezama - Khezema Est
https://www.tecnocasa.tn/vendre/terrain/sousse/khezama/57484.html,https://cdn-media.medialabtc.it/tn/agencies/ssca1/estates/57484/images/311318/detail.jpeg,1,data\csv\tecnocasa_real_estate_listings_all.csv,814,"Khezama, Rue Hedi Ghdess - Khezema Est"
https://www.tecnocasa.tn/vendre/terrain/sousse/khezama/60454.html,https://cdn-media.medialabtc.it/tn/agencies/sscb6/estates/60454/images/339621/detail.jpeg,1,data\csv\tecnocasa_real_estate_listings_all.csv,725,Khezama - Khezema Ouest
https://www.tecnocasa.tn/vendre/terrain/sousse/khezama/60898.html,https://cdn-media.medialabtc.it/tn/agencies/sscb2/estates/60898/images/354034/detail.jpeg,1,data\csv\tecnocasa_real_estate_listings_all.csv,742,Khezama - Khezema Est
https://www.tecnocasa.tn/vendre/terrain/sousse/khezama/60899.html,https://cdn-media.medialabtc.it/tn/agencies/sscb2/estates/60899/images/354033/detail.jpeg,1,data\csv\tecnocasa_real_estate_listings_all.csv,743,Khezama - Khezema Ouest
https://www.tecnocasa.tn/vendre/terrain/sousse/m-saken/55601.html,https://cdn-media.medialabtc.it/tn/agencies/ssca7/estates/55601/images/293788/detail.jpeg,1,data\csv\tecnocasa_real_estate_listings_all.csv,773,"M'Saken, Cité Ennour"
https://www.tecnocasa.tn/vendre/terrain/sousse/m-saken/59133.html,https://cdn-media.medialabtc.it/tn/agencies/ssca7/estates/59133/images/325280/detail.jpeg,1,data\csv\tecnocasa_real_estate_listings_all.csv,771,"M'Saken, Rue Msaken"
https://www.tecnocasa.tn/vendre/terrain/sousse/m-saken/59185.html,https://cdn-media.medialabtc.it/tn/agencies/ssca7/estates/59185/images/326572/detail.jpeg,1,data\csv\tecnocasa_real_estate_listings_all.csv,765,"M'Saken, Rue rahma hay Enour"
https://www.tecnocasa.tn/vendre/terrain/sousse/m-saken/60701.html,https://cdn-media.medialabtc.it/tn/agencies/ssca7/estates/60701/images/346040/detail.jpeg,1,data\csv\tecnocasa_real_estate_listings_all.csv,786,"M'Saken, Rue Msaken"
https://www.tecnocasa.tn/vendre/terrain/sousse/m-saken/60709.html,https://cdn-media.medialabtc.it/tn/agencies/ssca7/estates/60709/images/345909/detail.jpeg,1,data\csv\tecnocasa_real_estate_listings_all.csv,785,"M'Saken, Rte de kroussia"
https://www.tecnocasa.tn/vendre/terrain/sousse/m-saken/60753.html,https://cdn-media.medialabtc.it/tn/agencies/ssca7/estates/60753/images/345914/detail.jpeg,1,data\csv\tecnocasa_real_estate_listings_all.csv,789,"M'Saken, Beni Kalthoum"
https://www.tecnocasa.tn/vendre/terrain/sousse/sahloul/40958.html,https://cdn-media.medialabtc.it/tn/agencies/sscb1/estates/40958/images/266588/detail.jpeg,1,data\csv\tecnocasa_real_estate_listings_all.csv,830,"Sahloul, Rte ceinture SAHLOUL (ss) 4061 - Sahloul 1-2"
https://www.tecnocasa.tn/vendre/terrain/sousse/sousse-centre-ville/38848.html,https://cdn-media.medialabtc.it/tn/agencies/ssca6/estates/38848/images/166039/detail.jpeg,1,data\csv\tecnocasa_real_estate_listings_all.csv,892,Sousse Centre Ville - La Corniche
https://www.tecnocasa.tn/vendre/terrain/sousse/sousse-centre-ville/51531.html,https://cdn-media.medialabtc.it/tn/agencies/ssca3/estates/51531/images/258904/detail.jpeg,1,data\csv\tecnocasa_real_estate_listings_all.csv,880,"Sousse Centre Ville, Hamid El Ghazeli - Bouhsina"
https://www.tecnocasa.tn/vendre/terrain/sousse/sousse-centre-ville/54870.html,https://cdn-media.medialabtc.it/tn/agencies/ssca6/estates/54870/images/369600/detail.jpeg,1,data\csv\tecnocasa_real_estate_listings_all.csv,881,Sousse Centre Ville - La Corniche
https://www.tecnocasa.tn/vendre/terrain/sousse/sousse-centre-ville/55281.html,https://cdn-media.medialabtc.it/tn/agencies/ssca3/estates/55281/images/291140/detail.jpeg,1,data\csv\tecnocasa_real_estate_listings_all.csv,740,Sousse Centre Ville - Bouhsina
https://www.tecnocasa.tn/vendre/terrain/sousse/sousse-centre-ville/55563.html,https://cdn-media.medialabtc.it/tn/agencies/ssca3/estates/55563/images/295909/detail.jpeg,1,data\csv\tecnocasa_real_estate_listings_all.csv,705,"Sousse Centre Ville, Hamed ghazeli - Bouhsina"
https://www.tecnocasa.tn/vendre/terrain/sousse/sousse-centre-ville/55842.html,https://cdn-media.medialabtc.it/tn/agencies/ssca3/estates/55842/images/323207/detail.jpeg,1,data\csv\tecnocasa_real_estate_listings_all.csv,730,Sousse Centre Ville - Bouhsina
https://www.tecnocasa.tn/vendre/terrain/sousse/sousse-centre-ville/56618.html,https://cdn-media.medialabtc.it/tn/agencies/ssca3/estates/56618/images/317074/detail.jpeg,1,data\csv\tecnocasa_real_estate_listings_all.csv,684,"Sousse Centre Ville, Rue boukhzar - Bouhsina"
https://www.tecnocasa.tn/vendre/terrain/sousse/sousse-centre-ville/56753.html,https://cdn-media.medialabtc.it/tn/agencies/ssca6/estates/56753/images/308476/detail.jpeg,1,data\csv\tecnocasa_real_estate_listings_all.csv,871,Sousse Centre Ville - La Corniche
https://www.tecnocasa.tn/vendre/terrain/sousse/sousse-centre-ville/58000.html,https://cdn-media.medialabtc.it/tn/agencies/ssca6/estates/58000/images/316170/detail.jpeg,1,data\csv\tecnocasa_real_estate_listings_all.csv,865,Sousse Centre Ville - La Corniche
https://www.tecnocasa.tn/vendre/terrain/sousse/sousse-centre-ville/59422.html,https://cdn-media.medialabtc.it/tn/agencies/ssca3/estates/59422/images/359411/detail.jpeg,1,data\csv\tecnocasa_real_estate_listings_all.csv,712,Sousse Centre Ville - Bouhsina
https://www.tecnocasa.tn/vendre/terrain/sousse/sousse-centre-ville/60158.html,https://cdn-media.medialabtc.it/tn/agencies/ssca3/estates/60158/images/336605/detail.jpeg,1,data\csv\tecnocasa_real_estate_listings_all.csv,707,Sousse Centre Ville - Bouhsina
https://www.tecnocasa.tn/vendre/terrain/sousse/sousse-centre-ville/60178.html,https://cdn-media.medialabtc.it/tn/agencies/ssca3/estates/60178/images/354416/detail.jpeg,1,data\csv\tecnocasa_real_estate_listings_all.csv,708,"Sousse Centre Ville, Rue jbal tarak - Bouhsina"
https://www.tecnocasa.tn/vendre/terrain/sousse/sousse-centre-ville/61949.html,https://cdn-media.medialabtc.it/tn/agencies/ssca3/estates/61949/images/354432/detail.jpeg,1,data\csv\tecnocasa_real_estate_listings_all.csv,721,"Sousse Centre Ville, Rue sousse - Bouhsina"
https://www.tecnocasa.tn/vendre/terrain/sousse/sousse-centre-ville/62002.html,https://cdn-media.medialabtc.it/tn/agencies/ssca3/estates/62002/images/358269/detail.jpeg,1,data\csv\tecnocasa_real_estate_listings_all.csv,706,"Sousse Centre Ville, Fh Bouhsina - Bouhsina"
https://www.tecnocasa.tn/vendre/terrain/sousse/sousse-centre-ville/62067.html,https://cdn-media.medialabtc.it/tn/agencies/ssca5/estates/62067/images/361118/detail.jpeg,1,data\csv\tecnocasa_real_estate_listings_all.csv,694,Sousse Centre Ville - Cité Hached - Jawhara
https://www.tecnocasa.tn/vendre/terrain/sousse/sousse-centre-ville/62457.html,https://cdn-media.medialabtc.it/tn/agencies/ssca5/estates/62457/images/361102/detail.jpeg,1,data\csv\tecnocasa_real_estate_listings_all.csv,695,Sousse Centre Ville - Cité Hached - Jawhara
https://www.tecnocasa.tn/vendre/terrain/sousse/sousse-centre-ville/62670.html,https://cdn-media.medialabtc.it/tn/agencies/ssca3/estates/62670/images/358443/detail.jpeg,1,data\csv\tecnocasa_real_estate_listings_all.csv,653,"Sousse Centre Ville, Rue Younes Belhaj Ali - Bouhsina"
https://www.tecnocasa.tn/vendre/terrain/sousse/sousse-centre-ville/62790.html,https://cdn-media.medialabtc.it/tn/agencies/ssca3/estates/62790/images/359427/detail.jpeg,1,data\csv\tecnocasa_real_estate_listings_all.csv,683,"Sousse Centre Ville, Cité olympique - Bouhsina"
https://www.tecnocasa.tn/vendre/terrain/sousse/sousse-centre-ville/62931.html,https://cdn-media.medialabtc.it/tn/agencies/ssca3/estates/62931/images/362669/detail.jpeg,1,data\csv\tecnocasa_real_estate_listings_all.csv,652,"Sousse Centre Ville, Terrain habitation ind - Bouhsina"
https://www.tecnocasa.tn/vendre/terrain/sousse/sousse-centre-ville/62981.html,https://cdn-media.medialabtc.it/tn/agencies/ssca3/estates/62981/images/362632/detail.jpeg,1,data\csv\tecnocasa_real_estate_listings_all.csv,670,"Sousse Centre Ville, Hamed El Ghazeli - Bouhsina"
https://www.tecnocasa.tn/vendre/villa/bizerte/bizerte/46815.html,https://cdn-media.medialabtc.it/tn/agencies/bzco1/estates/46815/images/215892/detail.jpeg,1,data\csv\tecnocasa_real_estate_listings_all.csv,59,Bizerte
https://www.tecnocasa.tn/vendre/villa/bizerte/bizerte/49177.html,https://cdn-media.medialabtc.it/tn/agencies/bzco1/estates/49177/images/235839/detail.jpeg,1,data\csv\tecnocasa_real_estate_listings_all.csv,56,Bizerte
https://www.tecnocasa.tn/vendre/villa/bizerte/bizerte/50871.html,https://cdn-media.medialabtc.it/tn/agencies/bzco1/estates/50871/images/250308/gallery_media.jpeg,1,data\csv\tecnocasa_real_estate_listings_all.csv,49,Bizerte
https://www.tecnocasa.tn/vendre/villa/bizerte/bizerte/50871.html,https://cdn-media.medialabtc.it/tn/agencies/bzco1/estates/50871/images/250308/detail.jpeg,2,data\csv\tecnocasa_real_estate_listings_all.csv,49,Bizerte
https://www.tecnocasa.tn/vendre/villa/bizerte/bizerte/53393.html,https://cdn-media.medialabtc.it/tn/agencies/bzco1/estates/53393/images/272844/detail.jpeg,1,data\csv\tecnocasa_real_estate_listings_all.csv,11,Bizerte
https://www.tecnocasa.tn/vendre/villa/bizerte/bizerte/53702.html,https://cdn-media.medialabtc.it/tn/agencies/bzco1/estates/53702/images/276839/detail.jpeg,1,data\csv\tecnocasa_real_estate_listings_all.csv,42,Bizerte
https://www.tecnocasa.tn/vendre/villa/bizerte/bizerte/53824.html,https://cdn-media.medialabtc.it/tn/agencies/bzco1/estates/53824/images/277604/detail.jpeg,1,data\csv\tecnocasa_real_estate_listings_all.csv,12,Bizerte
https://www.tecnocasa.tn/vendre/villa/bizerte/bizerte/55785.html,https://cdn-media.medialabtc.it/tn/agencies/bzco1/estates/55785/images/296780/detail.jpeg,1,data\csv\tecnocasa_real_estate_listings_all.csv,53,Bizerte
https://www.tecnocasa.tn/vendre/villa/bizerte/bizerte/56572.html,https://cdn-media.medialabtc.it/tn/agencies/bzco1/estates/56572/images/318156/detail.jpeg,1,data\csv\tecnocasa_real_estate_listings_all.csv,45,Bizerte
https://www.tecnocasa.tn/vendre/villa/bizerte/bizerte/56782.html,https://cdn-media.medialabtc.it/tn/agencies/bzco1/estates/56782/images/314960/detail.jpeg,1,data\csv\tecnocasa_real_estate_listings_all.csv,15,Bizerte
https://www.tecnocasa.tn/vendre/villa/bizerte/bizerte/56820.html,https://cdn-media.medialabtc.it/tn/agencies/bzco1/estates/56820/images/308267/detail.jpeg,1,data\csv\tecnocasa_real_estate_listings_all.csv,36,Bizerte
https://www.tecnocasa.tn/vendre/villa/bizerte/bizerte/57906.html,https://cdn-media.medialabtc.it/tn/agencies/bzco1/estates/57906/images/330099/detail.jpeg,1,data\csv\tecnocasa_real_estate_listings_all.csv,38,Bizerte
https://www.tecnocasa.tn/vendre/villa/bizerte/bizerte/57939.html,https://cdn-media.medialabtc.it/tn/agencies/bzco1/estates/57939/images/315440/detail.jpeg,1,data\csv\tecnocasa_real_estate_listings_all.csv,46,Bizerte
https://www.tecnocasa.tn/vendre/villa/bizerte/bizerte/57968.html,https://cdn-media.medialabtc.it/tn/agencies/bzco1/estates/57968/images/314817/detail.jpeg,1,data\csv\tecnocasa_real_estate_listings_all.csv,35,Bizerte
https://www.tecnocasa.tn/vendre/villa/bizerte/bizerte/58716.html,https://cdn-media.medialabtc.it/tn/agencies/bzco1/estates/58716/images/333734/detail.jpeg,1,data\csv\tecnocasa_real_estate_listings_all.csv,37,Bizerte
https://www.tecnocasa.tn/vendre/villa/bizerte/bizerte/58928.html,https://cdn-media.medialabtc.it/tn/agencies/bzco1/estates/58928/images/328889/detail.jpeg,1,data\csv\tecnocasa_real_estate_listings_all.csv,39,Bizerte
https://www.tecnocasa.tn/vendre/villa/bizerte/bizerte/59821.html,https://cdn-media.medialabtc.it/tn/agencies/bzco1/estates/59821/images/333772/gallery_media.jpeg,1,data\csv\tecnocasa_real_estate_listings_all.csv,34,Bizerte
https://www.tecnocasa.tn/vendre/villa/bizerte/bizerte/59821.html,https://cdn-media.medialabtc.it/tn/agencies/bzco1/estates/59821/images/333772/detail.jpeg,2,data\csv\tecnocasa_real_estate_listings_all.csv,34,Bizerte
https://www.tecnocasa.tn/vendre/villa/bizerte/bizerte/60671.html,https://cdn-media.medialabtc.it/tn/agencies/bzco1/estates/60671/images/340733/gallery_media.jpeg,1,data\csv\tecnocasa_real_estate_listings_all.csv,33,Bizerte
https://www.tecnocasa.tn/vendre/villa/bizerte/bizerte/60671.html,https://cdn-media.medialabtc.it/tn/agencies/bzco1/estates/60671/images/340733/detail.jpeg,2,data\csv\tecnocasa_real_estate_listings_all.csv,33,Bizerte
https://www.tecnocasa.tn/vendre/villa/bizerte/bizerte/61074.html,https://cdn-media.medialabtc.it/tn/agencies/bzco1/estates/61074/images/345752/detail.jpeg,1,data\csv\tecnocasa_real_estate_listings_all.csv,14,Bizerte
https://www.tecnocasa.tn/vendre/villa/bizerte/bizerte/61927.html,https://cdn-media.medialabtc.it/tn/agencies/bzco1/estates/61927/images/353558/gallery_media.jpeg,1,data\csv\tecnocasa_real_estate_listings_all.csv,3,Bizerte
https://www.tecnocasa.tn/vendre/villa/bizerte/bizerte/61927.html,https://cdn-media.medialabtc.it/tn/agencies/bzco1/estates/61927/images/353558/detail.jpeg,2,data\csv\tecnocasa_real_estate_listings_all.csv,3,Bizerte
https://www.tecnocasa.tn/vendre/villa/cap-bon/hammamet/44855.html,https://cdn-media.medialabtc.it/tn/agencies/naha3/estates/44855/images/200680/detail.jpeg,1,data\csv\tecnocasa_real_estate_listings_all.csv,205,"Hammamet, Oued baten hammamet sud - Hammamet Sud"
https://www.tecnocasa.tn/vendre/villa/cap-bon/hammamet/47114.html,https://cdn-media.medialabtc.it/tn/agencies/naha2/estates/47114/images/344510/detail.jpeg,1,data\csv\tecnocasa_real_estate_listings_all.csv,156,"Hammamet, Rue Diamonds - Hammamet Nord"
https://www.tecnocasa.tn/vendre/villa/cap-bon/hammamet/50621.html,https://cdn-media.medialabtc.it/tn/agencies/naha1/estates/50621/images/321148/gallery_media.jpeg,1,data\csv\tecnocasa_real_estate_listings_all.csv,223,Hammamet - Hammamet Centre
https://www.tecnocasa.tn/vendre/villa/cap-bon/hammamet/50621.html,https://cdn-media.medialabtc.it/tn/agencies/naha1/estates/50621/images/321148/detail.jpeg,2,data\csv\tecnocasa_real_estate_listings_all.csv,223,Hammamet - Hammamet Centre
https://www.tecnocasa.tn/vendre/villa/cap-bon/hammamet/51182.html,https://cdn-media.medialabtc.it/tn/agencies/naha3/estates/51182/images/274954/detail.jpeg,1,data\csv\tecnocasa_real_estate_listings_all.csv,198,"Hammamet, Rue diar hammamet - Hammamet Sud"
https://www.tecnocasa.tn/vendre/villa/cap-bon/hammamet/52712.html,https://cdn-media.medialabtc.it/tn/agencies/naha1/estates/52712/images/270210/gallery_media.jpeg,1,data\csv\tecnocasa_real_estate_listings_all.csv,222,Hammamet - Hammamet Centre
https://www.tecnocasa.tn/vendre/villa/cap-bon/hammamet/52712.html,https://cdn-media.medialabtc.it/tn/agencies/naha1/estates/52712/images/270210/detail.jpeg,2,data\csv\tecnocasa_real_estate_listings_all.csv,222,Hammamet - Hammamet Centre
https://www.tecnocasa.tn/vendre/villa/cap-bon/hammamet/54655.html,https://cdn-media.medialabtc.it/tn/agencies/naha3/estates/54655/images/286930/gallery_media.jpeg,1,data\csv\tecnocasa_real_estate_listings_all.csv,196,"Hammamet, Baraket esahel - Barreket Essahel"
https://www.tecnocasa.tn/vendre/villa/cap-bon/hammamet/54655.html,https://cdn-media.medialabtc.it/tn/agencies/naha3/estates/54655/images/286930/detail.jpeg,2,data\csv\tecnocasa_real_estate_listings_all.csv,196,"Hammamet, Baraket esahel - Barreket Essahel"
https://www.tecnocasa.tn/vendre/villa/cap-bon/hammamet/56075.html,https://cdn-media.medialabtc.it/tn/agencies/naha2/estates/56075/images/302296/detail.jpeg,1,data\csv\tecnocasa_real_estate_listings_all.csv,155,"Hammamet, Rue kharouba - Hammamet Nord"
https://www.tecnocasa.tn/vendre/villa/cap-bon/hammamet/56466.html,https://cdn-media.medialabtc.it/tn/agencies/naha1/estates/56466/images/306960/detail.jpeg,1,data\csv\tecnocasa_real_estate_listings_all.csv,218,Hammamet - Hammamet Centre
https://www.tecnocasa.tn/vendre/villa/cap-bon/hammamet/57451.html,https://cdn-media.medialabtc.it/tn/agencies/naha2/estates/57451/images/371191/detail.jpeg,1,data\csv\tecnocasa_real_estate_listings_all.csv,157,"Hammamet, Hammamet nord - Hammamet Nord"
https://www.tecnocasa.tn/vendre/villa/cap-bon/hammamet/60194.html,https://cdn-media.medialabtc.it/tn/agencies/naha1/estates/60194/images/335550/detail.jpeg,1,data\csv\tecnocasa_real_estate_listings_all.csv,216,Hammamet - Hammamet Centre
https://www.tecnocasa.tn/vendre/villa/cap-bon/hammamet/61923.html,https://cdn-media.medialabtc.it/tn/agencies/naha1/estates/61923/images/351848/detail.jpeg,1,data\csv\tecnocasa_real_estate_listings_all.csv,214,Hammamet - Hammamet Centre
https://www.tecnocasa.tn/vendre/villa/cap-bon/hammamet/62152.html,https://cdn-media.medialabtc.it/tn/agencies/naha1/estates/62152/images/353204/detail.jpeg,1,data\csv\tecnocasa_real_estate_listings_all.csv,212,Hammamet - Hammamet Centre
https://www.tecnocasa.tn/vendre/villa/cap-bon/kelibia/55599.html,https://cdn-media.medialabtc.it/tn/agencies/naca4/estates/55599/images/365259/gallery_media.jpeg,1,data\csv\tecnocasa_real_estate_listings_all.csv,75,"Kélibia, Rue de Tripoli"
https://www.tecnocasa.tn/vendre/villa/cap-bon/kelibia/55599.html,https://cdn-media.medialabtc.it/tn/agencies/naca4/estates/55599/images/365259/detail.jpeg,2,data\csv\tecnocasa_real_estate_listings_all.csv,75,"Kélibia, Rue de Tripoli"
https://www.tecnocasa.tn/vendre/villa/cap-bon/kelibia/59409.html,https://cdn-media.medialabtc.it/tn/agencies/naca4/estates/59409/images/349204/gallery_media.jpeg,1,data\csv\tecnocasa_real_estate_listings_all.csv,122,"Kélibia, Cité Riadh"
https://www.tecnocasa.tn/vendre/villa/cap-bon/kelibia/59409.html,https://cdn-media.medialabtc.it/tn/agencies/naca4/estates/59409/images/349204/detail.jpeg,2,data\csv\tecnocasa_real_estate_listings_all.csv,122,"Kélibia, Cité Riadh"
https://www.tecnocasa.tn/vendre/villa/cap-bon/kelibia/59861.html,https://cdn-media.medialabtc.it/tn/agencies/naca4/estates/59861/images/341411/detail.jpeg,1,data\csv\tecnocasa_real_estate_listings_all.csv,94,"Kélibia, Ain Grenez"
https://www.tecnocasa.tn/vendre/villa/cap-bon/kelibia/59917.html,https://cdn-media.medialabtc.it/tn/agencies/naca4/estates/59917/images/332756/gallery_media.jpeg,1,data\csv\tecnocasa_real_estate_listings_all.csv,92,"Kélibia, s+3 Jinen el Mansourah"
https://www.tecnocasa.tn/vendre/villa/cap-bon/kelibia/59917.html,https://cdn-media.medialabtc.it/tn/agencies/naca4/estates/59917/images/332756/detail.jpeg,2,data\csv\tecnocasa_real_estate_listings_all.csv,92,"Kélibia, s+3 Jinen el Mansourah"
https://www.tecnocasa.tn/vendre/villa/cap-bon/kelibia/59947.html,https://cdn-media.medialabtc.it/tn/agencies/naca4/estates/59947/images/335776/detail.jpeg,1,data\csv\tecnocasa_real_estate_listings_all.csv,116,"Kélibia, Kelibia la blanche"
https://www.tecnocasa.tn/vendre/villa/cap-bon/kelibia/60904.html,https://cdn-media.medialabtc.it/tn/agencies/naca4/estates/60904/images/346154/detail.jpeg,1,data\csv\tecnocasa_real_estate_listings_all.csv,118,"Kélibia, Cité Assemer"
https://www.tecnocasa.tn/vendre/villa/cap-bon/kelibia/61814.html,https://cdn-media.medialabtc.it/tn/agencies/naca4/estates/61814/images/356685/detail.jpeg,1,data\csv\tecnocasa_real_estate_listings_all.csv,93,"Kélibia, Manzel temime"
https://www.tecnocasa.tn/vendre/villa/cap-bon/kelibia/62596.html,https://cdn-media.medialabtc.it/tn/agencies/naca4/estates/62596/images/356809/detail.jpeg,1,data\csv\tecnocasa_real_estate_listings_all.csv,113,"Kélibia, Jinen mansoura"
https://www.tecnocasa.tn/vendre/villa/cap-bon/kelibia/62747.html,https://cdn-media.medialabtc.it/tn/agencies/naca4/estates/62747/images/365124/detail.jpeg,1,data\csv\tecnocasa_real_estate_listings_all.csv,81,"Kélibia, Rue de Tripoli"
https://www.tecnocasa.tn/vendre/villa/cap-bon/kelibia/62839.html,https://cdn-media.medialabtc.it/tn/agencies/naca4/estates/62839/images/364763/detail.jpeg,1,data\csv\tecnocasa_real_estate_listings_all.csv,82,"Kélibia, Jinen mansoura"
https://www.tecnocasa.tn/vendre/villa/cap-bon/kelibia/63054.html,https://cdn-media.medialabtc.it/tn/agencies/naca4/estates/63054/images/360884/detail.jpeg,1,data\csv\tecnocasa_real_estate_listings_all.csv,97,"Kélibia, Rue Kelibia"
https://www.tecnocasa.tn/vendre/villa/cap-bon/nabeul/43752.html,https://cdn-media.medialabtc.it/tn/agencies/naca1/estates/43752/images/193187/detail.jpeg,1,data\csv\tecnocasa_real_estate_listings_all.csv,108,Nabeul - Nabeul Centre-Ville
https://www.tecnocasa.tn/vendre/villa/cap-bon/nabeul/48654.html,https://cdn-media.medialabtc.it/tn/agencies/naca1/estates/48654/images/241675/detail.jpeg,1,data\csv\tecnocasa_real_estate_listings_all.csv,99,Nabeul - Nabeul Centre-Ville
https://www.tecnocasa.tn/vendre/villa/cap-bon/nabeul/49096.html,https://cdn-media.medialabtc.it/tn/agencies/naca2/estates/49096/images/294613/detail.jpeg,1,data\csv\tecnocasa_real_estate_listings_all.csv,132,"Nabeul, Rue de la reine didon - Nabeul AFH"
https://www.tecnocasa.tn/vendre/villa/cap-bon/nabeul/49345.html,https://cdn-media.medialabtc.it/tn/agencies/naca1/estates/49345/images/237635/detail.jpeg,1,data\csv\tecnocasa_real_estate_listings_all.csv,164,Nabeul - Nabeul Centre-Ville
https://www.tecnocasa.tn/vendre/villa/cap-bon/nabeul/50101.html,https://cdn-media.medialabtc.it/tn/agencies/naca1/estates/50101/images/246000/detail.jpeg,1,data\csv\tecnocasa_real_estate_listings_all.csv,160,Nabeul - Nabeul Centre-Ville
https://www.tecnocasa.tn/vendre/villa/cap-bon/nabeul/51425.html,https://cdn-media.medialabtc.it/tn/agencies/naca1/estates/51425/images/256559/detail.jpeg,1,data\csv\tecnocasa_real_estate_listings_all.csv,178,Nabeul - Nabeul Centre-Ville
https://www.tecnocasa.tn/vendre/villa/cap-bon/nabeul/52368.html,https://cdn-media.medialabtc.it/tn/agencies/naca1/estates/52368/images/264026/detail.jpeg,1,data\csv\tecnocasa_real_estate_listings_all.csv,188,Nabeul - Nabeul Centre-Ville
https://www.tecnocasa.tn/vendre/villa/cap-bon/nabeul/53521.html,https://cdn-media.medialabtc.it/tn/agencies/naca1/estates/53521/images/273306/detail.jpeg,1,data\csv\tecnocasa_real_estate_listings_all.csv,170,Nabeul - Nabeul Centre-Ville
https://www.tecnocasa.tn/vendre/villa/cap-bon/nabeul/55963.html,https://cdn-media.medialabtc.it/tn/agencies/naca1/estates/55963/images/306331/gallery_media.jpeg,1,data\csv\tecnocasa_real_estate_listings_all.csv,151,Nabeul - Nabeul Centre-Ville
https://www.tecnocasa.tn/vendre/villa/cap-bon/nabeul/55963.html,https://cdn-media.medialabtc.it/tn/agencies/naca1/estates/55963/images/306331/detail.jpeg,2,data\csv\tecnocasa_real_estate_listings_all.csv,151,Nabeul - Nabeul Centre-Ville
https://www.tecnocasa.tn/vendre/villa/cap-bon/nabeul/56192.html,https://cdn-media.medialabtc.it/tn/agencies/naca1/estates/56192/images/300096/gallery_media.jpeg,1,data\csv\tecnocasa_real_estate_listings_all.csv,165,Nabeul - Nabeul Centre-Ville
https://www.tecnocasa.tn/vendre/villa/cap-bon/nabeul/56192.html,https://cdn-media.medialabtc.it/tn/agencies/naca1/estates/56192/images/300096/detail.jpeg,2,data\csv\tecnocasa_real_estate_listings_all.csv,165,Nabeul - Nabeul Centre-Ville
https://www.tecnocasa.tn/vendre/villa/cap-bon/nabeul/56381.html,https://cdn-media.medialabtc.it/tn/agencies/naca1/estates/56381/images/304498/detail.jpeg,1,data\csv\tecnocasa_real_estate_listings_all.csv,129,Nabeul - Nabeul Centre-Ville
https://www.tecnocasa.tn/vendre/villa/cap-bon/nabeul/57129.html,https://cdn-media.medialabtc.it/tn/agencies/naca2/estates/57129/images/308183/gallery_media.jpeg,1,data\csv\tecnocasa_real_estate_listings_all.csv,61,"Nabeul, Afh Nabeul - Nabeul AFH"
https://www.tecnocasa.tn/vendre/villa/cap-bon/nabeul/57129.html,https://cdn-media.medialabtc.it/tn/agencies/naca2/estates/57129/images/308183/detail.jpeg,2,data\csv\tecnocasa_real_estate_listings_all.csv,61,"Nabeul, Afh Nabeul - Nabeul AFH"
https://www.tecnocasa.tn/vendre/villa/cap-bon/nabeul/58257.html,https://cdn-media.medialabtc.it/tn/agencies/naca1/estates/58257/images/319641/gallery_media.jpeg,1,data\csv\tecnocasa_real_estate_listings_all.csv,166,Nabeul - Nabeul Centre-Ville
https://www.tecnocasa.tn/vendre/villa/cap-bon/nabeul/58257.html,https://cdn-media.medialabtc.it/tn/agencies/naca1/estates/58257/images/319641/detail.jpeg,2,data\csv\tecnocasa_real_estate_listings_all.csv,166,Nabeul - Nabeul Centre-Ville
https://www.tecnocasa.tn/vendre/villa/cap-bon/nabeul/58259.html,https://cdn-media.medialabtc.it/tn/agencies/naca1/estates/58259/images/317616/detail.jpeg,1,data\csv\tecnocasa_real_estate_listings_all.csv,89,Nabeul - Nabeul Centre-Ville
https://www.tecnocasa.tn/vendre/villa/cap-bon/nabeul/60381.html,https://cdn-media.medialabtc.it/tn/agencies/naca2/estates/60381/images/337978/detail.jpeg,1,data\csv\tecnocasa_real_estate_listings_all.csv,172,Nabeul - Les Deux Oueds
https://www.tecnocasa.tn/vendre/villa/cap-bon/nabeul/60838.html,https://cdn-media.medialabtc.it/tn/agencies/naca1/estates/60838/images/343917/detail.jpeg,1,data\csv\tecnocasa_real_estate_listings_all.csv,149,Nabeul - Nabeul Centre-Ville
https://www.tecnocasa.tn/vendre/villa/cap-bon/nabeul/60891.html,https://cdn-media.medialabtc.it/tn/agencies/naca1/estates/60891/images/346832/detail.jpeg,1,data\csv\tecnocasa_real_estate_listings_all.csv,128,Nabeul - Nabeul Centre-Ville
https://www.tecnocasa.tn/vendre/villa/cap-bon/nabeul/62239.html,https://cdn-media.medialabtc.it/tn/agencies/naca1/estates/62239/images/354014/gallery_media.jpeg,1,data\csv\tecnocasa_real_estate_listings_all.csv,91,Nabeul - Nabeul Centre-Ville
https://www.tecnocasa.tn/vendre/villa/cap-bon/nabeul/62239.html,https://cdn-media.medialabtc.it/tn/agencies/naca1/estates/62239/images/354007/detail.jpeg,2,data\csv\tecnocasa_real_estate_listings_all.csv,91,Nabeul - Nabeul Centre-Ville
https://www.tecnocasa.tn/vendre/villa/cap-bon/nabeul/62650.html,https://cdn-media.medialabtc.it/tn/agencies/naca1/estates/62650/images/363304/detail.jpeg,1,data\csv\tecnocasa_real_estate_listings_all.csv,67,Nabeul - Nabeul Centre-Ville
https://www.tecnocasa.tn/vendre/villa/cap-bon/soliman/61740.html,https://cdn-media.medialabtc.it/tn/agencies/tuhd2/estates/61740/images/350144/gallery_media.jpeg,1,data\csv\tecnocasa_real_estate_listings_all.csv,150,"Soliman, Rue Ibn Rochd"
https://www.tecnocasa.tn/vendre/villa/cap-bon/soliman/61740.html,https://cdn-media.medialabtc.it/tn/agencies/tuhd2/estates/61740/images/350144/detail.jpeg,2,data\csv\tecnocasa_real_estate_listings_all.csv,150,"Soliman, Rue Ibn Rochd"
https://www.tecnocasa.tn/vendre/villa/grand-tunis/aouina/39675.html,https://cdn-media.medialabtc.it/tn/agencies/tuha5/estates/39675/images/186848/detail.jpeg,1,data\csv\tecnocasa_real_estate_listings_all.csv,1460,"Aouina, Rue Slimane El Hrairi - Aouina 2"
https://www.tecnocasa.tn/vendre/villa/grand-tunis/ariana/43067.html,https://cdn-media.medialabtc.it/tn/agencies/tuha9/estates/43067/images/294592/detail.jpeg,1,data\csv\tecnocasa_real_estate_listings_all.csv,1381,Ariana - Ariana Ville
https://www.tecnocasa.tn/vendre/villa/grand-tunis/ariana/46618.html,https://cdn-media.medialabtc.it/tn/agencies/tuha9/estates/46618/images/222952/detail.jpeg,1,data\csv\tecnocasa_real_estate_listings_all.csv,1231,Ariana - Ariana Ville
https://www.tecnocasa.tn/vendre/villa/grand-tunis/ariana/50475.html,https://cdn-media.medialabtc.it/tn/agencies/tuha9/estates/50475/images/248781/gallery_media.jpeg,1,data\csv\tecnocasa_real_estate_listings_all.csv,1465,Ariana - Nouvelle Ariana
https://www.tecnocasa.tn/vendre/villa/grand-tunis/ariana/50475.html,https://cdn-media.medialabtc.it/tn/agencies/tuha9/estates/50475/images/248781/detail.jpeg,2,data\csv\tecnocasa_real_estate_listings_all.csv,1465,Ariana - Nouvelle Ariana
https://www.tecnocasa.tn/vendre/villa/grand-tunis/ariana/52433.html,https://cdn-media.medialabtc.it/tn/agencies/tuha9/estates/52433/images/264992/detail.jpeg,1,data\csv\tecnocasa_real_estate_listings_all.csv,1454,Ariana - Nouvelle Ariana
https://www.tecnocasa.tn/vendre/villa/grand-tunis/ariana/52678.html,https://cdn-media.medialabtc.it/tn/agencies/tuha9/estates/52678/images/335278/gallery_media.jpeg,1,data\csv\tecnocasa_real_estate_listings_all.csv,1377,Ariana - Nouvelle Ariana
https://www.tecnocasa.tn/vendre/villa/grand-tunis/ariana/52678.html,https://cdn-media.medialabtc.it/tn/agencies/tuha9/estates/52678/images/335278/detail.jpeg,2,data\csv\tecnocasa_real_estate_listings_all.csv,1377,Ariana - Nouvelle Ariana
https://www.tecnocasa.tn/vendre/villa/grand-tunis/ariana/54257.html,https://cdn-media.medialabtc.it/tn/agencies/tuha8/estates/54257/images/280936/detail.jpeg,1,data\csv\tecnocasa_real_estate_listings_all.csv,1457,"Ariana, Ibn Battouta - Cité El Ghazala"
https://www.tecnocasa.tn/vendre/villa/grand-tunis/ariana/55006.html,https://cdn-media.medialabtc.it/tn/agencies/tuha9/estates/55006/images/289323/gallery_media.jpeg,1,data\csv\tecnocasa_real_estate_listings_all.csv,1422,Ariana - Nouvelle Ariana
https://www.tecnocasa.tn/vendre/villa/grand-tunis/ariana/55006.html,https://cdn-media.medialabtc.it/tn/agencies/tuha9/estates/55006/images/289323/detail.jpeg,2,data\csv\tecnocasa_real_estate_listings_all.csv,1422,Ariana - Nouvelle Ariana
https://www.tecnocasa.tn/vendre/villa/grand-tunis/ariana/55067.html,https://cdn-media.medialabtc.it/tn/agencies/tuha9/estates/55067/images/341544/gallery_media.jpeg,1,data\csv\tecnocasa_real_estate_listings_all.csv,1346,Ariana - Nouvelle Ariana
https://www.tecnocasa.tn/vendre/villa/grand-tunis/ariana/55067.html,https://cdn-media.medialabtc.it/tn/agencies/tuha9/estates/55067/images/341544/detail.jpeg,2,data\csv\tecnocasa_real_estate_listings_all.csv,1346,Ariana - Nouvelle Ariana
https://www.tecnocasa.tn/vendre/villa/grand-tunis/ariana/56048.html,https://cdn-media.medialabtc.it/tn/agencies/tuha9/estates/56048/images/303021/gallery_media.jpeg,1,data\csv\tecnocasa_real_estate_listings_all.csv,1345,Ariana - Ariana Ville
https://www.tecnocasa.tn/vendre/villa/grand-tunis/ariana/56048.html,https://cdn-media.medialabtc.it/tn/agencies/tuha9/estates/56048/images/303021/detail.jpeg,2,data\csv\tecnocasa_real_estate_listings_all.csv,1345,Ariana - Ariana Ville
https://www.tecnocasa.tn/vendre/villa/grand-tunis/ariana/57200.html,https://cdn-media.medialabtc.it/tn/agencies/tuha9/estates/57200/images/360207/gallery_media.jpeg,1,data\csv\tecnocasa_real_estate_listings_all.csv,1122,"Ariana, Av. Taieb Mhiri - Ariana Ville"
https://www.tecnocasa.tn/vendre/villa/grand-tunis/ariana/57200.html,https://cdn-media.medialabtc.it/tn/agencies/tuha9/estates/57200/images/360207/detail.jpeg,2,data\csv\tecnocasa_real_estate_listings_all.csv,1122,"Ariana, Av. Taieb Mhiri - Ariana Ville"
https://www.tecnocasa.tn/vendre/villa/grand-tunis/ariana/57225.html,https://cdn-media.medialabtc.it/tn/agencies/tuha9/estates/57225/images/318397/detail.jpeg,1,data\csv\tecnocasa_real_estate_listings_all.csv,1429,Ariana - Nouvelle Ariana
https://www.tecnocasa.tn/vendre/villa/grand-tunis/ariana/57438.html,https://cdn-media.medialabtc.it/tn/agencies/tuha2/estates/57438/images/317909/gallery_media.jpeg,1,data\csv\tecnocasa_real_estate_listings_all.csv,925,Ariana - Riadh Landalous
https://www.tecnocasa.tn/vendre/villa/grand-tunis/ariana/57438.html,https://cdn-media.medialabtc.it/tn/agencies/tuha2/estates/57438/images/317909/detail.jpeg,2,data\csv\tecnocasa_real_estate_listings_all.csv,925,Ariana - Riadh Landalous
https://www.tecnocasa.tn/vendre/villa/grand-tunis/ariana/59117.html,https://cdn-media.medialabtc.it/tn/agencies/arcb2/estates/59117/images/326832/detail.jpeg,1,data\csv\tecnocasa_real_estate_listings_all.csv,1359,Ariana - Ariana Superieur
https://www.tecnocasa.tn/vendre/villa/grand-tunis/ariana/59257.html,https://cdn-media.medialabtc.it/tn/agencies/tuha2/estates/59257/images/356697/gallery_media.jpeg,1,data\csv\tecnocasa_real_estate_listings_all.csv,1198,Ariana - Riadh Landalous
https://www.tecnocasa.tn/vendre/villa/grand-tunis/ariana/59257.html,https://cdn-media.medialabtc.it/tn/agencies/tuha2/estates/59257/images/356697/detail.jpeg,2,data\csv\tecnocasa_real_estate_listings_all.csv,1198,Ariana - Riadh Landalous
https://www.tecnocasa.tn/vendre/villa/grand-tunis/ariana/59445.html,https://cdn-media.medialabtc.it/tn/agencies/tuha8/estates/59445/images/331017/detail.jpeg,1,data\csv\tecnocasa_real_estate_listings_all.csv,1402,"Ariana, Jaafer 1 - La Petite Ariana"
https://www.tecnocasa.tn/vendre/villa/grand-tunis/ariana/59682.html,https://cdn-media.medialabtc.it/tn/agencies/tuha8/estates/59682/images/331960/detail.jpeg,1,data\csv\tecnocasa_real_estate_listings_all.csv,1398,"Ariana, Rue Enkhilet - Pôle Technologique"
https://www.tecnocasa.tn/vendre/villa/grand-tunis/ariana/59938.html,https://cdn-media.medialabtc.it/tn/agencies/tuha2/estates/59938/images/348866/gallery_media.jpeg,1,data\csv\tecnocasa_real_estate_listings_all.csv,922,Ariana - Riadh Landalous
https://www.tecnocasa.tn/vendre/villa/grand-tunis/ariana/59938.html,https://cdn-media.medialabtc.it/tn/agencies/tuha2/estates/59938/images/348866/detail.jpeg,2,data\csv\tecnocasa_real_estate_listings_all.csv,922,Ariana - Riadh Landalous
https://www.tecnocasa.tn/vendre/villa/grand-tunis/ariana/60042.html,https://cdn-media.medialabtc.it/tn/agencies/tuha9/estates/60042/images/334528/gallery_media.jpeg,1,data\csv\tecnocasa_real_estate_listings_all.csv,921,Ariana - Ariana Ville
https://www.tecnocasa.tn/vendre/villa/grand-tunis/ariana/60042.html,https://cdn-media.medialabtc.it/tn/agencies/tuha9/estates/60042/images/334528/detail.jpeg,2,data\csv\tecnocasa_real_estate_listings_all.csv,921,Ariana - Ariana Ville
https://www.tecnocasa.tn/vendre/villa/grand-tunis/ariana/60279.html,https://cdn-media.medialabtc.it/tn/agencies/arcb2/estates/60279/images/337340/detail.jpeg,1,data\csv\tecnocasa_real_estate_listings_all.csv,1096,Ariana - Ariana Superieur
https://www.tecnocasa.tn/vendre/villa/grand-tunis/ariana/61020.html,https://cdn-media.medialabtc.it/tn/agencies/tuha8/estates/61020/images/345149/detail.jpeg,1,data\csv\tecnocasa_real_estate_listings_all.csv,1313,"Ariana, Rue de la communication - Cité Essahafa"
https://www.tecnocasa.tn/vendre/villa/grand-tunis/ariana/61138.html,https://cdn-media.medialabtc.it/tn/agencies/tuha9/estates/61138/images/345296/gallery_media.jpeg,1,data\csv\tecnocasa_real_estate_listings_all.csv,1226,Ariana - Ariana Ville
https://www.tecnocasa.tn/vendre/villa/grand-tunis/ariana/61138.html,https://cdn-media.medialabtc.it/tn/agencies/tuha9/estates/61138/images/345296/detail.jpeg,2,data\csv\tecnocasa_real_estate_listings_all.csv,1226,Ariana - Ariana Ville
https://www.tecnocasa.tn/vendre/villa/grand-tunis/ariana/61520.html,https://cdn-media.medialabtc.it/tn/agencies/tuha8/estates/61520/images/355622/detail.jpeg,1,data\csv\tecnocasa_real_estate_listings_all.csv,1178,"Ariana, El ghazela - Cité El Ghazala"
https://www.tecnocasa.tn/vendre/villa/grand-tunis/ariana/61592.html,https://cdn-media.medialabtc.it/tn/agencies/tuha9/estates/61592/images/360302/gallery_media.jpeg,1,data\csv\tecnocasa_real_estate_listings_all.csv,1121,"Ariana, Av. Mohamed Saleh Belhaj - Ariana Ville"
https://www.tecnocasa.tn/vendre/villa/grand-tunis/ariana/61592.html,https://cdn-media.medialabtc.it/tn/agencies/tuha9/estates/61592/images/360302/detail.jpeg,2,data\csv\tecnocasa_real_estate_listings_all.csv,1121,"Ariana, Av. Mohamed Saleh Belhaj - Ariana Ville"
https://www.tecnocasa.tn/vendre/villa/grand-tunis/ariana/61766.html,https://cdn-media.medialabtc.it/tn/agencies/tuha9/estates/61766/images/356647/detail.jpeg,1,data\csv\tecnocasa_real_estate_listings_all.csv,1132,"Ariana, Rue habib ben hareth - Ariana Ville"
https://www.tecnocasa.tn/vendre/villa/grand-tunis/ariana/61855.html,https://cdn-media.medialabtc.it/tn/agencies/tuha8/estates/61855/images/353363/detail.jpeg,1,data\csv\tecnocasa_real_estate_listings_all.csv,1222,"Ariana, 56 rue immem chafai la petite ariana , Ariana - La Petite Ariana"
https://www.tecnocasa.tn/vendre/villa/grand-tunis/ariana/62156.html,https://cdn-media.medialabtc.it/tn/agencies/tuha9/estates/62156/images/358191/detail.jpeg,1,data\csv\tecnocasa_real_estate_listings_all.csv,1174,Ariana - Ariana Superieur
https://www.tecnocasa.tn/vendre/villa/grand-tunis/ariana/62287.html,https://cdn-media.medialabtc.it/tn/agencies/tuha9/estates/62287/images/355016/detail.jpeg,1,data\csv\tecnocasa_real_estate_listings_all.csv,1210,"Ariana, Avenue erriadh - Ariana Ville"
https://www.tecnocasa.tn/vendre/villa/grand-tunis/ariana/62290.html,https://cdn-media.medialabtc.it/tn/agencies/tuha9/estates/62290/images/356572/detail.jpeg,1,data\csv\tecnocasa_real_estate_listings_all.csv,1199,"Ariana, Rue Abourraihan Al Bayrouni - Ariana Ville"
https://www.tecnocasa.tn/vendre/villa/grand-tunis/ariana/62525.html,https://cdn-media.medialabtc.it/tn/agencies/tuha8/estates/62525/images/358184/detail.jpeg,1,data\csv\tecnocasa_real_estate_listings_all.csv,1176,"Ariana, Rue les pyramides - Cité El Ghazala"
https://www.tecnocasa.tn/vendre/villa/grand-tunis/ariana/62671.html,https://cdn-media.medialabtc.it/tn/agencies/tuha2/estates/62671/images/359142/detail.jpeg,1,data\csv\tecnocasa_real_estate_listings_all.csv,1147,Ariana - Riadh Landalous
https://www.tecnocasa.tn/vendre/villa/grand-tunis/ariana/62682.html,https://cdn-media.medialabtc.it/tn/agencies/tuha2/estates/62682/images/359138/detail.jpeg,1,data\csv\tecnocasa_real_estate_listings_all.csv,1148,Ariana - Riadh Landalous
https://www.tecnocasa.tn/vendre/villa/grand-tunis/ariana/62741.html,https://cdn-media.medialabtc.it/tn/agencies/tuaa1/estates/62741/images/360124/detail.jpeg,1,data\csv\tecnocasa_real_estate_listings_all.csv,1126,"Ariana, Rue De Jendouba - Hedi Nouira Ariana"
https://www.tecnocasa.tn/vendre/villa/grand-tunis/ariana/62869.html,https://cdn-media.medialabtc.it/tn/agencies/tuaa1/estates/62869/images/367154/detail.jpeg,1,data\csv\tecnocasa_real_estate_listings_all.csv,968,"Ariana, Rue Mouldi El Horchani - Hedi Nouira Ariana"
https://www.tecnocasa.tn/vendre/villa/grand-tunis/ariana/63206.html,https://cdn-media.medialabtc.it/tn/agencies/tuaa1/estates/63206/images/364992/detail.jpeg,1,data\csv\tecnocasa_real_estate_listings_all.csv,1036,"Ariana, Rue Ariana - Hedi Nouira Ariana"
https://www.tecnocasa.tn/vendre/villa/grand-tunis/ariana/63692.html,https://cdn-media.medialabtc.it/tn/agencies/tuaa1/estates/63692/images/367167/detail.jpeg,1,data\csv\tecnocasa_real_estate_listings_all.csv,967,"Ariana, Rue ali darghouth - Hedi Nouira Ariana"
https://www.tecnocasa.tn/vendre/villa/grand-tunis/ariana/63726.html,https://cdn-media.medialabtc.it/tn/agencies/tuha9/estates/63726/images/368157/gallery_media.jpeg,1,data\csv\tecnocasa_real_estate_listings_all.csv,926,Ariana - Nouvelle Ariana
https://www.tecnocasa.tn/vendre/villa/grand-tunis/ariana/63726.html,https://cdn-media.medialabtc.it/tn/agencies/tuha9/estates/63726/images/368869/detail.jpeg,2,data\csv\tecnocasa_real_estate_listings_all.csv,926,Ariana - Nouvelle Ariana
https://www.tecnocasa.tn/vendre/villa/grand-tunis/ariana/63790.html,https://cdn-media.medialabtc.it/tn/agencies/tuha2/estates/63790/images/368264/detail.jpeg,1,data\csv\tecnocasa_real_estate_listings_all.csv,931,Ariana - Riadh Landalous
https://www.tecnocasa.tn/vendre/villa/grand-tunis/ben-arous/58329.html,https://cdn-media.medialabtc.it/tn/agencies/tucc1/estates/58329/images/317970/detail.jpeg,1,data\csv\tecnocasa_real_estate_listings_all.csv,1014,"Ben Arous, 12 rue moncef bey - Cité Ettaamir"
https://www.tecnocasa.tn/vendre/villa/grand-tunis/ben-arous/62992.html,https://cdn-media.medialabtc.it/tn/agencies/tucc1/estates/62992/images/365335/detail.jpeg,1,data\csv\tecnocasa_real_estate_listings_all.csv,1022,"Ben Arous, Rue De Djerba"
https://www.tecnocasa.tn/vendre/villa/grand-tunis/borj-cedria/55549.html,https://cdn-media.medialabtc.it/tn/agencies/tuhd2/estates/55549/images/346533/detail.jpeg,1,data\csv\tecnocasa_real_estate_listings_all.csv,1304,"Borj Cédria, Rue noak chatt"
https://www.tecnocasa.tn/vendre/villa/grand-tunis/borj-cedria/55634.html,https://cdn-media.medialabtc.it/tn/agencies/tuhd2/estates/55634/images/323819/gallery_media.jpeg,1,data\csv\tecnocasa_real_estate_listings_all.csv,1033,"Borj Cédria, Rue des orangers"
https://www.tecnocasa.tn/vendre/villa/grand-tunis/borj-cedria/55634.html,https://cdn-media.medialabtc.it/tn/agencies/tuhd2/estates/55634/images/323819/detail.jpeg,2,data\csv\tecnocasa_real_estate_listings_all.csv,1033,"Borj Cédria, Rue des orangers"
https://www.tecnocasa.tn/vendre/villa/grand-tunis/borj-cedria/56912.html,https://cdn-media.medialabtc.it/tn/agencies/tuhd2/estates/56912/images/335479/detail.jpeg,1,data\csv\tecnocasa_real_estate_listings_all.csv,1303,"Borj Cédria, Borj cedria"
https://www.tecnocasa.tn/vendre/villa/grand-tunis/borj-cedria/60193.html,https://cdn-media.medialabtc.it/tn/agencies/tuhd2/estates/60193/images/337077/detail.jpeg,1,data\csv\tecnocasa_real_estate_listings_all.csv,1216,"Borj Cédria, Rue de la chine"
https://www.tecnocasa.tn/vendre/villa/grand-tunis/borj-cedria/61175.html,https://cdn-media.medialabtc.it/tn/agencies/tuhd2/estates/61175/images/344341/detail.jpeg,1,data\csv\tecnocasa_real_estate_listings_all.csv,1297,"Borj Cédria, Rue ."
https://www.tecnocasa.tn/vendre/villa/grand-tunis/borj-cedria/61323.html,https://cdn-media.medialabtc.it/tn/agencies/tuhd2/estates/61323/images/347077/gallery_media.jpeg,1,data\csv\tecnocasa_real_estate_listings_all.csv,1032,"Borj Cédria, Rue Ejjahmi"
https://www.tecnocasa.tn/vendre/villa/grand-tunis/borj-cedria/61323.html,https://cdn-media.medialabtc.it/tn/agencies/tuhd2/estates/61323/images/347077/detail.jpeg,2,data\csv\tecnocasa_real_estate_listings_all.csv,1032,"Borj Cédria, Rue Ejjahmi"
https://www.tecnocasa.tn/vendre/villa/grand-tunis/borj-cedria/61589.html,https://cdn-media.medialabtc.it/tn/agencies/tuhd2/estates/61589/images/359994/detail.jpeg,1,data\csv\tecnocasa_real_estate_listings_all.csv,1130,"Borj Cédria, Rue ."
https://www.tecnocasa.tn/vendre/villa/grand-tunis/borj-cedria/61812.html,https://cdn-media.medialabtc.it/tn/agencies/tuhd2/estates/61812/images/350625/detail.jpeg,1,data\csv\tecnocasa_real_estate_listings_all.csv,1140,"Borj Cédria, Borj Cedria en face de carrefour"
https://www.tecnocasa.tn/vendre/villa/grand-tunis/carthage/61451.html,https://cdn-media.medialabtc.it/tn/agencies/tuma1/estates/61451/images/347980/detail.jpeg,1,data\csv\tecnocasa_real_estate_listings_all.csv,1281,Carthage
https://www.tecnocasa.tn/vendre/villa/grand-tunis/cite-el-khadra/60895.html,https://cdn-media.medialabtc.it/tn/agencies/tucb2/estates/60895/images/344290/detail.jpeg,1,data\csv\tecnocasa_real_estate_listings_all.csv,1324,"Cité El Khadra, Cité Khadra - Cité El Khadhra"
https://www.tecnocasa.tn/vendre/villa/grand-tunis/el-menzah/32291.html,https://cdn-media.medialabtc.it/tn/agencies/arcb1/estates/32291/images/120042/detail.jpeg,1,data\csv\tecnocasa_real_estate_listings_all.csv,1400,El Menzah - Menzah 5
https://www.tecnocasa.tn/vendre/villa/grand-tunis/el-menzah/49531.html,https://cdn-media.medialabtc.it/tn/agencies/arcb1/estates/49531/images/334471/detail.jpeg,1,data\csv\tecnocasa_real_estate_listings_all.csv,1374,El Menzah - Menzah 6
https://www.tecnocasa.tn/vendre/villa/grand-tunis/el-menzah/49921.html,https://cdn-media.medialabtc.it/tn/agencies/arcb1/estates/49921/images/241896/gallery_media.jpeg,1,data\csv\tecnocasa_real_estate_listings_all.csv,1375,El Menzah - Menzah 6
https://www.tecnocasa.tn/vendre/villa/grand-tunis/el-menzah/49921.html,https://cdn-media.medialabtc.it/tn/agencies/arcb1/estates/49921/images/241896/detail.jpeg,2,data\csv\tecnocasa_real_estate_listings_all.csv,1375,El Menzah - Menzah 6
https://www.tecnocasa.tn/vendre/villa/grand-tunis/el-menzah/50668.html,https://cdn-media.medialabtc.it/tn/agencies/tuch1/estates/50668/images/251888/gallery_media.jpeg,1,data\csv\tecnocasa_real_estate_listings_all.csv,1467,El Menzah - Menzah 9
https://www.tecnocasa.tn/vendre/villa/grand-tunis/el-menzah/50668.html,https://cdn-media.medialabtc.it/tn/agencies/tuch1/estates/50668/images/251888/detail.jpeg,2,data\csv\tecnocasa_real_estate_listings_all.csv,1467,El Menzah - Menzah 9
https://www.tecnocasa.tn/vendre/villa/grand-tunis/el-menzah/51956.html,https://cdn-media.medialabtc.it/tn/agencies/arcb1/estates/51956/images/268100/detail.jpeg,1,data\csv\tecnocasa_real_estate_listings_all.csv,1464,El Menzah - Menzah 5
https://www.tecnocasa.tn/vendre/villa/grand-tunis/el-menzah/52048.html,https://cdn-media.medialabtc.it/tn/agencies/arcb2/estates/52048/images/264653/detail.jpeg,1,data\csv\tecnocasa_real_estate_listings_all.csv,1408,El Menzah - Menzah 7
https://www.tecnocasa.tn/vendre/villa/grand-tunis/el-menzah/54288.html,https://cdn-media.medialabtc.it/tn/agencies/arcb1/estates/54288/images/309819/detail.jpeg,1,data\csv\tecnocasa_real_estate_listings_all.csv,1441,El Menzah - Menzah 5
https://www.tecnocasa.tn/vendre/villa/grand-tunis/el-menzah/55535.html,https://cdn-media.medialabtc.it/tn/agencies/arcb1/estates/55535/images/298911/detail.jpeg,1,data\csv\tecnocasa_real_estate_listings_all.csv,1273,El Menzah - Menzah 5
https://www.tecnocasa.tn/vendre/villa/grand-tunis/el-menzah/55609.html,https://cdn-media.medialabtc.it/tn/agencies/arcb1/estates/55609/images/298877/detail.jpeg,1,data\csv\tecnocasa_real_estate_listings_all.csv,1274,El Menzah - Menzah 5
https://www.tecnocasa.tn/vendre/villa/grand-tunis/el-menzah/57010.html,https://cdn-media.medialabtc.it/tn/agencies/arcb1/estates/57010/images/311097/detail.jpeg,1,data\csv\tecnocasa_real_estate_listings_all.csv,1440,El Menzah - Menzah 6
https://www.tecnocasa.tn/vendre/villa/grand-tunis/el-menzah/59134.html,https://cdn-media.medialabtc.it/tn/agencies/arcb1/estates/59134/images/325956/detail.jpeg,1,data\csv\tecnocasa_real_estate_listings_all.csv,1394,El Menzah - Menzah 5
https://www.tecnocasa.tn/vendre/villa/grand-tunis/el-menzah/59159.html,https://cdn-media.medialabtc.it/tn/agencies/tuch3/estates/59159/images/345128/gallery_media.jpeg,1,data\csv\tecnocasa_real_estate_listings_all.csv,1315,El Menzah - Menzah 1-4
https://www.tecnocasa.tn/vendre/villa/grand-tunis/el-menzah/59159.html,https://cdn-media.medialabtc.it/tn/agencies/tuch3/estates/59159/images/345128/detail.jpeg,2,data\csv\tecnocasa_real_estate_listings_all.csv,1315,El Menzah - Menzah 1-4
https://www.tecnocasa.tn/vendre/villa/grand-tunis/el-menzah/59953.html,https://cdn-media.medialabtc.it/tn/agencies/arcb2/estates/59953/images/334021/detail.jpeg,1,data\csv\tecnocasa_real_estate_listings_all.csv,1387,El Menzah - Menzah 7
https://www.tecnocasa.tn/vendre/villa/grand-tunis/el-menzah/60602.html,https://cdn-media.medialabtc.it/tn/agencies/arcb1/estates/60602/images/340091/detail.jpeg,1,data\csv\tecnocasa_real_estate_listings_all.csv,1305,El Menzah - Menzah 5
https://www.tecnocasa.tn/vendre/villa/grand-tunis/el-menzah/61241.html,https://cdn-media.medialabtc.it/tn/agencies/arcb1/estates/61241/images/345932/detail.jpeg,1,data\csv\tecnocasa_real_estate_listings_all.csv,1309,El Menzah - Menzah 6
https://www.tecnocasa.tn/vendre/villa/grand-tunis/el-menzah/62440.html,https://cdn-media.medialabtc.it/tn/agencies/arcb1/estates/62440/images/359960/gallery_media.jpeg,1,data\csv\tecnocasa_real_estate_listings_all.csv,1123,El Menzah - Menzah 6
https://www.tecnocasa.tn/vendre/villa/grand-tunis/el-menzah/62440.html,https://cdn-media.medialabtc.it/tn/agencies/arcb1/estates/62440/images/359960/detail.jpeg,2,data\csv\tecnocasa_real_estate_listings_all.csv,1123,El Menzah - Menzah 6
https://www.tecnocasa.tn/vendre/villa/grand-tunis/el-menzah/63563.html,https://cdn-media.medialabtc.it/tn/agencies/arcb1/estates/63563/images/367160/detail.jpeg,1,data\csv\tecnocasa_real_estate_listings_all.csv,946,El Menzah - Menzah 5
https://www.tecnocasa.tn/vendre/villa/grand-tunis/el-mourouj/56314.html,https://cdn-media.medialabtc.it/tn/agencies/tumo1/estates/56314/images/309743/detail.jpeg,1,data\csv\tecnocasa_real_estate_listings_all.csv,1442,El Mourouj - El Mourouj 4
https://www.tecnocasa.tn/vendre/villa/grand-tunis/el-mourouj/61165.html,https://cdn-media.medialabtc.it/tn/agencies/tumo1/estates/61165/images/346331/detail.jpeg,1,data\csv\tecnocasa_real_estate_listings_all.csv,1308,El Mourouj - El Mourouj 6
https://www.tecnocasa.tn/vendre/villa/grand-tunis/el-mourouj/62646.html,https://cdn-media.medialabtc.it/tn/agencies/tumo1/estates/62646/images/357844/detail.jpeg,1,data\csv\tecnocasa_real_estate_listings_all.csv,1139,El Mourouj - El Mourouj 3
https://www.tecnocasa.tn/vendre/villa/grand-tunis/el-omrane/61819.html,https://cdn-media.medialabtc.it/tn/agencies/tuch4/estates/61819/images/354883/detail.jpeg,1,data\csv\tecnocasa_real_estate_listings_all.csv,953,El Omrane
https://www.tecnocasa.tn/vendre/villa/grand-tunis/el-omrane/63587.html,https://cdn-media.medialabtc.it/tn/agencies/tucg1/estates/63587/images/366071/detail.jpeg,1,data\csv\tecnocasa_real_estate_listings_all.csv,993,El Omrane
https://www.tecnocasa.tn/vendre/villa/grand-tunis/el-omrane/63588.html,https://cdn-media.medialabtc.it/tn/agencies/tucg1/estates/63588/images/366076/detail.jpeg,1,data\csv\tecnocasa_real_estate_listings_all.csv,951,El Omrane
https://www.tecnocasa.tn/vendre/villa/grand-tunis/el-omrane/63589.html,https://cdn-media.medialabtc.it/tn/agencies/tucg1/estates/63589/images/366077/detail.jpeg,1,data\csv\tecnocasa_real_estate_listings_all.csv,992,El Omrane
https://www.tecnocasa.tn/vendre/villa/grand-tunis/ennasr/56137.html,https://cdn-media.medialabtc.it/tn/agencies/arca2/estates/56137/images/299129/detail.jpeg,1,data\csv\tecnocasa_real_estate_listings_all.csv,1427,Ennasr
https://www.tecnocasa.tn/vendre/villa/grand-tunis/ennasr/61030.html,https://cdn-media.medialabtc.it/tn/agencies/arca1/estates/61030/images/343738/detail.jpeg,1,data\csv\tecnocasa_real_estate_listings_all.csv,1068,"Ennasr, Rue L’encyclopédie - Ennasr 2"
https://www.tecnocasa.tn/vendre/villa/grand-tunis/ennasr/63734.html,https://cdn-media.medialabtc.it/tn/agencies/arca1/estates/63734/images/368008/detail.jpeg,1,data\csv\tecnocasa_real_estate_listings_all.csv,940,Ennasr - Ennasr 2
https://www.tecnocasa.tn/vendre/villa/grand-tunis/ezzahra/39305.html,https://cdn-media.medialabtc.it/tn/agencies/tuhd3/estates/39305/images/368537/detail.jpeg,1,data\csv\tecnocasa_real_estate_listings_all.csv,919,"Ezzahra, Maison individuelle Ezzahra"
https://www.tecnocasa.tn/vendre/villa/grand-tunis/ezzahra/58274.html,https://cdn-media.medialabtc.it/tn/agencies/tuhd3/estates/58274/images/318134/gallery_media.jpeg,1,data\csv\tecnocasa_real_estate_listings_all.csv,1241,"Ezzahra, Maison a retaper Ezzahra"
https://www.tecnocasa.tn/vendre/villa/grand-tunis/ezzahra/58274.html,https://cdn-media.medialabtc.it/tn/agencies/tuhd3/estates/58274/images/318134/detail.jpeg,2,data\csv\tecnocasa_real_estate_listings_all.csv,1241,"Ezzahra, Maison a retaper Ezzahra"
https://www.tecnocasa.tn/vendre/villa/grand-tunis/gammarth/55466.html,https://cdn-media.medialabtc.it/tn/agencies/tugm2/estates/55466/images/299964/gallery_media.jpeg,1,data\csv\tecnocasa_real_estate_listings_all.csv,1362,"Gammarth, Rue des roses"
https://www.tecnocasa.tn/vendre/villa/grand-tunis/gammarth/55466.html,https://cdn-media.medialabtc.it/tn/agencies/tugm2/estates/55466/images/299964/detail.jpeg,2,data\csv\tecnocasa_real_estate_listings_all.csv,1362,"Gammarth, Rue des roses"
https://www.tecnocasa.tn/vendre/villa/grand-tunis/gammarth/59418.html,https://cdn-media.medialabtc.it/tn/agencies/tugm2/estates/59418/images/344508/detail.jpeg,1,data\csv\tecnocasa_real_estate_listings_all.csv,1323,Gammarth - Gammarth Village
https://www.tecnocasa.tn/vendre/villa/grand-tunis/gammarth/61151.html,https://cdn-media.medialabtc.it/tn/agencies/tugm2/estates/61151/images/360709/detail.jpeg,1,data\csv\tecnocasa_real_estate_listings_all.csv,1116,Gammarth
https://www.tecnocasa.tn/vendre/villa/grand-tunis/gammarth/62285.html,https://cdn-media.medialabtc.it/tn/agencies/tugm1/estates/62285/images/354247/detail.jpeg,1,data\csv\tecnocasa_real_estate_listings_all.csv,1219,Gammarth
https://www.tecnocasa.tn/vendre/villa/grand-tunis/jardins-d-el-menzah/39256.html,https://cdn-media.medialabtc.it/tn/agencies/tuch2/estates/39256/images/165250/detail.jpeg,1,data\csv\tecnocasa_real_estate_listings_all.csv,1462,Jardins d'El Menzah - Jardins D'El Menzah 2
https://www.tecnocasa.tn/vendre/villa/grand-tunis/jardins-d-el-menzah/44907.html,https://cdn-media.medialabtc.it/tn/agencies/tuch2/estates/44907/images/216606/gallery_media.jpeg,1,data\csv\tecnocasa_real_estate_listings_all.csv,1316,Jardins d'El Menzah - Jardins D'El Menzah 2
https://www.tecnocasa.tn/vendre/villa/grand-tunis/jardins-d-el-menzah/44907.html,https://cdn-media.medialabtc.it/tn/agencies/tuch2/estates/44907/images/216606/detail.jpeg,2,data\csv\tecnocasa_real_estate_listings_all.csv,1316,Jardins d'El Menzah - Jardins D'El Menzah 2
https://www.tecnocasa.tn/vendre/villa/grand-tunis/jardins-d-el-menzah/47037.html,https://cdn-media.medialabtc.it/tn/agencies/tuch2/estates/47037/images/217227/detail.jpeg,1,data\csv\tecnocasa_real_estate_listings_all.csv,1354,Jardins d'El Menzah - Jardins D'El Menzah 2
https://www.tecnocasa.tn/vendre/villa/grand-tunis/jardins-d-el-menzah/57004.html,https://cdn-media.medialabtc.it/tn/agencies/tuch2/estates/57004/images/306208/detail.jpeg,1,data\csv\tecnocasa_real_estate_listings_all.csv,1444,Jardins d'El Menzah - Jardins D'El Menzah 2
https://www.tecnocasa.tn/vendre/villa/grand-tunis/jardins-d-el-menzah/57327.html,https://cdn-media.medialabtc.it/tn/agencies/tuch2/estates/57327/images/308441/detail.jpeg,1,data\csv\tecnocasa_real_estate_listings_all.csv,1443,Jardins d'El Menzah - Jardins D'El Menzah 2
https://www.tecnocasa.tn/vendre/villa/grand-tunis/la-manouba/56018.html,https://cdn-media.medialabtc.it/tn/agencies/tucg2/estates/56018/images/307377/detail.jpeg,1,data\csv\tecnocasa_real_estate_listings_all.csv,1352,"La Manouba, Rue de la gaieté - Manouba"
https://www.tecnocasa.tn/vendre/villa/grand-tunis/la-manouba/56768.html,https://cdn-media.medialabtc.it/tn/agencies/tucg2/estates/56768/images/320780/detail.jpeg,1,data\csv\tecnocasa_real_estate_listings_all.csv,1141,"La Manouba, ابو تمام - Manouba"
https://www.tecnocasa.tn/vendre/villa/grand-tunis/la-manouba/57241.html,https://cdn-media.medialabtc.it/tn/agencies/tucg3/estates/57241/images/313534/detail.jpeg,1,data\csv\tecnocasa_real_estate_listings_all.csv,1342,La Manouba - Manouba
https://www.tecnocasa.tn/vendre/villa/grand-tunis/la-manouba/57298.html,https://cdn-media.medialabtc.it/tn/agencies/tucg2/estates/57298/images/317498/detail.jpeg,1,data\csv\tecnocasa_real_estate_listings_all.csv,1240,"La Manouba, Rue du Mûrier - Manouba"
https://www.tecnocasa.tn/vendre/villa/grand-tunis/la-manouba/57926.html,https://cdn-media.medialabtc.it/tn/agencies/tucg3/estates/57926/images/316370/detail.jpeg,1,data\csv\tecnocasa_real_estate_listings_all.csv,1339,La Manouba - Manouba
https://www.tecnocasa.tn/vendre/villa/grand-tunis/la-manouba/58201.html,https://cdn-media.medialabtc.it/tn/agencies/tucg2/estates/58201/images/337983/detail.jpeg,1,data\csv\tecnocasa_real_estate_listings_all.csv,1363,"La Manouba, Rue Abu jihad - Manouba"
https://www.tecnocasa.tn/vendre/villa/grand-tunis/la-manouba/58249.html,https://cdn-media.medialabtc.it/tn/agencies/tucg2/estates/58249/images/335620/detail.jpeg,1,data\csv\tecnocasa_real_estate_listings_all.csv,1369,"La Manouba, Av. de L’indépendance - Manouba"
https://www.tecnocasa.tn/vendre/villa/grand-tunis/la-manouba/58364.html,https://cdn-media.medialabtc.it/tn/agencies/tucg3/estates/58364/images/318176/gallery_media.jpeg,1,data\csv\tecnocasa_real_estate_listings_all.csv,1181,La Manouba - Manouba
https://www.tecnocasa.tn/vendre/villa/grand-tunis/la-manouba/58364.html,https://cdn-media.medialabtc.it/tn/agencies/tucg3/estates/58364/images/318176/detail.jpeg,2,data\csv\tecnocasa_real_estate_listings_all.csv,1181,La Manouba - Manouba
https://www.tecnocasa.tn/vendre/villa/grand-tunis/la-manouba/58482.html,https://cdn-media.medialabtc.it/tn/agencies/tucg3/estates/58482/images/319038/detail.jpeg,1,data\csv\tecnocasa_real_estate_listings_all.csv,1004,La Manouba - Manouba
https://www.tecnocasa.tn/vendre/villa/grand-tunis/la-manouba/59283.html,https://cdn-media.medialabtc.it/tn/agencies/tucg2/estates/59283/images/340283/detail.jpeg,1,data\csv\tecnocasa_real_estate_listings_all.csv,934,"La Manouba, Rue Ahmed Chaouki LA MANOUBA (gt) 2011 - Manouba"
https://www.tecnocasa.tn/vendre/villa/grand-tunis/la-manouba/59403.html,https://cdn-media.medialabtc.it/tn/agencies/tucg3/estates/59403/images/332308/detail.jpeg,1,data\csv\tecnocasa_real_estate_listings_all.csv,1340,La Manouba - Manouba
https://www.tecnocasa.tn/vendre/villa/grand-tunis/la-manouba/59637.html,https://cdn-media.medialabtc.it/tn/agencies/tucg3/estates/59637/images/332285/detail.jpeg,1,data\csv\tecnocasa_real_estate_listings_all.csv,1341,La Manouba - Manouba
https://www.tecnocasa.tn/vendre/villa/grand-tunis/la-manouba/59905.html,https://cdn-media.medialabtc.it/tn/agencies/tucg2/estates/59905/images/333032/gallery_media.jpeg,1,data\csv\tecnocasa_real_estate_listings_all.csv,1392,"La Manouba, Cité les oranges - Manouba"
https://www.tecnocasa.tn/vendre/villa/grand-tunis/la-manouba/59905.html,https://cdn-media.medialabtc.it/tn/agencies/tucg2/estates/59905/images/333032/detail.jpeg,2,data\csv\tecnocasa_real_estate_listings_all.csv,1392,"La Manouba, Cité les oranges - Manouba"
https://www.tecnocasa.tn/vendre/villa/grand-tunis/la-manouba/60342.html,https://cdn-media.medialabtc.it/tn/agencies/tucg2/estates/60342/images/338280/detail.jpeg,1,data\csv\tecnocasa_real_estate_listings_all.csv,1275,"La Manouba, Cités les orangers - Manouba"
https://www.tecnocasa.tn/vendre/villa/grand-tunis/la-manouba/60913.html,https://cdn-media.medialabtc.it/tn/agencies/tucg3/estates/60913/images/342718/detail.jpeg,1,data\csv\tecnocasa_real_estate_listings_all.csv,1334,La Manouba - Manouba
https://www.tecnocasa.tn/vendre/villa/grand-tunis/la-manouba/61006.html,https://cdn-media.medialabtc.it/tn/agencies/tucg2/estates/61006/images/343181/gallery_media.jpeg,1,data\csv\tecnocasa_real_estate_listings_all.csv,1331,"La Manouba, Cité les oranges - Manouba"
https://www.tecnocasa.tn/vendre/villa/grand-tunis/la-manouba/61006.html,https://cdn-media.medialabtc.it/tn/agencies/tucg2/estates/61006/images/343181/detail.jpeg,2,data\csv\tecnocasa_real_estate_listings_all.csv,1331,"La Manouba, Cité les oranges - Manouba"
https://www.tecnocasa.tn/vendre/villa/grand-tunis/la-manouba/61146.html,https://cdn-media.medialabtc.it/tn/agencies/tucg2/estates/61146/images/343762/detail.jpeg,1,data\csv\tecnocasa_real_estate_listings_all.csv,1329,"La Manouba, Rue siliana LA MANOUBA (gt) 2011 - Manouba"
https://www.tecnocasa.tn/vendre/villa/grand-tunis/la-manouba/62376.html,https://cdn-media.medialabtc.it/tn/agencies/tucg2/estates/62376/images/354775/detail.jpeg,1,data\csv\tecnocasa_real_estate_listings_all.csv,1203,"La Manouba, Rue Attaef - Manouba"
https://www.tecnocasa.tn/vendre/villa/grand-tunis/la-manouba/62396.html,https://cdn-media.medialabtc.it/tn/agencies/tucg2/estates/62396/images/354779/detail.jpeg,1,data\csv\tecnocasa_real_estate_listings_all.csv,1202,"La Manouba, Rue des Travailleurs - Manouba"
https://www.tecnocasa.tn/vendre/villa/grand-tunis/la-manouba/62668.html,https://cdn-media.medialabtc.it/tn/agencies/tucg2/estates/62668/images/360458/detail.jpeg,1,data\csv\tecnocasa_real_estate_listings_all.csv,1119,"La Manouba, Cité militaire - Manouba"
https://www.tecnocasa.tn/vendre/villa/grand-tunis/la-manouba/63184.html,https://cdn-media.medialabtc.it/tn/agencies/tucg3/estates/63184/images/362892/detail.jpeg,1,data\csv\tecnocasa_real_estate_listings_all.csv,1075,La Manouba - Manouba
https://www.tecnocasa.tn/vendre/villa/grand-tunis/la-marsa/56507.html,https://cdn-media.medialabtc.it/tn/agencies/tugm1/estates/56507/images/328682/detail.jpeg,1,data\csv\tecnocasa_real_estate_listings_all.csv,1410,La Marsa - Cité El Khalil
https://www.tecnocasa.tn/vendre/villa/grand-tunis/la-marsa/58680.html,https://cdn-media.medialabtc.it/tn/agencies/tugm1/estates/58680/images/366435/detail.jpeg,1,data\csv\tecnocasa_real_estate_listings_all.csv,989,La Marsa
https://www.tecnocasa.tn/vendre/villa/grand-tunis/la-marsa/60033.html,https://cdn-media.medialabtc.it/tn/agencies/tugm1/estates/60033/images/334717/detail.jpeg,1,data\csv\tecnocasa_real_estate_listings_all.csv,1384,La Marsa
https://www.tecnocasa.tn/vendre/villa/grand-tunis/la-marsa/60211.html,https://cdn-media.medialabtc.it/tn/agencies/tuha1/estates/60211/images/335729/gallery_media.jpeg,1,data\csv\tecnocasa_real_estate_listings_all.csv,1285,La Marsa
https://www.tecnocasa.tn/vendre/villa/grand-tunis/la-marsa/60211.html,https://cdn-media.medialabtc.it/tn/agencies/tuha1/estates/60211/images/335729/detail.jpeg,2,data\csv\tecnocasa_real_estate_listings_all.csv,1285,La Marsa
https://www.tecnocasa.tn/vendre/villa/grand-tunis/la-marsa/61099.html,https://cdn-media.medialabtc.it/tn/agencies/tuha1/estates/61099/images/344240/detail.jpeg,1,data\csv\tecnocasa_real_estate_listings_all.csv,1325,La Marsa
https://www.tecnocasa.tn/vendre/villa/grand-tunis/la-marsa/62011.html,https://cdn-media.medialabtc.it/tn/agencies/tuha1/estates/62011/images/352271/gallery_media.jpeg,1,data\csv\tecnocasa_real_estate_listings_all.csv,971,La Marsa
https://www.tecnocasa.tn/vendre/villa/grand-tunis/la-marsa/62011.html,https://cdn-media.medialabtc.it/tn/agencies/tuha1/estates/62011/images/352271/detail.jpeg,2,data\csv\tecnocasa_real_estate_listings_all.csv,971,La Marsa
https://www.tecnocasa.tn/vendre/villa/grand-tunis/la-marsa/62471.html,https://cdn-media.medialabtc.it/tn/agencies/tugm1/estates/62471/images/362462/gallery_media.jpeg,1,data\csv\tecnocasa_real_estate_listings_all.csv,1091,La Marsa - Cité Bhar Lazreg
https://www.tecnocasa.tn/vendre/villa/grand-tunis/la-marsa/62471.html,https://cdn-media.medialabtc.it/tn/agencies/tugm1/estates/62471/images/362462/detail.jpeg,2,data\csv\tecnocasa_real_estate_listings_all.csv,1091,La Marsa - Cité Bhar Lazreg
https://www.tecnocasa.tn/vendre/villa/grand-tunis/la-marsa/63125.html,https://cdn-media.medialabtc.it/tn/agencies/tugm1/estates/63125/images/365376/detail.jpeg,1,data\csv\tecnocasa_real_estate_listings_all.csv,1026,La Marsa - Cité El Khalil
https://www.tecnocasa.tn/vendre/villa/grand-tunis/la-marsa/63446.html,https://cdn-media.medialabtc.it/tn/agencies/tuma1/estates/63446/images/365532/gallery_media.jpeg,1,data\csv\tecnocasa_real_estate_listings_all.csv,957,La Marsa - Marsa Les Pins
https://www.tecnocasa.tn/vendre/villa/grand-tunis/la-marsa/63446.html,https://cdn-media.medialabtc.it/tn/agencies/tuma1/estates/63446/images/365532/detail.jpeg,2,data\csv\tecnocasa_real_estate_listings_all.csv,957,La Marsa - Marsa Les Pins
https://www.tecnocasa.tn/vendre/villa/grand-tunis/la-marsa/63503.html,https://cdn-media.medialabtc.it/tn/agencies/tuha1/estates/63503/images/365836/detail.jpeg,1,data\csv\tecnocasa_real_estate_listings_all.csv,1007,La Marsa
https://www.tecnocasa.tn/vendre/villa/grand-tunis/la-soukra/41820.html,https://cdn-media.medialabtc.it/tn/agencies/tuha4/estates/41820/images/181270/detail.jpeg,1,data\csv\tecnocasa_real_estate_listings_all.csv,1431,La Soukra - Chotrana
https://www.tecnocasa.tn/vendre/villa/grand-tunis/la-soukra/47330.html,https://cdn-media.medialabtc.it/tn/agencies/tuha6/estates/47330/images/218686/detail.jpeg,1,data\csv\tecnocasa_real_estate_listings_all.csv,1385,La Soukra - Chotrana
https://www.tecnocasa.tn/vendre/villa/grand-tunis/la-soukra/52247.html,https://cdn-media.medialabtc.it/tn/agencies/tuha6/estates/52247/images/346647/detail.jpeg,1,data\csv\tecnocasa_real_estate_listings_all.csv,1296,La Soukra - Soukra
https://www.tecnocasa.tn/vendre/villa/grand-tunis/la-soukra/52406.html,https://cdn-media.medialabtc.it/tn/agencies/tuha4/estates/52406/images/267441/gallery_media.jpeg,1,data\csv\tecnocasa_real_estate_listings_all.csv,1451,"La Soukra, Rue Fattouma Bourguiba - Soukra"
https://www.tecnocasa.tn/vendre/villa/grand-tunis/la-soukra/52406.html,https://cdn-media.medialabtc.it/tn/agencies/tuha4/estates/52406/images/267441/detail.jpeg,2,data\csv\tecnocasa_real_estate_listings_all.csv,1451,"La Soukra, Rue Fattouma Bourguiba - Soukra"
https://www.tecnocasa.tn/vendre/villa/grand-tunis/la-soukra/56718.html,https://cdn-media.medialabtc.it/tn/agencies/tuha6/estates/56718/images/310162/detail.jpeg,1,data\csv\tecnocasa_real_estate_listings_all.csv,1379,La Soukra - Chotrana
https://www.tecnocasa.tn/vendre/villa/grand-tunis/la-soukra/58271.html,https://cdn-media.medialabtc.it/tn/agencies/tuha6/estates/58271/images/319442/detail.jpeg,1,data\csv\tecnocasa_real_estate_listings_all.csv,1428,La Soukra - Chotrana
https://www.tecnocasa.tn/vendre/villa/grand-tunis/la-soukra/58790.html,https://cdn-media.medialabtc.it/tn/agencies/tuha6/estates/58790/images/327643/gallery_media.jpeg,1,data\csv\tecnocasa_real_estate_listings_all.csv,1406,La Soukra - Chotrana
https://www.tecnocasa.tn/vendre/villa/grand-tunis/la-soukra/58790.html,https://cdn-media.medialabtc.it/tn/agencies/tuha6/estates/58790/images/327643/detail.jpeg,2,data\csv\tecnocasa_real_estate_listings_all.csv,1406,La Soukra - Chotrana
https://www.tecnocasa.tn/vendre/villa/grand-tunis/la-soukra/59799.html,https://cdn-media.medialabtc.it/tn/agencies/tuha6/estates/59799/images/333945/detail.jpeg,1,data\csv\tecnocasa_real_estate_listings_all.csv,1388,La Soukra - Chotrana
https://www.tecnocasa.tn/vendre/villa/grand-tunis/la-soukra/60738.html,https://cdn-media.medialabtc.it/tn/agencies/tuha6/estates/60738/images/344831/detail.jpeg,1,data\csv\tecnocasa_real_estate_listings_all.csv,1246,La Soukra - Soukra
https://www.tecnocasa.tn/vendre/villa/grand-tunis/la-soukra/61113.html,https://cdn-media.medialabtc.it/tn/agencies/tuha6/estates/61113/images/344183/detail.jpeg,1,data\csv\tecnocasa_real_estate_listings_all.csv,1326,La Soukra - Soukra
https://www.tecnocasa.tn/vendre/villa/grand-tunis/la-soukra/61290.html,https://cdn-media.medialabtc.it/tn/agencies/tuha6/estates/61290/images/347572/detail.jpeg,1,data\csv\tecnocasa_real_estate_listings_all.csv,1288,La Soukra - Soukra
https://www.tecnocasa.tn/vendre/villa/grand-tunis/la-soukra/62159.html,https://cdn-media.medialabtc.it/tn/agencies/tuha6/estates/62159/images/365468/detail.jpeg,1,data\csv\tecnocasa_real_estate_listings_all.csv,1025,La Soukra - Soukra
https://www.tecnocasa.tn/vendre/villa/grand-tunis/la-soukra/62185.html,https://cdn-media.medialabtc.it/tn/agencies/tuha6/estates/62185/images/366337/detail.jpeg,1,data\csv\tecnocasa_real_estate_listings_all.csv,991,La Soukra - Chotrana
https://www.tecnocasa.tn/vendre/villa/grand-tunis/la-soukra/62590.html,https://cdn-media.medialabtc.it/tn/agencies/tusk3/estates/62590/images/359251/detail.jpeg,1,data\csv\tecnocasa_real_estate_listings_all.csv,1143,La Soukra - Soukra
https://www.tecnocasa.tn/vendre/villa/grand-tunis/la-soukra/63139.html,https://cdn-media.medialabtc.it/tn/agencies/tuha4/estates/63139/images/362829/gallery_media.jpeg,1,data\csv\tecnocasa_real_estate_listings_all.csv,1077,La Soukra - Chotrana
https://www.tecnocasa.tn/vendre/villa/grand-tunis/la-soukra/63139.html,https://cdn-media.medialabtc.it/tn/agencies/tuha4/estates/63139/images/362829/detail.jpeg,2,data\csv\tecnocasa_real_estate_listings_all.csv,1077,La Soukra - Chotrana
https://www.tecnocasa.tn/vendre/villa/grand-tunis/la-soukra/63577.html,https://cdn-media.medialabtc.it/tn/agencies/tusk3/estates/63577/images/366868/gallery_media.jpeg,1,data\csv\tecnocasa_real_estate_listings_all.csv,973,La Soukra - Soukra
https://www.tecnocasa.tn/vendre/villa/grand-tunis/la-soukra/63577.html,https://cdn-media.medialabtc.it/tn/agencies/tusk3/estates/63577/images/366868/detail.jpeg,2,data\csv\tecnocasa_real_estate_listings_all.csv,973,La Soukra - Soukra
https://www.tecnocasa.tn/vendre/villa/grand-tunis/lafayette-centre-ville/52826.html,https://cdn-media.medialabtc.it/tn/agencies/tucb1/estates/52826/images/323156/detail.jpeg,1,data\csv\tecnocasa_real_estate_listings_all.csv,1423,Lafayette Centre Ville - Montplaisir
https://www.tecnocasa.tn/vendre/villa/grand-tunis/lafayette-centre-ville/53299.html,https://cdn-media.medialabtc.it/tn/agencies/tucb1/estates/53299/images/281113/detail.jpeg,1,data\csv\tecnocasa_real_estate_listings_all.csv,1192,Lafayette Centre Ville - Lafayette
https://www.tecnocasa.tn/vendre/villa/grand-tunis/le-bardo/49222.html,https://cdn-media.medialabtc.it/tn/agencies/tucg1/estates/49222/images/264307/gallery_media.jpeg,1,data\csv\tecnocasa_real_estate_listings_all.csv,1228,Le Bardo - Omrane
https://www.tecnocasa.tn/vendre/villa/grand-tunis/le-bardo/49222.html,https://cdn-media.medialabtc.it/tn/agencies/tucg1/estates/49222/images/264307/detail.jpeg,2,data\csv\tecnocasa_real_estate_listings_all.csv,1228,Le Bardo - Omrane
https://www.tecnocasa.tn/vendre/villa/grand-tunis/le-bardo/50764.html,https://cdn-media.medialabtc.it/tn/agencies/tucg1/estates/50764/images/354383/detail.jpeg,1,data\csv\tecnocasa_real_estate_listings_all.csv,1177,Le Bardo - Bardo
https://www.tecnocasa.tn/vendre/villa/grand-tunis/le-bardo/55520.html,https://cdn-media.medialabtc.it/tn/agencies/tucg1/estates/55520/images/296421/detail.jpeg,1,data\csv\tecnocasa_real_estate_listings_all.csv,1104,Le Bardo - Bardo
https://www.tecnocasa.tn/vendre/villa/grand-tunis/manar/50682.html,https://cdn-media.medialabtc.it/tn/agencies/tuch1/estates/50682/images/248729/detail.jpeg,1,data\csv\tecnocasa_real_estate_listings_all.csv,1463,Manar - Manar 2-3
https://www.tecnocasa.tn/vendre/villa/grand-tunis/manar/52205.html,https://cdn-media.medialabtc.it/tn/agencies/tuch1/estates/52205/images/262423/gallery_media.jpeg,1,data\csv\tecnocasa_real_estate_listings_all.csv,1466,Manar - Manar 2-3
https://www.tecnocasa.tn/vendre/villa/grand-tunis/manar/52205.html,https://cdn-media.medialabtc.it/tn/agencies/tuch1/estates/52205/images/262423/detail.jpeg,2,data\csv\tecnocasa_real_estate_listings_all.csv,1466,Manar - Manar 2-3
https://www.tecnocasa.tn/vendre/villa/grand-tunis/manar/53981.html,https://cdn-media.medialabtc.it/tn/agencies/tuch4/estates/53981/images/283488/detail.jpeg,1,data\csv\tecnocasa_real_estate_listings_all.csv,1205,Manar - Manar 1
https://www.tecnocasa.tn/vendre/villa/grand-tunis/manar/58487.html,https://cdn-media.medialabtc.it/tn/agencies/tuch4/estates/58487/images/320403/detail.jpeg,1,data\csv\tecnocasa_real_estate_listings_all.csv,1206,Manar - Manar 1
https://www.tecnocasa.tn/vendre/villa/grand-tunis/manar/60196.html,https://cdn-media.medialabtc.it/tn/agencies/tuch4/estates/60196/images/335577/detail.jpeg,1,data\csv\tecnocasa_real_estate_listings_all.csv,1378,Manar - Manar 1
https://www.tecnocasa.tn/vendre/villa/grand-tunis/medina-jedida/55293.html,https://cdn-media.medialabtc.it/tn/agencies/tuhd4/estates/55293/images/291335/detail.jpeg,1,data\csv\tecnocasa_real_estate_listings_all.csv,1356,"Medina Jedida, Rue Hedi Wali - Madina Jadida"
https://www.tecnocasa.tn/vendre/villa/grand-tunis/megrine/45907.html,https://cdn-media.medialabtc.it/tn/agencies/tucc1/estates/45907/images/296470/detail.jpeg,1,data\csv\tecnocasa_real_estate_listings_all.csv,1449,Mégrine - Megrine
https://www.tecnocasa.tn/vendre/villa/grand-tunis/megrine/51065.html,https://cdn-media.medialabtc.it/tn/agencies/tucc1/estates/51065/images/254298/gallery_media.jpeg,1,data\csv\tecnocasa_real_estate_listings_all.csv,1450,Mégrine - Megrine
https://www.tecnocasa.tn/vendre/villa/grand-tunis/megrine/51065.html,https://cdn-media.medialabtc.it/tn/agencies/tucc1/estates/51065/images/254298/detail.jpeg,2,data\csv\tecnocasa_real_estate_listings_all.csv,1450,Mégrine - Megrine
https://www.tecnocasa.tn/vendre/villa/grand-tunis/megrine/52024.html,https://cdn-media.medialabtc.it/tn/agencies/tucc1/estates/52024/images/276861/detail.jpeg,1,data\csv\tecnocasa_real_estate_listings_all.csv,1006,Mégrine - Megrine
https://www.tecnocasa.tn/vendre/villa/grand-tunis/megrine/59193.html,https://cdn-media.medialabtc.it/tn/agencies/tucc1/estates/59193/images/326875/detail.jpeg,1,data\csv\tecnocasa_real_estate_listings_all.csv,1027,Mégrine - Megrine
https://www.tecnocasa.tn/vendre/villa/grand-tunis/megrine/61324.html,https://cdn-media.medialabtc.it/tn/agencies/tucc1/estates/61324/images/350180/detail.jpeg,1,data\csv\tecnocasa_real_estate_listings_all.csv,1019,"Mégrine, Rue mégrine - Megrine"
https://www.tecnocasa.tn/vendre/villa/grand-tunis/mutuelleville/59374.html,https://cdn-media.medialabtc.it/tn/agencies/tuch3/estates/59374/images/335259/detail.jpeg,1,data\csv\tecnocasa_real_estate_listings_all.csv,1120,Mutuelleville
https://www.tecnocasa.tn/vendre/villa/grand-tunis/mutuelleville/61587.html,https://cdn-media.medialabtc.it/tn/agencies/tuch3/estates/61587/images/349373/detail.jpeg,1,data\csv\tecnocasa_real_estate_listings_all.csv,1277,Mutuelleville
https://www.tecnocasa.tn/vendre/villa/grand-tunis/mutuelleville/62529.html,https://cdn-media.medialabtc.it/tn/agencies/tuch3/estates/62529/images/358816/detail.jpeg,1,data\csv\tecnocasa_real_estate_listings_all.csv,1156,Mutuelleville
https://www.tecnocasa.tn/vendre/villa/grand-tunis/rades/59127.html,https://cdn-media.medialabtc.it/tn/agencies/turd1/estates/59127/images/326955/detail.jpeg,1,data\csv\tecnocasa_real_estate_listings_all.csv,1082,"Radés, Rue Habib Thameur - Rades Monjil"
https://www.tecnocasa.tn/vendre/villa/grand-tunis/rades/59907.html,https://cdn-media.medialabtc.it/tn/agencies/turd1/estates/59907/images/334046/detail.jpeg,1,data\csv\tecnocasa_real_estate_listings_all.csv,1164,"Radés, Rue Bani Khiar - Rades Meliane"
https://www.tecnocasa.tn/vendre/villa/grand-tunis/rades/60098.html,https://cdn-media.medialabtc.it/tn/agencies/turd1/estates/60098/images/338966/detail.jpeg,1,data\csv\tecnocasa_real_estate_listings_all.csv,1100,"Radés, Rue La Galite - Cité Mohamed Ali"
https://www.tecnocasa.tn/vendre/villa/grand-tunis/rades/60598.html,https://cdn-media.medialabtc.it/tn/agencies/turd1/estates/60598/images/339862/detail.jpeg,1,data\csv\tecnocasa_real_estate_listings_all.csv,1154,"Radés, Rue sidi bou said - Rades Meliane"
https://www.tecnocasa.tn/vendre/villa/grand-tunis/rades/61024.html,https://cdn-media.medialabtc.it/tn/agencies/turd1/estates/61024/images/347017/detail.jpeg,1,data\csv\tecnocasa_real_estate_listings_all.csv,970,"Radés, Rue du stade - Cité Mohamed Ali"
https://www.tecnocasa.tn/vendre/villa/grand-tunis/rades/61179.html,https://cdn-media.medialabtc.it/tn/agencies/turd1/estates/61179/images/350637/detail.jpeg,1,data\csv\tecnocasa_real_estate_listings_all.csv,969,"Radés, Rue du stade - Cité Mohamed Ali"
https://www.tecnocasa.tn/vendre/villa/grand-tunis/rades/61881.html,https://cdn-media.medialabtc.it/tn/agencies/turd1/estates/61881/images/353300/detail.jpeg,1,data\csv\tecnocasa_real_estate_listings_all.csv,1145,"Radés, Rue hamem chat RADÉS (gt) 2040 - Rades Meliane"
https://www.tecnocasa.tn/vendre/villa/grand-tunis/rades/62006.html,https://cdn-media.medialabtc.it/tn/agencies/turd1/estates/62006/images/358332/gallery_media.jpeg,1,data\csv\tecnocasa_real_estate_listings_all.csv,1153,"Radés, Rue de Carthage - Cité Mohamed Ali"
https://www.tecnocasa.tn/vendre/villa/grand-tunis/rades/62006.html,https://cdn-media.medialabtc.it/tn/agencies/turd1/estates/62006/images/358332/detail.jpeg,2,data\csv\tecnocasa_real_estate_listings_all.csv,1153,"Radés, Rue de Carthage - Cité Mohamed Ali"
https://www.tecnocasa.tn/vendre/villa/grand-tunis/rades/62230.html,https://cdn-media.medialabtc.it/tn/agencies/turd1/estates/62230/images/358260/detail.jpeg,1,data\csv\tecnocasa_real_estate_listings_all.csv,1009,"Radés, Avenue med ali - Cité Mohamed Ali"
https://www.tecnocasa.tn/vendre/villa/grand-tunis/rades/62935.html,https://cdn-media.medialabtc.it/tn/agencies/turd1/estates/62935/images/362580/detail.jpeg,1,data\csv\tecnocasa_real_estate_listings_all.csv,1084,"Radés, Rue du Gabon - Rades Monjil"
https://www.tecnocasa.tn/vendre/villa/kairouan/kairouan/41583.html,https://cdn-media.medialabtc.it/tn/agencies/kair1/estates/41583/images/179612/gallery_media.jpeg,1,data\csv\tecnocasa_real_estate_listings_all.csv,252,"Kairouan, Rue Ennahassine"
https://www.tecnocasa.tn/vendre/villa/kairouan/kairouan/41583.html,https://cdn-media.medialabtc.it/tn/agencies/kair1/estates/41583/images/179612/detail.jpeg,2,data\csv\tecnocasa_real_estate_listings_all.csv,252,"Kairouan, Rue Ennahassine"
https://www.tecnocasa.tn/vendre/villa/kairouan/kairouan/49811.html,https://cdn-media.medialabtc.it/tn/agencies/kair1/estates/49811/images/243428/detail.jpeg,1,data\csv\tecnocasa_real_estate_listings_all.csv,248,"Kairouan, Rue Kairouan"
https://www.tecnocasa.tn/vendre/villa/kairouan/kairouan/53821.html,https://cdn-media.medialabtc.it/tn/agencies/kair1/estates/53821/images/276636/detail.jpeg,1,data\csv\tecnocasa_real_estate_listings_all.csv,271,"Kairouan, Rue bayt el hekma Mansoura 4"
https://www.tecnocasa.tn/vendre/villa/kairouan/kairouan/53913.html,https://cdn-media.medialabtc.it/tn/agencies/kair1/estates/53913/images/286862/detail.jpeg,1,data\csv\tecnocasa_real_estate_listings_all.csv,247,Kairouan
https://www.tecnocasa.tn/vendre/villa/kairouan/kairouan/55826.html,https://cdn-media.medialabtc.it/tn/agencies/kair1/estates/55826/images/311956/detail.jpeg,1,data\csv\tecnocasa_real_estate_listings_all.csv,245,"Kairouan, Rue freetown"
https://www.tecnocasa.tn/vendre/villa/kairouan/kairouan/56699.html,https://cdn-media.medialabtc.it/tn/agencies/kair1/estates/56699/images/303676/gallery_media.jpeg,1,data\csv\tecnocasa_real_estate_listings_all.csv,237,"Kairouan, Rue Ibn Zeydoun, Mansoura"
https://www.tecnocasa.tn/vendre/villa/kairouan/kairouan/56699.html,https://cdn-media.medialabtc.it/tn/agencies/kair1/estates/56699/images/303676/detail.jpeg,2,data\csv\tecnocasa_real_estate_listings_all.csv,237,"Kairouan, Rue Ibn Zeydoun, Mansoura"
https://www.tecnocasa.tn/vendre/villa/kairouan/kairouan/57036.html,https://cdn-media.medialabtc.it/tn/agencies/kair1/estates/57036/images/306409/detail.jpeg,1,data\csv\tecnocasa_real_estate_listings_all.csv,274,"Kairouan, Centre ville kairouan"
https://www.tecnocasa.tn/vendre/villa/kairouan/kairouan/58011.html,https://cdn-media.medialabtc.it/tn/agencies/kair1/estates/58011/images/328044/detail.jpeg,1,data\csv\tecnocasa_real_estate_listings_all.csv,240,"Kairouan, Rue Kairouan"
https://www.tecnocasa.tn/vendre/villa/kairouan/kairouan/58253.html,https://cdn-media.medialabtc.it/tn/agencies/kair1/estates/58253/images/318585/detail.jpeg,1,data\csv\tecnocasa_real_estate_listings_all.csv,241,"Kairouan, Rue khmais alouini centre ville kairouan"
https://www.tecnocasa.tn/vendre/villa/kairouan/kairouan/58285.html,https://cdn-media.medialabtc.it/tn/agencies/kair1/estates/58285/images/322959/detail.jpeg,1,data\csv\tecnocasa_real_estate_listings_all.csv,243,"Kairouan, Rue El Omrania"
https://www.tecnocasa.tn/vendre/villa/kairouan/kairouan/59808.html,https://cdn-media.medialabtc.it/tn/agencies/kair1/estates/59808/images/333788/detail.jpeg,1,data\csv\tecnocasa_real_estate_listings_all.csv,242,"Kairouan, Avenu Jamel Abdnnasser ""GARDERIE EZOUHOUR"""
https://www.tecnocasa.tn/vendre/villa/kairouan/kairouan/62681.html,https://cdn-media.medialabtc.it/tn/agencies/kair1/estates/62681/images/359808/gallery_media.jpeg,1,data\csv\tecnocasa_real_estate_listings_all.csv,262,"Kairouan, Avenue Okba ibn nafeaa"
https://www.tecnocasa.tn/vendre/villa/kairouan/kairouan/62681.html,https://cdn-media.medialabtc.it/tn/agencies/kair1/estates/62681/images/359808/detail.jpeg,2,data\csv\tecnocasa_real_estate_listings_all.csv,262,"Kairouan, Avenue Okba ibn nafeaa"
https://www.tecnocasa.tn/vendre/villa/kairouan/kairouan/63530.html,https://cdn-media.medialabtc.it/tn/agencies/kair1/estates/63530/images/366906/gallery_media.jpeg,1,data\csv\tecnocasa_real_estate_listings_all.csv,260,"Kairouan, Rue sabra"
https://www.tecnocasa.tn/vendre/villa/kairouan/kairouan/63530.html,https://cdn-media.medialabtc.it/tn/agencies/kair1/estates/63530/images/366906/detail.jpeg,2,data\csv\tecnocasa_real_estate_listings_all.csv,260,"Kairouan, Rue sabra"
https://www.tecnocasa.tn/vendre/villa/mahdia/baghdedi/55226.html,https://cdn-media.medialabtc.it/tn/agencies/moca9/estates/55226/images/361544/detail.jpeg,1,data\csv\tecnocasa_real_estate_listings_all.csv,330,Baghdedi
https://www.tecnocasa.tn/vendre/villa/mahdia/baghdedi/56493.html,https://cdn-media.medialabtc.it/tn/agencies/moca9/estates/56493/images/308977/gallery_media.jpeg,1,data\csv\tecnocasa_real_estate_listings_all.csv,321,Baghdedi
https://www.tecnocasa.tn/vendre/villa/mahdia/baghdedi/56493.html,https://cdn-media.medialabtc.it/tn/agencies/moca9/estates/56493/images/308977/detail.jpeg,2,data\csv\tecnocasa_real_estate_listings_all.csv,321,Baghdedi
https://www.tecnocasa.tn/vendre/villa/mahdia/ksour-essef/56249.html,https://cdn-media.medialabtc.it/tn/agencies/mdca4/estates/56249/images/300013/gallery_media.jpeg,1,data\csv\tecnocasa_real_estate_listings_all.csv,349,"Ksour Essef, Avenue Hedi Chaker"
https://www.tecnocasa.tn/vendre/villa/mahdia/ksour-essef/56249.html,https://cdn-media.medialabtc.it/tn/agencies/mdca4/estates/56249/images/300013/detail.jpeg,2,data\csv\tecnocasa_real_estate_listings_all.csv,349,"Ksour Essef, Avenue Hedi Chaker"
https://www.tecnocasa.tn/vendre/villa/mahdia/ksour-essef/62473.html,https://cdn-media.medialabtc.it/tn/agencies/mdca4/estates/62473/images/360913/gallery_media.jpeg,1,data\csv\tecnocasa_real_estate_listings_all.csv,334,Ksour Essef
https://www.tecnocasa.tn/vendre/villa/mahdia/ksour-essef/62473.html,https://cdn-media.medialabtc.it/tn/agencies/mdca4/estates/62473/images/360913/detail.jpeg,2,data\csv\tecnocasa_real_estate_listings_all.csv,334,Ksour Essef
https://www.tecnocasa.tn/vendre/villa/mahdia/ksour-essef/63385.html,https://cdn-media.medialabtc.it/tn/agencies/mdca4/estates/63385/images/363850/detail.jpeg,1,data\csv\tecnocasa_real_estate_listings_all.csv,311,Ksour Essef
https://www.tecnocasa.tn/vendre/villa/mahdia/mahdia/57282.html,https://cdn-media.medialabtc.it/tn/agencies/mdca1/estates/57282/images/327776/detail.jpeg,1,data\csv\tecnocasa_real_estate_listings_all.csv,287,Mahdia - Mahdia Centre-ville
https://www.tecnocasa.tn/vendre/villa/mahdia/mahdia/57376.html,https://cdn-media.medialabtc.it/tn/agencies/mdca1/estates/57376/images/327818/detail.jpeg,1,data\csv\tecnocasa_real_estate_listings_all.csv,288,Mahdia - Hiboun
https://www.tecnocasa.tn/vendre/villa/mahdia/mahdia/59827.html,https://cdn-media.medialabtc.it/tn/agencies/mdca2/estates/59827/images/334520/gallery_media.jpeg,1,data\csv\tecnocasa_real_estate_listings_all.csv,306,Mahdia - Hiboun
https://www.tecnocasa.tn/vendre/villa/mahdia/mahdia/59827.html,https://cdn-media.medialabtc.it/tn/agencies/mdca2/estates/59827/images/334520/detail.jpeg,2,data\csv\tecnocasa_real_estate_listings_all.csv,306,Mahdia - Hiboun
https://www.tecnocasa.tn/vendre/villa/mahdia/mahdia/60079.html,https://cdn-media.medialabtc.it/tn/agencies/mdca2/estates/60079/images/337608/gallery_media.jpeg,1,data\csv\tecnocasa_real_estate_listings_all.csv,276,Mahdia - Cité Erraoudha
https://www.tecnocasa.tn/vendre/villa/mahdia/mahdia/60079.html,https://cdn-media.medialabtc.it/tn/agencies/mdca2/estates/60079/images/337608/detail.jpeg,2,data\csv\tecnocasa_real_estate_listings_all.csv,276,Mahdia - Cité Erraoudha
https://www.tecnocasa.tn/vendre/villa/mahdia/mahdia/61977.html,https://cdn-media.medialabtc.it/tn/agencies/mdca1/estates/61977/images/353270/detail.jpeg,1,data\csv\tecnocasa_real_estate_listings_all.csv,279,Mahdia - Hiboun
https://www.tecnocasa.tn/vendre/villa/mahdia/mahdia/63785.html,https://cdn-media.medialabtc.it/tn/agencies/mdca1/estates/63785/images/368308/gallery_media.jpeg,1,data\csv\tecnocasa_real_estate_listings_all.csv,275,Mahdia - Mahdia Centre-ville
https://www.tecnocasa.tn/vendre/villa/mahdia/mahdia/63785.html,https://cdn-media.medialabtc.it/tn/agencies/mdca1/estates/63785/images/368311/detail.jpeg,2,data\csv\tecnocasa_real_estate_listings_all.csv,275,Mahdia - Mahdia Centre-ville
https://www.tecnocasa.tn/vendre/villa/mahdia/rejiche/54992.html,https://cdn-media.medialabtc.it/tn/agencies/mdca3/estates/54992/images/325647/detail.jpeg,1,data\csv\tecnocasa_real_estate_listings_all.csv,337,Rejiche
https://www.tecnocasa.tn/vendre/villa/mahdia/rejiche/55964.html,https://cdn-media.medialabtc.it/tn/agencies/mdca3/estates/55964/images/325895/detail.jpeg,1,data\csv\tecnocasa_real_estate_listings_all.csv,383,Rejiche
https://www.tecnocasa.tn/vendre/villa/mahdia/rejiche/61280.html,https://cdn-media.medialabtc.it/tn/agencies/mdca3/estates/61280/images/348720/detail.jpeg,1,data\csv\tecnocasa_real_estate_listings_all.csv,325,Rejiche
https://www.tecnocasa.tn/vendre/villa/mahdia/rejiche/61452.html,https://cdn-media.medialabtc.it/tn/agencies/mdca3/estates/61452/images/347660/detail.jpeg,1,data\csv\tecnocasa_real_estate_listings_all.csv,326,Rejiche
https://www.tecnocasa.tn/vendre/villa/mahdia/rejiche/62800.html,https://cdn-media.medialabtc.it/tn/agencies/mdca3/estates/62800/images/358864/detail.jpeg,1,data\csv\tecnocasa_real_estate_listings_all.csv,338,Rejiche
https://www.tecnocasa.tn/vendre/villa/mahdia/rejiche/63037.html,https://cdn-media.medialabtc.it/tn/agencies/mdca3/estates/63037/images/361272/detail.jpeg,1,data\csv\tecnocasa_real_estate_listings_all.csv,331,Rejiche
https://www.tecnocasa.tn/vendre/villa/mahdia/rejiche/63310.html,https://cdn-media.medialabtc.it/tn/agencies/mdca3/estates/63310/images/365629/detail.jpeg,1,data\csv\tecnocasa_real_estate_listings_all.csv,303,Rejiche
https://www.tecnocasa.tn/vendre/villa/mahdia/salakta/54068.html,https://cdn-media.medialabtc.it/tn/agencies/mdca4/estates/54068/images/324376/detail.jpeg,1,data\csv\tecnocasa_real_estate_listings_all.csv,347,Salakta
https://www.tecnocasa.tn/vendre/villa/mahdia/salakta/58425.html,https://cdn-media.medialabtc.it/tn/agencies/mdca4/estates/58425/images/318442/detail.jpeg,1,data\csv\tecnocasa_real_estate_listings_all.csv,317,"Salakta, Rue Salakta"
https://www.tecnocasa.tn/vendre/villa/mahdia/salakta/58443.html,https://cdn-media.medialabtc.it/tn/agencies/mdca4/estates/58443/images/318622/gallery_media.jpeg,1,data\csv\tecnocasa_real_estate_listings_all.csv,351,"Salakta, Rue Salakta"
https://www.tecnocasa.tn/vendre/villa/mahdia/salakta/58443.html,https://cdn-media.medialabtc.it/tn/agencies/mdca4/estates/58443/images/318622/detail.jpeg,2,data\csv\tecnocasa_real_estate_listings_all.csv,351,"Salakta, Rue Salakta"
https://www.tecnocasa.tn/vendre/villa/mahdia/salakta/58770.html,https://cdn-media.medialabtc.it/tn/agencies/mdca4/estates/58770/images/321214/detail.jpeg,1,data\csv\tecnocasa_real_estate_listings_all.csv,355,"Salakta, Rue Salakta"
https://www.tecnocasa.tn/vendre/villa/mahdia/salakta/58870.html,https://cdn-media.medialabtc.it/tn/agencies/mdca4/estates/58870/images/324314/detail.jpeg,1,data\csv\tecnocasa_real_estate_listings_all.csv,313,"Salakta, Rue Salakta"
https://www.tecnocasa.tn/vendre/villa/monastir/bekalta/51567.html,https://cdn-media.medialabtc.it/tn/agencies/moca9/estates/51567/images/361558/detail.jpeg,1,data\csv\tecnocasa_real_estate_listings_all.csv,439,Bekalta
https://www.tecnocasa.tn/vendre/villa/monastir/bekalta/57261.html,https://cdn-media.medialabtc.it/tn/agencies/moca9/estates/57261/images/309877/detail.jpeg,1,data\csv\tecnocasa_real_estate_listings_all.csv,427,Bekalta
https://www.tecnocasa.tn/vendre/villa/monastir/bekalta/58833.html,https://cdn-media.medialabtc.it/tn/agencies/moca9/estates/58833/images/330480/detail.jpeg,1,data\csv\tecnocasa_real_estate_listings_all.csv,429,Bekalta
https://www.tecnocasa.tn/vendre/villa/monastir/bekalta/61092.html,https://cdn-media.medialabtc.it/tn/agencies/moca9/estates/61092/images/343244/detail.jpeg,1,data\csv\tecnocasa_real_estate_listings_all.csv,430,Bekalta
https://www.tecnocasa.tn/vendre/villa/monastir/bekalta/63084.html,https://cdn-media.medialabtc.it/tn/agencies/moca9/estates/63084/images/361968/detail.jpeg,1,data\csv\tecnocasa_real_estate_listings_all.csv,431,Bekalta
https://www.tecnocasa.tn/vendre/villa/monastir/bekalta/63096.html,https://cdn-media.medialabtc.it/tn/agencies/moca9/estates/63096/images/365485/gallery_media.jpeg,1,data\csv\tecnocasa_real_estate_listings_all.csv,422,Bekalta
https://www.tecnocasa.tn/vendre/villa/monastir/bekalta/63096.html,https://cdn-media.medialabtc.it/tn/agencies/moca9/estates/63096/images/365485/detail.jpeg,2,data\csv\tecnocasa_real_estate_listings_all.csv,422,Bekalta
https://www.tecnocasa.tn/vendre/villa/monastir/ksar-hellal/47002.html,https://cdn-media.medialabtc.it/tn/agencies/moca5/estates/47002/images/216402/detail.jpeg,1,data\csv\tecnocasa_real_estate_listings_all.csv,504,Ksar Hellal
https://www.tecnocasa.tn/vendre/villa/monastir/ksar-hellal/49404.html,https://cdn-media.medialabtc.it/tn/agencies/moca5/estates/49404/images/237723/detail.jpeg,1,data\csv\tecnocasa_real_estate_listings_all.csv,502,Ksar Hellal
https://www.tecnocasa.tn/vendre/villa/monastir/ksar-hellal/54646.html,https://cdn-media.medialabtc.it/tn/agencies/moca5/estates/54646/images/285353/detail.jpeg,1,data\csv\tecnocasa_real_estate_listings_all.csv,503,Ksar Hellal
https://www.tecnocasa.tn/vendre/villa/monastir/ksar-hellal/57767.html,https://cdn-media.medialabtc.it/tn/agencies/moca5/estates/57767/images/312687/detail.jpeg,1,data\csv\tecnocasa_real_estate_listings_all.csv,472,Ksar Hellal
https://www.tecnocasa.tn/vendre/villa/monastir/ksar-hellal/58766.html,https://cdn-media.medialabtc.it/tn/agencies/moca5/estates/58766/images/321090/detail.jpeg,1,data\csv\tecnocasa_real_estate_listings_all.csv,475,Ksar Hellal
https://www.tecnocasa.tn/vendre/villa/monastir/ksar-hellal/58783.html,https://cdn-media.medialabtc.it/tn/agencies/moca5/estates/58783/images/321423/detail.jpeg,1,data\csv\tecnocasa_real_estate_listings_all.csv,448,Ksar Hellal
https://www.tecnocasa.tn/vendre/villa/monastir/ksar-hellal/59968.html,https://cdn-media.medialabtc.it/tn/agencies/moca5/estates/59968/images/342022/detail.jpeg,1,data\csv\tecnocasa_real_estate_listings_all.csv,462,Ksar Hellal
https://www.tecnocasa.tn/vendre/villa/monastir/ksar-hellal/60953.html,https://cdn-media.medialabtc.it/tn/agencies/moca5/estates/60953/images/342422/detail.jpeg,1,data\csv\tecnocasa_real_estate_listings_all.csv,458,Ksar Hellal
https://www.tecnocasa.tn/vendre/villa/monastir/ksar-hellal/63159.html,https://cdn-media.medialabtc.it/tn/agencies/moca5/estates/63159/images/361683/gallery_media.jpeg,1,data\csv\tecnocasa_real_estate_listings_all.csv,408,Ksar Hellal
https://www.tecnocasa.tn/vendre/villa/monastir/ksar-hellal/63159.html,https://cdn-media.medialabtc.it/tn/agencies/moca5/estates/63159/images/361683/detail.jpeg,2,data\csv\tecnocasa_real_estate_listings_all.csv,408,Ksar Hellal
https://www.tecnocasa.tn/vendre/villa/monastir/ksar-hellal/63375.html,https://cdn-media.medialabtc.it/tn/agencies/moca5/estates/63375/images/363814/gallery_media.jpeg,1,data\csv\tecnocasa_real_estate_listings_all.csv,407,Ksar Hellal
https://www.tecnocasa.tn/vendre/villa/monastir/ksar-hellal/63375.html,https://cdn-media.medialabtc.it/tn/agencies/moca5/estates/63375/images/363814/detail.jpeg,2,data\csv\tecnocasa_real_estate_listings_all.csv,407,Ksar Hellal
https://www.tecnocasa.tn/vendre/villa/monastir/ksar-hellal/63617.html,https://cdn-media.medialabtc.it/tn/agencies/moca5/estates/63617/images/366482/gallery_media.jpeg,1,data\csv\tecnocasa_real_estate_listings_all.csv,421,Ksar Hellal
https://www.tecnocasa.tn/vendre/villa/monastir/ksar-hellal/63617.html,https://cdn-media.medialabtc.it/tn/agencies/moca5/estates/63617/images/366482/detail.jpeg,2,data\csv\tecnocasa_real_estate_listings_all.csv,421,Ksar Hellal
https://www.tecnocasa.tn/vendre/villa/monastir/ksar-hellal/63743.html,https://cdn-media.medialabtc.it/tn/agencies/moca5/estates/63743/images/367626/detail.jpeg,1,data\csv\tecnocasa_real_estate_listings_all.csv,410,Ksar Hellal
https://www.tecnocasa.tn/vendre/villa/monastir/monastir/58931.html,https://cdn-media.medialabtc.it/tn/agencies/moca1/estates/58931/images/342661/detail.jpeg,1,data\csv\tecnocasa_real_estate_listings_all.csv,417,Monastir - Cité Erriadh
https://www.tecnocasa.tn/vendre/villa/monastir/monastir/60286.html,https://cdn-media.medialabtc.it/tn/agencies/moca1/estates/60286/images/336372/detail.jpeg,1,data\csv\tecnocasa_real_estate_listings_all.csv,424,Monastir - Skanes La Falaise
https://www.tecnocasa.tn/vendre/villa/monastir/monastir/60702.html,https://cdn-media.medialabtc.it/tn/agencies/moca1/estates/60702/images/340647/detail.jpeg,1,data\csv\tecnocasa_real_estate_listings_all.csv,445,Monastir - Cité Erriadh
https://www.tecnocasa.tn/vendre/villa/monastir/monastir/60815.html,https://cdn-media.medialabtc.it/tn/agencies/moca2/estates/60815/images/343690/gallery_media.jpeg,1,data\csv\tecnocasa_real_estate_listings_all.csv,497,"Monastir, Rue yasmine - C2"
https://www.tecnocasa.tn/vendre/villa/monastir/monastir/60815.html,https://cdn-media.medialabtc.it/tn/agencies/moca2/estates/60815/images/343690/detail.jpeg,2,data\csv\tecnocasa_real_estate_listings_all.csv,497,"Monastir, Rue yasmine - C2"
https://www.tecnocasa.tn/vendre/villa/monastir/monastir/61561.html,https://cdn-media.medialabtc.it/tn/agencies/moca2/estates/61561/images/349684/detail.jpeg,1,data\csv\tecnocasa_real_estate_listings_all.csv,476,Monastir - Ksibet El Mediouni
https://www.tecnocasa.tn/vendre/villa/monastir/monastir/61716.html,https://cdn-media.medialabtc.it/tn/agencies/moca2/estates/61716/images/353986/gallery_media.jpeg,1,data\csv\tecnocasa_real_estate_listings_all.csv,451,"Monastir, Rue bassatine - C2"
https://www.tecnocasa.tn/vendre/villa/monastir/monastir/61716.html,https://cdn-media.medialabtc.it/tn/agencies/moca2/estates/61716/images/353986/detail.jpeg,2,data\csv\tecnocasa_real_estate_listings_all.csv,451,"Monastir, Rue bassatine - C2"
https://www.tecnocasa.tn/vendre/villa/monastir/monastir/62439.html,https://cdn-media.medialabtc.it/tn/agencies/moca3/estates/62439/images/356749/gallery_media.jpeg,1,data\csv\tecnocasa_real_estate_listings_all.csv,453,"Monastir, Rue Hannibal - Cité Ennozha"
https://www.tecnocasa.tn/vendre/villa/monastir/monastir/62439.html,https://cdn-media.medialabtc.it/tn/agencies/moca3/estates/62439/images/356749/detail.jpeg,2,data\csv\tecnocasa_real_estate_listings_all.csv,453,"Monastir, Rue Hannibal - Cité Ennozha"
https://www.tecnocasa.tn/vendre/villa/monastir/monastir/62699.html,https://cdn-media.medialabtc.it/tn/agencies/moca2/estates/62699/images/358080/detail.jpeg,1,data\csv\tecnocasa_real_estate_listings_all.csv,450,Monastir - Frina
https://www.tecnocasa.tn/vendre/villa/monastir/monastir/62899.html,https://cdn-media.medialabtc.it/tn/agencies/moca4/estates/62899/images/367521/detail.jpeg,1,data\csv\tecnocasa_real_estate_listings_all.csv,411,"Monastir, Zone touristique - Zone Touristique Monastir"
https://www.tecnocasa.tn/vendre/villa/monastir/sahline/35732.html,https://cdn-media.medialabtc.it/tn/agencies/moca4/estates/35732/images/144649/detail.jpeg,1,data\csv\tecnocasa_real_estate_listings_all.csv,499,"Sahline, Rue sahline"
https://www.tecnocasa.tn/vendre/villa/monastir/sahline/51031.html,https://cdn-media.medialabtc.it/tn/agencies/moca4/estates/51031/images/251714/detail.jpeg,1,data\csv\tecnocasa_real_estate_listings_all.csv,529,"Sahline, Rue sahline"
https://www.tecnocasa.tn/vendre/villa/monastir/sahline/52343.html,https://cdn-media.medialabtc.it/tn/agencies/moca4/estates/52343/images/263974/detail.jpeg,1,data\csv\tecnocasa_real_estate_listings_all.csv,500,"Sahline, Rue Sahline"
https://www.tecnocasa.tn/vendre/villa/monastir/sahline/52345.html,https://cdn-media.medialabtc.it/tn/agencies/moca4/estates/52345/images/264453/detail.jpeg,1,data\csv\tecnocasa_real_estate_listings_all.csv,501,"Sahline, Rue Sahline"
https://www.tecnocasa.tn/vendre/villa/monastir/sahline/55805.html,https://cdn-media.medialabtc.it/tn/agencies/moca4/estates/55805/images/298728/detail.jpeg,1,data\csv\tecnocasa_real_estate_listings_all.csv,532,"Sahline, Sidi ameur"
https://www.tecnocasa.tn/vendre/villa/monastir/sahline/56990.html,https://cdn-media.medialabtc.it/tn/agencies/moca4/estates/56990/images/309292/gallery_media.jpeg,1,data\csv\tecnocasa_real_estate_listings_all.csv,528,"Sahline, Sidi Ameur"
https://www.tecnocasa.tn/vendre/villa/monastir/sahline/56990.html,https://cdn-media.medialabtc.it/tn/agencies/moca4/estates/56990/images/309292/detail.jpeg,2,data\csv\tecnocasa_real_estate_listings_all.csv,528,"Sahline, Sidi Ameur"
https://www.tecnocasa.tn/vendre/villa/monastir/sahline/60308.html,https://cdn-media.medialabtc.it/tn/agencies/moca4/estates/60308/images/340896/detail.jpeg,1,data\csv\tecnocasa_real_estate_listings_all.csv,493,"Sahline, Zone de lac"
https://www.tecnocasa.tn/vendre/villa/monastir/sahline/60391.html,https://cdn-media.medialabtc.it/tn/agencies/moca4/estates/60391/images/338025/detail.jpeg,1,data\csv\tecnocasa_real_estate_listings_all.csv,494,"Sahline, Rue Sahline"
https://www.tecnocasa.tn/vendre/villa/monastir/sahline/60449.html,https://cdn-media.medialabtc.it/tn/agencies/moca4/estates/60449/images/338365/detail.jpeg,1,data\csv\tecnocasa_real_estate_listings_all.csv,507,"Sahline, Rue sahline"
https://www.tecnocasa.tn/vendre/villa/monastir/sahline/61069.html,https://cdn-media.medialabtc.it/tn/agencies/moca4/estates/61069/images/344528/detail.jpeg,1,data\csv\tecnocasa_real_estate_listings_all.csv,495,"Sahline, Rue sahline"
https://www.tecnocasa.tn/vendre/villa/monastir/sahline/62472.html,https://cdn-media.medialabtc.it/tn/agencies/moca4/estates/62472/images/356992/detail.jpeg,1,data\csv\tecnocasa_real_estate_listings_all.csv,454,"Sahline, Sidi ameur"
https://www.tecnocasa.tn/vendre/villa/monastir/sahline/62890.html,https://cdn-media.medialabtc.it/tn/agencies/moca4/estates/62890/images/364451/detail.jpeg,1,data\csv\tecnocasa_real_estate_listings_all.csv,425,"Sahline, Sidi ameur"
https://www.tecnocasa.tn/vendre/villa/sfax/sfax/59472.html,https://cdn-media.medialabtc.it/tn/agencies/ssfx1/estates/59472/images/330561/detail.jpeg,1,data\csv\tecnocasa_real_estate_listings_all.csv,588,Sfax - Route Gremda
https://www.tecnocasa.tn/vendre/villa/sfax/sfax/60625.html,https://cdn-media.medialabtc.it/tn/agencies/ssfx1/estates/60625/images/339373/detail.jpeg,1,data\csv\tecnocasa_real_estate_listings_all.csv,583,Sfax - Route de Tunis
https://www.tecnocasa.tn/vendre/villa/sfax/sfax/60796.html,https://cdn-media.medialabtc.it/tn/agencies/ssfx2/estates/60796/images/354199/gallery_media.jpeg,1,data\csv\tecnocasa_real_estate_listings_all.csv,571,Sfax - Route Manzel Chaker
https://www.tecnocasa.tn/vendre/villa/sfax/sfax/60796.html,https://cdn-media.medialabtc.it/tn/agencies/ssfx2/estates/60796/images/354199/detail.jpeg,2,data\csv\tecnocasa_real_estate_listings_all.csv,571,Sfax - Route Manzel Chaker
https://www.tecnocasa.tn/vendre/villa/sfax/sfax/60925.html,https://cdn-media.medialabtc.it/tn/agencies/ssfx1/estates/60925/images/341989/detail.jpeg,1,data\csv\tecnocasa_real_estate_listings_all.csv,559,Sfax - Route Lafrane
https://www.tecnocasa.tn/vendre/villa/sfax/sfax/61572.html,https://cdn-media.medialabtc.it/tn/agencies/ssfx1/estates/61572/images/348224/detail.jpeg,1,data\csv\tecnocasa_real_estate_listings_all.csv,577,Sfax - Bouzayen
https://www.tecnocasa.tn/vendre/villa/sfax/sfax/62212.html,https://cdn-media.medialabtc.it/tn/agencies/ssfx1/estates/62212/images/358505/detail.jpeg,1,data\csv\tecnocasa_real_estate_listings_all.csv,567,Sfax - Route Gremda
https://www.tecnocasa.tn/vendre/villa/sfax/sfax/62221.html,https://cdn-media.medialabtc.it/tn/agencies/ssfx2/estates/62221/images/357450/detail.jpeg,1,data\csv\tecnocasa_real_estate_listings_all.csv,568,Sfax - Route Soukra
https://www.tecnocasa.tn/vendre/villa/sfax/sfax/62480.html,https://cdn-media.medialabtc.it/tn/agencies/ssfx2/estates/62480/images/362368/detail.jpeg,1,data\csv\tecnocasa_real_estate_listings_all.csv,561,Sfax - Route Manzel Chaker
https://www.tecnocasa.tn/vendre/villa/sfax/sfax/62491.html,https://cdn-media.medialabtc.it/tn/agencies/ssfx2/estates/62491/images/361384/detail.jpeg,1,data\csv\tecnocasa_real_estate_listings_all.csv,564,Sfax - Route Manzel Chaker
https://www.tecnocasa.tn/vendre/villa/sousse/chott-meriam/12861.html,https://cdn-media.medialabtc.it/tn/agencies/ssca2/estates/12861/images/41573/detail.jpeg,1,data\csv\tecnocasa_real_estate_listings_all.csv,895,Chott Meriam
https://www.tecnocasa.tn/vendre/villa/sousse/chott-meriam/48957.html,https://cdn-media.medialabtc.it/tn/agencies/sscb4/estates/48957/images/233086/detail.jpeg,1,data\csv\tecnocasa_real_estate_listings_all.csv,889,"Chott Meriam, Chott mariem"
https://www.tecnocasa.tn/vendre/villa/sousse/chott-meriam/52807.html,https://cdn-media.medialabtc.it/tn/agencies/sscb4/estates/52807/images/279171/gallery_media.jpeg,1,data\csv\tecnocasa_real_estate_listings_all.csv,883,"Chott Meriam, Rue Rmila"
https://www.tecnocasa.tn/vendre/villa/sousse/chott-meriam/52807.html,https://cdn-media.medialabtc.it/tn/agencies/sscb4/estates/52807/images/279171/detail.jpeg,2,data\csv\tecnocasa_real_estate_listings_all.csv,883,"Chott Meriam, Rue Rmila"
https://www.tecnocasa.tn/vendre/villa/sousse/chott-meriam/57488.html,https://cdn-media.medialabtc.it/tn/agencies/sscb4/estates/57488/images/321050/detail.jpeg,1,data\csv\tecnocasa_real_estate_listings_all.csv,859,"Chott Meriam, Awled Ben Zina"
https://www.tecnocasa.tn/vendre/villa/sousse/chott-meriam/59537.html,https://cdn-media.medialabtc.it/tn/agencies/sscb4/estates/59537/images/342876/detail.jpeg,1,data\csv\tecnocasa_real_estate_listings_all.csv,802,"Chott Meriam, Lotissement belle vue"
https://www.tecnocasa.tn/vendre/villa/sousse/chott-meriam/59758.html,https://cdn-media.medialabtc.it/tn/agencies/sscb4/estates/59758/images/334238/gallery_media.jpeg,1,data\csv\tecnocasa_real_estate_listings_all.csv,747,"Chott Meriam, Rue Gaddes"
https://www.tecnocasa.tn/vendre/villa/sousse/chott-meriam/59758.html,https://cdn-media.medialabtc.it/tn/agencies/sscb4/estates/59758/images/334238/detail.jpeg,2,data\csv\tecnocasa_real_estate_listings_all.csv,747,"Chott Meriam, Rue Gaddes"
https://www.tecnocasa.tn/vendre/villa/sousse/chott-meriam/61395.html,https://cdn-media.medialabtc.it/tn/agencies/sscb4/estates/61395/images/350481/gallery_media.jpeg,1,data\csv\tecnocasa_real_estate_listings_all.csv,762,"Chott Meriam, Rue shell"
https://www.tecnocasa.tn/vendre/villa/sousse/chott-meriam/61395.html,https://cdn-media.medialabtc.it/tn/agencies/sscb4/estates/61395/images/350481/detail.jpeg,2,data\csv\tecnocasa_real_estate_listings_all.csv,762,"Chott Meriam, Rue shell"
https://www.tecnocasa.tn/vendre/villa/sousse/chott-meriam/62913.html,https://cdn-media.medialabtc.it/tn/agencies/sscb4/estates/62913/images/363467/detail.jpeg,1,data\csv\tecnocasa_real_estate_listings_all.csv,675,"Chott Meriam, Près maison jasmin"
https://www.tecnocasa.tn/vendre/villa/sousse/el-kantaoui/40775.html,https://cdn-media.medialabtc.it/tn/agencies/ssca2/estates/40775/images/176991/detail.jpeg,1,data\csv\tecnocasa_real_estate_listings_all.csv,891,"El Kantaoui, Im - Rue El Aghalba(نهج الأغالبة) [1]"
https://www.tecnocasa.tn/vendre/villa/sousse/el-kantaoui/46621.html,https://cdn-media.medialabtc.it/tn/agencies/ssca2/estates/46621/images/215839/detail.jpeg,1,data\csv\tecnocasa_real_estate_listings_all.csv,632,"El Kantaoui, Rue canari"
https://www.tecnocasa.tn/vendre/villa/sousse/el-kantaoui/59500.html,https://cdn-media.medialabtc.it/tn/agencies/ssca2/estates/59500/images/328962/detail.jpeg,1,data\csv\tecnocasa_real_estate_listings_all.csv,847,"El Kantaoui, Rue albatros"
https://www.tecnocasa.tn/vendre/villa/sousse/el-kantaoui/61599.html,https://cdn-media.medialabtc.it/tn/agencies/ssca2/estates/61599/images/349388/detail.jpeg,1,data\csv\tecnocasa_real_estate_listings_all.csv,635,"El Kantaoui, Rue essondos"
https://www.tecnocasa.tn/vendre/villa/sousse/el-kantaoui/63518.html,https://cdn-media.medialabtc.it/tn/agencies/ssca2/estates/63518/images/365466/gallery_media.jpeg,1,data\csv\tecnocasa_real_estate_listings_all.csv,619,"El Kantaoui, Rue du golf"
https://www.tecnocasa.tn/vendre/villa/sousse/el-kantaoui/63518.html,https://cdn-media.medialabtc.it/tn/agencies/ssca2/estates/63518/images/365466/detail.jpeg,2,data\csv\tecnocasa_real_estate_listings_all.csv,619,"El Kantaoui, Rue du golf"
https://www.tecnocasa.tn/vendre/villa/sousse/hammam-sousse/38649.html,https://cdn-media.medialabtc.it/tn/agencies/sscb6/estates/38649/images/333822/detail.jpeg,1,data\csv\tecnocasa_real_estate_listings_all.csv,692,"Hammam Sousse, Rue El Kahena"
https://www.tecnocasa.tn/vendre/villa/sousse/hammam-sousse/42003.html,https://cdn-media.medialabtc.it/tn/agencies/sscb6/estates/42003/images/186110/gallery_media.jpeg,1,data\csv\tecnocasa_real_estate_listings_all.csv,824,Hammam Sousse
https://www.tecnocasa.tn/vendre/villa/sousse/hammam-sousse/42003.html,https://cdn-media.medialabtc.it/tn/agencies/sscb6/estates/42003/images/186110/detail.jpeg,2,data\csv\tecnocasa_real_estate_listings_all.csv,824,Hammam Sousse
https://www.tecnocasa.tn/vendre/villa/sousse/hammam-sousse/46755.html,https://cdn-media.medialabtc.it/tn/agencies/sscb3/estates/46755/images/214264/detail.jpeg,1,data\csv\tecnocasa_real_estate_listings_all.csv,754,"Hammam Sousse, Rue Jaafar Majed"
https://www.tecnocasa.tn/vendre/villa/sousse/hammam-sousse/60570.html,https://cdn-media.medialabtc.it/tn/agencies/sscb3/estates/60570/images/339660/detail.jpeg,1,data\csv\tecnocasa_real_estate_listings_all.csv,825,Hammam Sousse - El Menchia
https://www.tecnocasa.tn/vendre/villa/sousse/hammam-sousse/62697.html,https://cdn-media.medialabtc.it/tn/agencies/sscb3/estates/62697/images/358439/detail.jpeg,1,data\csv\tecnocasa_real_estate_listings_all.csv,724,Hammam Sousse
https://www.tecnocasa.tn/vendre/villa/sousse/hammam-sousse/62898.html,https://cdn-media.medialabtc.it/tn/agencies/sscb3/estates/62898/images/368072/gallery_media.jpeg,1,data\csv\tecnocasa_real_estate_listings_all.csv,622,Hammam Sousse - El Menchia
https://www.tecnocasa.tn/vendre/villa/sousse/hammam-sousse/62898.html,https://cdn-media.medialabtc.it/tn/agencies/sscb3/estates/62898/images/368072/detail.jpeg,2,data\csv\tecnocasa_real_estate_listings_all.csv,622,Hammam Sousse - El Menchia
https://www.tecnocasa.tn/vendre/villa/sousse/hergla/57875.html,https://cdn-media.medialabtc.it/tn/agencies/ssgh1/estates/57875/images/319625/detail.jpeg,1,data\csv\tecnocasa_real_estate_listings_all.csv,863,"Hergla, Rue Ibn Khaldoun"
https://www.tecnocasa.tn/vendre/villa/sousse/hergla/60793.html,https://cdn-media.medialabtc.it/tn/agencies/ssgh1/estates/60793/images/346482/detail.jpeg,1,data\csv\tecnocasa_real_estate_listings_all.csv,774,"Hergla, Hergla centre ville"
https://www.tecnocasa.tn/vendre/villa/sousse/hergla/62365.html,https://cdn-media.medialabtc.it/tn/agencies/ssgh1/estates/62365/images/354578/detail.jpeg,1,data\csv\tecnocasa_real_estate_listings_all.csv,739,"Hergla, Cité Nozha"
https://www.tecnocasa.tn/vendre/villa/sousse/kalaa-seghira/61277.html,https://cdn-media.medialabtc.it/tn/agencies/sscb1/estates/61277/images/362785/detail.jpeg,1,data\csv\tecnocasa_real_estate_listings_all.csv,679,Kalâa Seghira - El Kaala Essagira
https://www.tecnocasa.tn/vendre/villa/sousse/khezama/38666.html,https://cdn-media.medialabtc.it/tn/agencies/sscb6/estates/38666/images/199316/detail.jpeg,1,data\csv\tecnocasa_real_estate_listings_all.csv,655,Khezama - Khezema Ouest
https://www.tecnocasa.tn/vendre/villa/sousse/khezama/57624.html,https://cdn-media.medialabtc.it/tn/agencies/sscb6/estates/57624/images/316778/detail.jpeg,1,data\csv\tecnocasa_real_estate_listings_all.csv,662,Khezama - Khezema Ouest
https://www.tecnocasa.tn/vendre/villa/sousse/khezama/57857.html,https://cdn-media.medialabtc.it/tn/agencies/ssca1/estates/57857/images/318673/gallery_media.jpeg,1,data\csv\tecnocasa_real_estate_listings_all.csv,854,"Khezama, - Rue Assouan 06 - Khezema Est"
https://www.tecnocasa.tn/vendre/villa/sousse/khezama/60520.html,https://cdn-media.medialabtc.it/tn/agencies/sscb2/estates/60520/images/339576/detail.jpeg,1,data\csv\tecnocasa_real_estate_listings_all.csv,700,Khezama - Khezema Ouest
https://www.tecnocasa.tn/vendre/villa/sousse/m-saken/52206.html,https://cdn-media.medialabtc.it/tn/agencies/ssca7/estates/52206/images/270421/gallery_media.jpeg,1,data\csv\tecnocasa_real_estate_listings_all.csv,852,"M'Saken, Cité ennour m'saken"
https://www.tecnocasa.tn/vendre/villa/sousse/m-saken/52206.html,https://cdn-media.medialabtc.it/tn/agencies/ssca7/estates/52206/images/270421/detail.jpeg,2,data\csv\tecnocasa_real_estate_listings_all.csv,852,"M'Saken, Cité ennour m'saken"
https://www.tecnocasa.tn/vendre/villa/sousse/m-saken/57798.html,https://cdn-media.medialabtc.it/tn/agencies/ssca7/estates/57798/images/319815/detail.jpeg,1,data\csv\tecnocasa_real_estate_listings_all.csv,862,"M'Saken, Rue Farhat Hached"
https://www.tecnocasa.tn/vendre/villa/sousse/m-saken/60721.html,https://cdn-media.medialabtc.it/tn/agencies/ssca7/estates/60721/images/342175/detail.jpeg,1,data\csv\tecnocasa_real_estate_listings_all.csv,791,"M'Saken, Hay enour rte 30"
https://www.tecnocasa.tn/vendre/villa/sousse/sahloul/59587.html,https://cdn-media.medialabtc.it/tn/agencies/sscb2/estates/59587/images/330733/detail.jpeg,1,data\csv\tecnocasa_real_estate_listings_all.csv,848,Sahloul - Sahloul 4
https://www.tecnocasa.tn/vendre/villa/sousse/sahloul/60434.html,https://cdn-media.medialabtc.it/tn/agencies/sscb1/estates/60434/images/338978/detail.jpeg,1,data\csv\tecnocasa_real_estate_listings_all.csv,827,Sahloul - Sahloul 1-2
https://www.tecnocasa.tn/vendre/villa/sousse/sahloul/61344.html,https://cdn-media.medialabtc.it/tn/agencies/sscb6/estates/61344/images/349051/gallery_media.jpeg,1,data\csv\tecnocasa_real_estate_listings_all.csv,733,Sahloul - Sahloul 1-2
https://www.tecnocasa.tn/vendre/villa/sousse/sahloul/61344.html,https://cdn-media.medialabtc.it/tn/agencies/sscb6/estates/61344/images/349051/detail.jpeg,2,data\csv\tecnocasa_real_estate_listings_all.csv,733,Sahloul - Sahloul 1-2
https://www.tecnocasa.tn/vendre/villa/sousse/sahloul/63568.html,https://cdn-media.medialabtc.it/tn/agencies/sscb1/estates/63568/images/367564/gallery_media.jpeg,1,data\csv\tecnocasa_real_estate_listings_all.csv,624,Sahloul - Sahloul 1-2
https://www.tecnocasa.tn/vendre/villa/sousse/sahloul/63568.html,https://cdn-media.medialabtc.it/tn/agencies/sscb1/estates/63568/images/367564/detail.jpeg,2,data\csv\tecnocasa_real_estate_listings_all.csv,624,Sahloul - Sahloul 1-2
https://www.tecnocasa.tn/vendre/villa/sousse/sousse-centre-ville/49123.html,https://cdn-media.medialabtc.it/tn/agencies/ssca3/estates/49123/images/239440/gallery_media.jpeg,1,data\csv\tecnocasa_real_estate_listings_all.csv,719,"Sousse Centre Ville, Cité Chant de Tire - Bouhsina"
https://www.tecnocasa.tn/vendre/villa/sousse/sousse-centre-ville/49123.html,https://cdn-media.medialabtc.it/tn/agencies/ssca3/estates/49123/images/239440/detail.jpeg,2,data\csv\tecnocasa_real_estate_listings_all.csv,719,"Sousse Centre Ville, Cité Chant de Tire - Bouhsina"
https://www.tecnocasa.tn/vendre/villa/sousse/sousse-centre-ville/56131.html,https://cdn-media.medialabtc.it/tn/agencies/ssca6/estates/56131/images/304856/detail.jpeg,1,data\csv\tecnocasa_real_estate_listings_all.csv,872,Sousse Centre Ville - La Corniche
https://www.tecnocasa.tn/vendre/villa/sousse/sousse-centre-ville/57762.html,https://cdn-media.medialabtc.it/tn/agencies/ssca5/estates/57762/images/324588/detail.jpeg,1,data\csv\tecnocasa_real_estate_listings_all.csv,661,"Sousse Centre Ville, Rue des Poètes - Cité Hached - Jawhara"
https://www.tecnocasa.tn/vendre/villa/sousse/sousse-centre-ville/58440.html,https://cdn-media.medialabtc.it/tn/agencies/ssca6/estates/58440/images/320994/detail.jpeg,1,data\csv\tecnocasa_real_estate_listings_all.csv,860,Sousse Centre Ville - La Corniche
https://www.tecnocasa.tn/vendre/villa/sousse/sousse-centre-ville/59512.html,https://cdn-media.medialabtc.it/tn/agencies/ssca3/estates/59512/images/331374/detail.jpeg,1,data\csv\tecnocasa_real_estate_listings_all.csv,806,Sousse Centre Ville - Bouhsina
https://www.tecnocasa.tn/vendre/villa/sousse/sousse-centre-ville/60373.html,https://cdn-media.medialabtc.it/tn/agencies/ssca3/estates/60373/images/344977/detail.jpeg,1,data\csv\tecnocasa_real_estate_listings_all.csv,664,"Sousse Centre Ville, Rue ahmed chawki - Bouhsina"
https://www.tecnocasa.tn/vendre/villa/sousse/sousse-centre-ville/60529.html,https://cdn-media.medialabtc.it/tn/agencies/ssca3/estates/60529/images/358842/gallery_media.jpeg,1,data\csv\tecnocasa_real_estate_listings_all.csv,718,"Sousse Centre Ville, Rue Ferjani Bouagila - Bouhsina"
https://www.tecnocasa.tn/vendre/villa/sousse/sousse-centre-ville/60529.html,https://cdn-media.medialabtc.it/tn/agencies/ssca3/estates/60529/images/358842/detail.jpeg,2,data\csv\tecnocasa_real_estate_listings_all.csv,718,"Sousse Centre Ville, Rue Ferjani Bouagila - Bouhsina"
https://www.tecnocasa.tn/vendre/villa/sousse/sousse-centre-ville/60611.html,https://cdn-media.medialabtc.it/tn/agencies/ssca3/estates/60611/images/340909/detail.jpeg,1,data\csv\tecnocasa_real_estate_listings_all.csv,666,"Sousse Centre Ville, Rue 12 - Bouhsina"
https://www.tecnocasa.tn/vendre/villa/sousse/sousse-centre-ville/60678.html,https://cdn-media.medialabtc.it/tn/agencies/ssca3/estates/60678/images/340948/gallery_media.jpeg,1,data\csv\tecnocasa_real_estate_listings_all.csv,717,"Sousse Centre Ville, Rue avenue de la libration - Bouhsina"
https://www.tecnocasa.tn/vendre/villa/sousse/sousse-centre-ville/60678.html,https://cdn-media.medialabtc.it/tn/agencies/ssca3/estates/60678/images/340948/detail.jpeg,2,data\csv\tecnocasa_real_estate_listings_all.csv,717,"Sousse Centre Ville, Rue avenue de la libration - Bouhsina"
https://www.tecnocasa.tn/vendre/villa/sousse/sousse-centre-ville/61226.html,https://cdn-media.medialabtc.it/tn/agencies/ssca3/estates/61226/images/358877/detail.jpeg,1,data\csv\tecnocasa_real_estate_listings_all.csv,667,"Sousse Centre Ville, Rue Zitoun - Bouhsina"
https://www.tecnocasa.tn/vendre/villa/sousse/sousse-centre-ville/61264.html,https://cdn-media.medialabtc.it/tn/agencies/ssca3/estates/61264/images/345321/detail.jpeg,1,data\csv\tecnocasa_real_estate_listings_all.csv,669,"Sousse Centre Ville, Rue El Hadj Ali Soua 3 [3], 4061 SOUSSE CENTRE VILLE (ss) - Bouhsina"
https://www.tecnocasa.tn/vendre/villa/sousse/sousse-centre-ville/61348.html,https://cdn-media.medialabtc.it/tn/agencies/ssca3/estates/61348/images/358894/detail.jpeg,1,data\csv\tecnocasa_real_estate_listings_all.csv,716,"Sousse Centre Ville, Rue Dar Essalem 2 - Bouhsina"
https://www.tecnocasa.tn/vendre/villa/sousse/sousse-centre-ville/61465.html,https://cdn-media.medialabtc.it/tn/agencies/ssca3/estates/61465/images/354839/detail.jpeg,1,data\csv\tecnocasa_real_estate_listings_all.csv,737,"Sousse Centre Ville, Rue Ali Ibn Abi Taleb - Bouhsina"
https://www.tecnocasa.tn/vendre/villa/sousse/sousse-centre-ville/61576.html,https://cdn-media.medialabtc.it/tn/agencies/ssca5/estates/61576/images/351550/detail.jpeg,1,data\csv\tecnocasa_real_estate_listings_all.csv,686,Sousse Centre Ville - Cité Hached - Jawhara
https://www.tecnocasa.tn/vendre/villa/sousse/sousse-centre-ville/61631.html,https://cdn-media.medialabtc.it/tn/agencies/ssca3/estates/61631/images/351265/detail.jpeg,1,data\csv\tecnocasa_real_estate_listings_all.csv,715,"Sousse Centre Ville, Rue Omar Ibnou Abdelaziz - Bouhsina"
https://www.tecnocasa.tn/vendre/villa/sousse/sousse-centre-ville/61675.html,https://cdn-media.medialabtc.it/tn/agencies/ssca3/estates/61675/images/351235/detail.jpeg,1,data\csv\tecnocasa_real_estate_listings_all.csv,714,"Sousse Centre Ville, Rue Omar Ibnou Abdelaziz - Bouhsina"
https://www.tecnocasa.tn/vendre/villa/sousse/sousse-centre-ville/61861.html,https://cdn-media.medialabtc.it/tn/agencies/ssca3/estates/61861/images/354429/gallery_media.jpeg,1,data\csv\tecnocasa_real_estate_listings_all.csv,672,"Sousse Centre Ville, Rue Ihes - Bouhsina"
https://www.tecnocasa.tn/vendre/villa/sousse/sousse-centre-ville/61861.html,https://cdn-media.medialabtc.it/tn/agencies/ssca3/estates/61861/images/354429/detail.jpeg,2,data\csv\tecnocasa_real_estate_listings_all.csv,672,"Sousse Centre Ville, Rue Ihes - Bouhsina"
https://www.tecnocasa.tn/vendre/villa/sousse/sousse-centre-ville/61947.html,https://cdn-media.medialabtc.it/tn/agencies/ssca3/estates/61947/images/359558/gallery_media.jpeg,1,data\csv\tecnocasa_real_estate_listings_all.csv,704,"Sousse Centre Ville, Rue el mohsinin - Bouhsina"
https://www.tecnocasa.tn/vendre/villa/sousse/sousse-centre-ville/61947.html,https://cdn-media.medialabtc.it/tn/agencies/ssca3/estates/61947/images/359558/detail.jpeg,2,data\csv\tecnocasa_real_estate_listings_all.csv,704,"Sousse Centre Ville, Rue el mohsinin - Bouhsina"
https://www.tecnocasa.tn/vendre/villa/sousse/sousse-centre-ville/62056.html,https://cdn-media.medialabtc.it/tn/agencies/ssca6/estates/62056/images/353213/gallery_media.jpeg,1,data\csv\tecnocasa_real_estate_listings_all.csv,749,Sousse Centre Ville - La Corniche
https://www.tecnocasa.tn/vendre/villa/sousse/sousse-centre-ville/62056.html,https://cdn-media.medialabtc.it/tn/agencies/ssca6/estates/62056/images/353213/detail.jpeg,2,data\csv\tecnocasa_real_estate_listings_all.csv,749,Sousse Centre Ville - La Corniche
https://www.tecnocasa.tn/vendre/villa/sousse/sousse-centre-ville/62128.html,https://cdn-media.medialabtc.it/tn/agencies/ssca3/estates/62128/images/363339/detail.jpeg,1,data\csv\tecnocasa_real_estate_listings_all.csv,676,"Sousse Centre Ville, Rue tecno - Bouhsina"
https://www.tecnocasa.tn/vendre/villa/sousse/sousse-centre-ville/62649.html,https://cdn-media.medialabtc.it/tn/agencies/ssca3/estates/62649/images/356957/detail.jpeg,1,data\csv\tecnocasa_real_estate_listings_all.csv,665,"Sousse Centre Ville, Rue du Dr Ali Skandrani - Bouhsina"
https://www.tecnocasa.tn/vendre/villa/sousse/sousse-centre-ville/62728.html,https://cdn-media.medialabtc.it/tn/agencies/ssca6/estates/62728/images/362303/gallery_media.jpeg,1,data\csv\tecnocasa_real_estate_listings_all.csv,687,Sousse Centre Ville - La Corniche
https://www.tecnocasa.tn/vendre/villa/sousse/sousse-centre-ville/62728.html,https://cdn-media.medialabtc.it/tn/agencies/ssca6/estates/62728/images/362303/detail.jpeg,2,data\csv\tecnocasa_real_estate_listings_all.csv,687,Sousse Centre Ville - La Corniche
https://www.tecnocasa.tn/vendre/villa/sousse/sousse-centre-ville/62873.html,https://cdn-media.medialabtc.it/tn/agencies/ssca3/estates/62873/images/362705/detail.jpeg,1,data\csv\tecnocasa_real_estate_listings_all.csv,681,"Sousse Centre Ville, Rue Mohamed Lakhdhar Houssine - Bouhsina"
https://www.tecnocasa.tn/vendre/villa/sousse/sousse-riadh/50316.html,https://cdn-media.medialabtc.it/tn/agencies/ssca4/estates/50316/images/303219/detail.jpeg,1,data\csv\tecnocasa_real_estate_listings_all.csv,750,"Sousse Riadh, Rue Franchise - Cité Riadh"
https://www.tecnocasa.tn/vendre/villa/sousse/sousse-riadh/58050.html,https://cdn-media.medialabtc.it/tn/agencies/ssca4/estates/58050/images/355247/gallery_media.jpeg,1,data\csv\tecnocasa_real_estate_listings_all.csv,732,"Sousse Riadh, Rue Mohamed Abdou - Cité Riadh"
https://www.tecnocasa.tn/vendre/villa/sousse/sousse-riadh/58050.html,https://cdn-media.medialabtc.it/tn/agencies/ssca4/estates/58050/images/355247/detail.jpeg,2,data\csv\tecnocasa_real_estate_listings_all.csv,732,"Sousse Riadh, Rue Mohamed Abdou - Cité Riadh"
https://www.tecnocasa.tn/vendre/villa/sousse/sousse-riadh/59417.html,https://cdn-media.medialabtc.it/tn/agencies/ssca4/estates/59417/images/344358/gallery_media.jpeg,1,data\csv\tecnocasa_real_estate_listings_all.csv,613,"Sousse Riadh, Rue Om Salma El Makhzoumi - Cité Riadh"
https://www.tecnocasa.tn/vendre/villa/sousse/sousse-riadh/59417.html,https://cdn-media.medialabtc.it/tn/agencies/ssca4/estates/59417/images/344358/detail.jpeg,2,data\csv\tecnocasa_real_estate_listings_all.csv,613,"Sousse Riadh, Rue Om Salma El Makhzoumi - Cité Riadh"
https://www.tecnocasa.tn/vendre/villa/sousse/sousse-riadh/60749.html,https://cdn-media.medialabtc.it/tn/agencies/ssca4/estates/60749/images/344165/gallery_media.jpeg,1,data\csv\tecnocasa_real_estate_listings_all.csv,615,"Sousse Riadh, Rue du Zambie - Cité Riadh"
https://www.tecnocasa.tn/vendre/villa/sousse/sousse-riadh/60749.html,https://cdn-media.medialabtc.it/tn/agencies/ssca4/estates/60749/images/344165/detail.jpeg,2,data\csv\tecnocasa_real_estate_listings_all.csv,615,"Sousse Riadh, Rue du Zambie - Cité Riadh"
https://www.tecnocasa.tn/vendre/villa/sousse/sousse-riadh/61481.html,https://cdn-media.medialabtc.it/tn/agencies/ssca4/estates/61481/images/351458/detail.jpeg,1,data\csv\tecnocasa_real_estate_listings_all.csv,758,"Sousse Riadh, Rue Mohamed Abdou - Cité Riadh"
https://www.tecnocasa.tn/vendre/villa/sousse/sousse-riadh/61745.html,https://cdn-media.medialabtc.it/tn/agencies/ssca4/estates/61745/images/351176/gallery_media.jpeg,1,data\csv\tecnocasa_real_estate_listings_all.csv,618,"Sousse Riadh, Rue Oussama ibn essamet - Cité Riadh"
https://www.tecnocasa.tn/vendre/villa/sousse/sousse-riadh/61745.html,https://cdn-media.medialabtc.it/tn/agencies/ssca4/estates/61745/images/351176/detail.jpeg,2,data\csv\tecnocasa_real_estate_listings_all.csv,618,"Sousse Riadh, Rue Oussama ibn essamet - Cité Riadh"
https://www.tecnocasa.tn/vendre/villa/sousse/sousse-riadh/62076.html,https://cdn-media.medialabtc.it/tn/agencies/ssca4/estates/62076/images/353441/gallery_media.jpeg,1,data\csv\tecnocasa_real_estate_listings_all.csv,616,"Sousse Riadh, Rue Ibn Charaf - Cité Riadh"
https://www.tecnocasa.tn/vendre/villa/sousse/sousse-riadh/62076.html,https://cdn-media.medialabtc.it/tn/agencies/ssca4/estates/62076/images/353441/detail.jpeg,2,data\csv\tecnocasa_real_estate_listings_all.csv,616,"Sousse Riadh, Rue Ibn Charaf - Cité Riadh"
https://www.tecnocasa.tn/vendre/villa/sousse/sousse-riadh/62125.html,https://cdn-media.medialabtc.it/tn/agencies/ssca4/estates/62125/images/356382/gallery_media.jpeg,1,data\csv\tecnocasa_real_estate_listings_all.csv,617,"Sousse Riadh, Rue Diamond - Cité Riadh"
https://www.tecnocasa.tn/vendre/villa/sousse/sousse-riadh/62125.html,https://cdn-media.medialabtc.it/tn/agencies/ssca4/estates/62125/images/356382/detail.jpeg,2,data\csv\tecnocasa_real_estate_listings_all.csv,617,"Sousse Riadh, Rue Diamond - Cité Riadh"
