city,property_type,price_tnd,surface_m2,sustainability_score,combined_risk
Tunis,Apartment,175000.0,802.0,76.6,3.83
Tunis,Apartment,224000.0,102.0,76.6,3.83
Ariana,Apartment,230000.0,64.0,78.7,3.67
Tunis,Apartment,550000.0,109.0,76.6,3.83
Tunis,Apartment,490000.0,168.0,76.6,3.83
Ariana,Apartment,220000.0,61.0,78.7,3.67
Tunis,Apartment,430000.0,136.0,76.6,3.83
Tunis,Apartment,270000.0,59.0,76.6,3.83
Tunis,Apartment,410000.0,162.0,76.6,3.83
Tunis,Apartment,385000.0,136.0,76.6,3.83
Tunis,Apartment,260000.0,71.0,76.6,3.83
Tunis,Apartment,300000.0,41.0,76.6,3.83
Ariana,Apartment,170000.0,113.0,78.7,3.67
Ariana,House,700000.0,1000.0,78.7,3.67
Ariana,Apartment,440000.0,200.0,78.7,3.67
Ariana,Apartment,136000.0,89.0,78.7,3.67
Ariana,Apartment,146150.0,79.0,78.7,3.67
Ariana,House,1150000.0,1000.0,78.7,3.67
Ariana,Apartment,340000.0,157.0,78.7,3.67
Ariana,Unknown,1550000.0,330.0,78.7,3.67
Ariana,House,490000.0,220.0,78.7,3.67
Ariana,Apartment,225000.0,105.0,78.7,3.67
Ariana,House,620000.0,400.0,78.7,3.67
Ariana,Land,558000.0,1.0,78.7,3.67
Ariana,Apartment,205000.0,90.0,78.7,3.67
Ariana,Apartment,225000.0,151.0,78.7,3.67
Ariana,House,1000000.0,1000.0,78.7,3.67
Ariana,Apartment,410000.0,145.0,78.7,3.67
Ariana,House,400000.0,1000.0,78.7,3.67
Ariana,Apartment,155000.0,64.0,78.7,3.67
Ariana,Land,708800.0,1.0,78.7,3.67
Ariana,Land,2250000.0,1.0,78.7,3.67
Ariana,House,400000.0,120.0,78.7,3.67
Ariana,Land,4000000.0,1.0,78.7,3.67
Ariana,House,257000.0,188.0,78.7,3.67
Ariana,Apartment,28000.0,130.0,78.7,3.67
Ariana,House,78000.0,125.0,78.7,3.67
Ariana,Apartment,360000.0,200.0,78.7,3.67
Ariana,Apartment,300000.0,136.0,78.7,3.67
Ariana,Unknown,119000.0,36.0,78.7,3.67
Ariana,Apartment,1050000.0,165.0,78.7,3.67
Ariana,House,880000.0,327.0,78.7,3.67
Ariana,House,1800000.0,434.0,78.7,3.67
Ariana,Apartment,750000.0,278.0,78.7,3.67
Ariana,Apartment,470000.0,186.0,78.7,3.67
Ariana,Apartment,650000.0,188.0,78.7,3.67
Ariana,Apartment,1100000.0,370.0,78.7,3.67
Ariana,Apartment,243000.0,87.0,78.7,3.67
Ariana,Apartment,650000.0,165.0,78.7,3.67
Ariana,Land,27400.0,1.0,78.7,3.67
Ariana,Apartment,295000.0,138.0,78.7,3.67
Ariana,Unknown,65000.0,98.0,78.7,3.67
Ariana,House,115000.0,110.0,78.7,3.67
Ariana,House,490000.0,260.0,78.7,3.67
Ariana,Apartment,109000.0,62.0,78.7,3.67
Ariana,House,650000.0,260.0,78.7,3.67
Ariana,Land,2820150.0,1.0,78.7,3.67
Ariana,Apartment,85000.0,52.0,78.7,3.67
Ariana,Apartment,245000.0,120.0,78.7,3.67
Ariana,Land,249000.0,1.0,78.7,3.67
Ariana,Apartment,339000.0,153.0,78.7,3.67
Ariana,Apartment,168000.0,115.0,78.7,3.67
Ariana,House,540000.0,609.0,78.7,3.67
Ariana,House,370000.0,161.0,78.7,3.67
Ariana,House,1700000.0,1000.0,78.7,3.67
Ariana,Unknown,160000.0,60.0,78.7,3.67
Ariana,Apartment,210000.0,125.0,78.7,3.67
Ariana,House,530000.0,410.0,78.7,3.67
Ariana,Apartment,441000.0,157.0,78.7,3.67
Ariana,Apartment,570000.0,187.0,78.7,3.67
Ariana,Apartment,145000.0,57.0,78.7,3.67
Ariana,House,840000.0,327.0,78.7,3.67
Ariana,Unknown,650000.0,750.0,78.7,3.67
Ariana,Unknown,82000.0,40.0,78.7,3.67
Ariana,Apartment,340000.0,163.0,78.7,3.67
Ariana,Apartment,360000.0,153.0,78.7,3.67
Ariana,House,760000.0,380.0,78.7,3.67
Ariana,Apartment,295000.0,170.0,78.7,3.67
Ariana,House,750000.0,686.0,78.7,3.67
Ariana,Apartment,310000.0,160.0,78.7,3.67
Ariana,Apartment,95000.0,130.0,78.7,3.67
Ariana,Apartment,310000.0,100.0,78.7,3.67
Ariana,Apartment,160000.0,72.0,78.7,3.67
Ariana,House,280000.0,240.0,78.7,3.67
Ariana,Apartment,300000.0,155.0,78.7,3.67
Ariana,House,550000.0,401.0,78.7,3.67
Ariana,Apartment,440000.0,175.0,78.7,3.67
Ariana,House,900000.0,518.0,78.7,3.67
Ariana,Apartment,240000.0,140.0,78.7,3.67
Ariana,Unknown,169000.0,84.0,78.7,3.67
Ariana,Apartment,310000.0,115.0,78.7,3.67
Ariana,Apartment,355000.0,200.0,78.7,3.67
Ariana,Apartment,465000.0,187.0,78.7,3.67
Ariana,Apartment,370000.0,191.0,78.7,3.67
Ariana,Apartment,410000.0,169.0,78.7,3.67
Ariana,House,1150000.0,609.0,78.7,3.67
Ariana,House,130000.0,417.0,78.7,3.67
Ariana,House,690000.0,290.0,78.7,3.67
Ariana,House,185000.0,125.0,78.7,3.67
Ariana,Unknown,80000.0,400.0,78.7,3.67
Ariana,House,1080000.0,500.0,78.7,3.67
Ariana,House,750000.0,370.0,78.7,3.67
Ariana,House,850000.0,482.0,78.7,3.67
Ariana,Apartment,2400000.0,253.0,78.7,3.67
Ariana,Apartment,550000.0,200.0,78.7,3.67
Ariana,Apartment,2600000.0,170.0,78.7,3.67
Ariana,Apartment,360000.0,143.0,78.7,3.67
Ariana,House,900000.0,637.0,78.7,3.67
Ariana,Apartment,430000.0,170.0,78.7,3.67
Ariana,Apartment,130000.0,98.0,78.7,3.67
Ariana,House,76000.0,90.0,78.7,3.67
Ariana,Land,4455000.0,1.0,78.7,3.67
Ariana,Apartment,167500.0,121.0,78.7,3.67
Ariana,Unknown,38000.0,30.0,78.7,3.67
Ariana,Apartment,223000.0,100.0,78.7,3.67
Ariana,Unknown,250000.0,432.0,78.7,3.67
Ariana,House,230000.0,425.0,78.7,3.67
Ariana,Apartment,210000.0,108.0,78.7,3.67
Ariana,Apartment,330000.0,170.0,78.7,3.67
Ariana,Apartment,120000.0,45.0,78.7,3.67
Ariana,Apartment,270000.0,117.0,78.7,3.67
Ariana,Apartment,195000.0,80.0,78.7,3.67
Ariana,Apartment,365000.0,128.0,78.7,3.67
Ariana,House,3000000.0,220.0,78.7,3.67
Ariana,House,130000.0,115.0,78.7,3.67
Ariana,Apartment,170000.0,60.0,78.7,3.67
Ariana,House,180000.0,330.0,78.7,3.67
Ariana,House,760000.0,370.0,78.7,3.67
Ariana,Apartment,119000.0,80.0,78.7,3.67
Ariana,House,150000.0,225.0,78.7,3.67
Ariana,Unknown,55000.0,42.0,78.7,3.67
Ariana,House,42000.0,100.0,78.7,3.67
Ariana,Apartment,140000.0,121.0,78.7,3.67
Ariana,Apartment,310000.0,165.0,78.7,3.67
Ariana,Apartment,195000.0,68.0,78.7,3.67
Ariana,House,750000.0,1000.0,78.7,3.67
Ariana,Apartment,173000.0,80.0,78.7,3.67
Ariana,Unknown,720000.0,400.0,78.7,3.67
Ariana,Apartment,275000.0,149.0,78.7,3.67
Ariana,House,1000000.0,407.0,78.7,3.67
Ariana,House,840000.0,260.0,78.7,3.67
Ariana,House,368000.0,183.0,78.7,3.67
Ariana,House,240000.0,450.0,78.7,3.67
Ariana,House,750000.0,468.0,78.7,3.67
Ariana,Apartment,265000.0,100.0,78.7,3.67
Ariana,House,630000.0,270.0,78.7,3.67
Ariana,House,335000.0,350.0,78.7,3.67
Ariana,House,550000.0,226.0,78.7,3.67
Ariana,House,1700000.0,1000.0,78.7,3.67
Ariana,Apartment,260000.0,152.0,78.7,3.67
Ariana,Unknown,15000.0,1000.0,78.7,3.67
Ariana,Apartment,160000.0,67.0,78.7,3.67
Ariana,Apartment,180000.0,74.0,78.7,3.67
Ariana,House,600000.0,207.0,78.7,3.67
Ariana,House,850000.0,516.0,78.7,3.67
Ariana,Land,112590.0,1.0,78.7,3.67
Ariana,House,460000.0,280.0,78.7,3.67
Ariana,House,220000.0,267.0,78.7,3.67
Ariana,House,1200000.0,777.0,78.7,3.67
Ariana,Apartment,312000.0,125.0,78.7,3.67
Ariana,Apartment,250000.0,100.0,78.7,3.67
Ariana,Land,382500.0,1.0,78.7,3.67
Ariana,House,310000.0,350.0,78.7,3.67
Ariana,House,260000.0,202.0,78.7,3.67
Ariana,Unknown,35000.0,29.0,78.7,3.67
Ariana,Unknown,16700.0,1000.0,78.7,3.67
Ariana,Apartment,356000.0,133.0,78.7,3.67
Ariana,Apartment,260000.0,81.0,78.7,3.67
Ariana,Apartment,185000.0,112.0,78.7,3.67
Ariana,Apartment,68000.0,50.0,78.7,3.67
Ariana,Apartment,950000.0,250.0,78.7,3.67
Ariana,Apartment,380000.0,186.0,78.7,3.67
Ariana,House,230000.0,400.0,78.7,3.67
Ariana,House,900000.0,530.0,78.7,3.67
Ariana,House,700000.0,900.0,78.7,3.67
Ariana,Land,316000.0,1.0,78.7,3.67
Ariana,House,95000.0,157.0,78.7,3.67
Ariana,House,135000.0,190.0,78.7,3.67
Ariana,House,830000.0,320.0,78.7,3.67
Ariana,Apartment,229400.0,124.0,78.7,3.67
Ariana,Unknown,30000.0,30.0,78.7,3.67
Ariana,Unknown,83000.0,45.0,78.7,3.67
Ariana,Apartment,360000.0,128.0,78.7,3.67
Ariana,Land,52500.0,1.0,78.7,3.67
Ariana,Apartment,430000.0,144.0,78.7,3.67
Ariana,Unknown,150000.0,300.0,78.7,3.67
Ariana,House,520000.0,250.0,78.7,3.67
Ariana,Apartment,290000.0,140.0,78.7,3.67
Ariana,House,1111000.0,90.0,78.7,3.67
Ariana,House,690000.0,320.0,78.7,3.67
Ariana,House,280000.0,400.0,78.7,3.67
Ariana,Unknown,780000.0,200.0,78.7,3.67
Ariana,Unknown,1300000.0,931.0,78.7,3.67
Ariana,House,900000.0,436.0,78.7,3.67
Ariana,House,1300000.0,550.0,78.7,3.67
Ariana,House,980000.0,300.0,78.7,3.67
Ariana,Apartment,310000.0,116.0,78.7,3.67
Ariana,House,770000.0,380.0,78.7,3.67
Ariana,House,1300000.0,900.0,78.7,3.67
Ariana,Land,995000.0,1.0,78.7,3.67
Ariana,House,290000.0,165.0,78.7,3.67
Ariana,Apartment,530000.0,222.0,78.7,3.67
Ariana,Apartment,415000.0,170.0,78.7,3.67
Ariana,Apartment,530000.0,200.0,78.7,3.67
Ariana,Apartment,205000.0,105.0,78.7,3.67
Ariana,Apartment,280000.0,138.0,78.7,3.67
Ariana,Unknown,28000.0,40.0,78.7,3.67
Ariana,Apartment,375000.0,170.0,78.7,3.67
Ariana,Apartment,240000.0,106.0,78.7,3.67
Ariana,House,125000.0,130.0,78.7,3.67
Ariana,Land,152000.0,1.0,78.7,3.67
Ariana,Apartment,95000.0,31.0,78.7,3.67
Ariana,House,600000.0,718.0,78.7,3.67
Ariana,Apartment,130000.0,94.0,78.7,3.67
Ariana,Land,716800.0,1.0,78.7,3.67
Ariana,Apartment,215000.0,105.0,78.7,3.67
Ariana,Land,179900.0,1.0,78.7,3.67
Ariana,Apartment,107000.0,100.0,78.7,3.67
Ariana,Land,37620.0,1.0,78.7,3.67
Ariana,House,58000.0,100.0,78.7,3.67
Ariana,Apartment,230000.0,153.0,78.7,3.67
Ariana,Apartment,360000.0,157.0,78.7,3.67
Ariana,House,1890000.0,600.0,78.7,3.67
Ariana,Apartment,485000.0,200.0,78.7,3.67
Ariana,Apartment,395000.0,150.0,78.7,3.67
Ariana,Apartment,350000.0,205.0,78.7,3.67
Ariana,Apartment,175000.0,63.0,78.7,3.67
Ariana,Apartment,360000.0,169.0,78.7,3.67
Ariana,House,570000.0,300.0,78.7,3.67
Ariana,Apartment,245000.0,130.0,78.7,3.67
Ariana,Apartment,335000.0,135.0,78.7,3.67
Ariana,Apartment,110000.0,109.0,78.7,3.67
Ariana,Land,355200.0,1.0,78.7,3.67
Ariana,House,380000.0,426.0,78.7,3.67
Ariana,Apartment,260000.0,140.0,78.7,3.67
Ariana,Land,187000.0,1.0,78.7,3.67
Ariana,Land,93100.0,1.0,78.7,3.67
Ariana,Apartment,155000.0,78.0,78.7,3.67
Ariana,Apartment,405000.0,170.0,78.7,3.67
Ariana,House,1550000.0,1000.0,78.7,3.67
Ariana,Apartment,360000.0,140.0,78.7,3.67
Ariana,House,210000.0,300.0,78.7,3.67
Ariana,Apartment,98000.0,75.0,78.7,3.67
Ariana,House,950000.0,500.0,78.7,3.67
Ariana,Unknown,1100000.0,750.0,78.7,3.67
Ariana,House,600000.0,750.0,78.7,3.67
Ariana,House,380000.0,170.0,78.7,3.67
Ariana,Apartment,320000.0,130.0,78.7,3.67
Ariana,House,1800000.0,1000.0,78.7,3.67
Ariana,Apartment,350000.0,153.0,78.7,3.67
Ariana,Unknown,37000.0,450.0,78.7,3.67
Ariana,House,300000.0,335.0,78.7,3.67
Ariana,Land,94000.0,1.0,78.7,3.67
Ariana,Apartment,145000.0,55.0,78.7,3.67
Ariana,House,220000.0,151.0,78.7,3.67
Ariana,House,550000.0,206.0,78.7,3.67
Ariana,House,460000.0,340.0,78.7,3.67
Ariana,Land,2295000.0,1.0,78.7,3.67
Ariana,House,70000.0,200.0,78.7,3.67
Ariana,Apartment,328000.0,121.0,78.7,3.67
Ariana,Apartment,161000.0,64.0,78.7,3.67
Ariana,Land,457650.0,1.0,78.7,3.67
Ariana,House,900000.0,311.0,78.7,3.67
Ariana,House,800000.0,327.0,78.7,3.67
Ariana,Unknown,180000.0,117.0,78.7,3.67
Ariana,Apartment,328000.0,135.0,78.7,3.67
Ariana,Apartment,350000.0,146.0,78.7,3.67
Ariana,Apartment,370000.0,131.0,78.7,3.67
Ariana,Unknown,30000.0,25.0,78.7,3.67
Ariana,Apartment,1100000.0,75.0,78.7,3.67
Ariana,Apartment,420000.0,180.0,78.7,3.67
Ariana,Apartment,245000.0,139.0,78.7,3.67
Ariana,Apartment,240000.0,128.0,78.7,3.67
Ariana,Apartment,178000.0,67.0,78.7,3.67
Ariana,Apartment,370000.0,167.0,78.7,3.67
Ariana,Apartment,200000.0,98.0,78.7,3.67
Ariana,Apartment,180000.0,140.0,78.7,3.67
Ariana,Apartment,529000.0,191.0,78.7,3.67
Ariana,Apartment,369510.0,178.0,78.7,3.67
Ariana,Apartment,255000.0,115.0,78.7,3.67
Ariana,House,250000.0,450.0,78.7,3.67
Ariana,Land,262000.0,1.0,78.7,3.67
Ariana,Apartment,260000.0,112.0,78.7,3.67
Ariana,Land,295000.0,1.0,78.7,3.67
Ariana,Apartment,360000.0,163.0,78.7,3.67
Ariana,House,520000.0,460.0,78.7,3.67
Ariana,Apartment,158000.0,105.0,78.7,3.67
Ariana,House,600000.0,250.0,78.7,3.67
Ariana,Apartment,1300000.0,307.0,78.7,3.67
Ariana,House,200000.0,170.0,78.7,3.67
Ariana,Land,293040.0,1.0,78.7,3.67
Ariana,Land,546550.0,1.0,78.7,3.67
Ariana,Land,927750.0,1.0,78.7,3.67
Ariana,Land,570980.0,1.0,78.7,3.67
Ariana,House,320000.0,600.0,78.7,3.67
Ariana,House,400000.0,100.0,78.7,3.67
Ariana,Unknown,1200000.0,250.0,78.7,3.67
Ariana,House,1027188.0,395.0,78.7,3.67
Ariana,House,300000.0,139.0,78.7,3.67
Ariana,Unknown,238000.0,72.0,78.7,3.67
Ariana,Apartment,237000.0,128.0,78.7,3.67
Ariana,House,1350000.0,520.0,78.7,3.67
Ariana,Land,953000.0,1.0,78.7,3.67
Ariana,House,470000.0,370.0,78.7,3.67
Ariana,Land,290250.0,1.0,78.7,3.67
Ariana,Apartment,220000.0,107.0,78.7,3.67
Ariana,House,800000.0,250.0,78.7,3.67
Ariana,Apartment,300000.0,132.0,78.7,3.67
Ariana,House,985000.0,320.0,78.7,3.67
Ariana,House,480000.0,300.0,78.7,3.67
Ariana,Apartment,340000.0,158.0,78.7,3.67
Ariana,Apartment,500000.0,174.0,78.7,3.67
Ariana,Unknown,120000.0,398.0,78.7,3.67
Ariana,Apartment,300000.0,120.0,78.7,3.67
Ariana,Apartment,268000.0,122.0,78.7,3.67
Ariana,House,580000.0,277.0,78.7,3.67
Ariana,Apartment,370000.0,168.0,78.7,3.67
Ariana,House,140000.0,162.0,78.7,3.67
Ariana,Unknown,190000.0,200.0,78.7,3.67
Ariana,House,175000.0,300.0,78.7,3.67
Ariana,House,115000.0,103.0,78.7,3.67
Ariana,Apartment,179000.0,67.0,78.7,3.67
Ariana,Apartment,335000.0,156.0,78.7,3.67
Ariana,Apartment,410000.0,199.0,78.7,3.67
Ariana,House,28000.0,150.0,78.7,3.67
Ariana,House,1450000.0,280.0,78.7,3.67
Ariana,Apartment,115000.0,76.0,78.7,3.67
Ariana,Apartment,760000.0,188.0,78.7,3.67
Ariana,Apartment,123000.0,70.0,78.7,3.67
Ariana,House,1100000.0,600.0,78.7,3.67
Ariana,Land,77500.0,1.0,78.7,3.67
Ariana,Apartment,125000.0,55.0,78.7,3.67
Ariana,Apartment,270000.0,147.0,78.7,3.67
Ariana,House,980000.0,570.0,78.7,3.67
Ariana,Apartment,465000.0,186.0,78.7,3.67
Ariana,House,380000.0,257.0,78.7,3.67
Ariana,House,690000.0,400.0,78.7,3.67
Ariana,Unknown,390000.0,120.0,78.7,3.67
Ariana,Apartment,445000.0,177.0,78.7,3.67
Ariana,Apartment,158000.0,56.0,78.7,3.67
Ariana,Unknown,1400000.0,800.0,78.7,3.67
Ariana,Apartment,340000.0,138.0,78.7,3.67
Ariana,House,490000.0,350.0,78.7,3.67
Ariana,Apartment,200000.0,500.0,78.7,3.67
Ariana,Unknown,625000.0,250.0,78.7,3.67
Ariana,Apartment,190000.0,92.0,78.7,3.67
Ariana,Unknown,20000.0,1000.0,78.7,3.67
Ariana,Apartment,300000.0,175.0,78.7,3.67
Ariana,House,390000.0,216.0,78.7,3.67
Ariana,Land,144999.0,1.0,78.7,3.67
Ariana,House,1250000.0,490.0,78.7,3.67
Ariana,Apartment,350000.0,147.0,78.7,3.67
Ariana,House,425000.0,456.0,78.7,3.67
Ariana,Land,1150600.0,1.0,78.7,3.67
Ariana,Apartment,255000.0,126.0,78.7,3.67
Ariana,Apartment,165000.0,116.0,78.7,3.67
Ariana,House,760000.0,496.0,78.7,3.67
Ariana,Apartment,330000.0,126.0,78.7,3.67
Ariana,House,135000.0,225.0,78.7,3.67
Ariana,House,60000.0,200.0,78.7,3.67
Ariana,House,140000.0,125.0,78.7,3.67
Ariana,Unknown,390000.0,200.0,78.7,3.67
Ariana,Apartment,180000.0,65.0,78.7,3.67
Ariana,Apartment,205000.0,104.0,78.7,3.67
Ariana,House,840000.0,480.0,78.7,3.67
Ariana,Apartment,154000.0,111.0,78.7,3.67
Ariana,Apartment,181000.0,131.0,78.7,3.67
Ariana,House,320000.0,250.0,78.7,3.67
Ariana,Apartment,340000.0,190.0,78.7,3.67
Ariana,Land,605000.0,1.0,78.7,3.67
Ariana,Apartment,356994.0,162.0,78.7,3.67
Ariana,House,480000.0,210.0,78.7,3.67
Ariana,Apartment,230000.0,82.0,78.7,3.67
Ariana,Unknown,69000.0,98.0,78.7,3.67
Ariana,Apartment,420000.0,148.0,78.7,3.67
Ariana,Apartment,190000.0,112.0,78.7,3.67
Ariana,House,1250000.0,700.0,78.7,3.67
Ariana,House,160000.0,123.0,78.7,3.67
Ariana,Apartment,200000.0,99.0,78.7,3.67
Ariana,House,350000.0,411.0,78.7,3.67
Ariana,Apartment,390000.0,500.0,78.7,3.67
Ariana,House,1800000.0,580.0,78.7,3.67
Ariana,Apartment,143000.0,110.0,78.7,3.67
Ariana,House,440000.0,227.0,78.7,3.67
Ariana,Apartment,235000.0,140.0,78.7,3.67
Ariana,House,650000.0,375.0,78.7,3.67
Ariana,House,380000.0,240.0,78.7,3.67
Ariana,House,80000.0,138.0,78.7,3.67
Ariana,House,230000.0,250.0,78.7,3.67
Ariana,House,375000.0,500.0,78.7,3.67
Ariana,House,420000.0,1000.0,78.7,3.67
Ariana,Land,39780.0,1.0,78.7,3.67
Ariana,Unknown,200000.0,30.0,78.7,3.67
Ariana,House,160000.0,119.0,78.7,3.67
Ariana,House,450000.0,460.0,78.7,3.67
Ariana,Land,295750.0,1.0,78.7,3.67
Ariana,Apartment,300000.0,135.0,78.7,3.67
Ariana,Apartment,200000.0,124.0,78.7,3.67
Ariana,House,750000.0,180.0,78.7,3.67
Ariana,House,1200000.0,800.0,78.7,3.67
Ariana,Unknown,35000.0,45.0,78.7,3.67
Ariana,Apartment,360000.0,129.0,78.7,3.67
Ariana,Apartment,205000.0,88.0,78.7,3.67
Ariana,Land,91000.0,1.0,78.7,3.67
Ariana,House,135000.0,130.0,78.7,3.67
Ariana,Apartment,240000.0,120.0,78.7,3.67
Ariana,House,155000.0,228.0,78.7,3.67
Ariana,Unknown,35000.0,320.0,78.7,3.67
Ariana,Apartment,335000.0,151.0,78.7,3.67
Ariana,Apartment,185000.0,122.0,78.7,3.67
Ariana,Land,594000.0,1.0,78.7,3.67
Ariana,House,870000.0,500.0,78.7,3.67
Ariana,Apartment,185000.0,121.0,78.7,3.67
Ariana,Unknown,32000.0,20.0,78.7,3.67
Ariana,Apartment,300000.0,111.0,78.7,3.67
Ariana,House,1650000.0,1000.0,78.7,3.67
Ariana,Apartment,390000.0,150.0,78.7,3.67
Ariana,House,680000.0,360.0,78.7,3.67
Ariana,House,630000.0,300.0,78.7,3.67
Ariana,Unknown,720000.0,160.0,78.7,3.67
Ariana,Unknown,23000.0,45.0,78.7,3.67
Ariana,Land,199200.0,1.0,78.7,3.67
Ariana,Apartment,511536.0,174.0,78.7,3.67
Ariana,House,550000.0,688.0,78.7,3.67
Ariana,Apartment,345000.0,158.0,78.7,3.67
Ariana,Apartment,259000.0,125.0,78.7,3.67
Ariana,Apartment,295000.0,205.0,78.7,3.67
Ariana,Apartment,259000.0,117.0,78.7,3.67
Ariana,House,85000.0,170.0,78.7,3.67
Ariana,Apartment,190000.0,125.0,78.7,3.67
Ariana,Apartment,195000.0,92.0,78.7,3.67
Ariana,House,265000.0,320.0,78.7,3.67
Ariana,Apartment,565000.0,201.0,78.7,3.67
Ariana,House,960000.0,463.0,78.7,3.67
Ariana,Apartment,143000.0,114.0,78.7,3.67
Ariana,House,280000.0,230.0,78.7,3.67
Ariana,Apartment,1600000.0,71.0,78.7,3.67
Ariana,Apartment,416000.0,162.0,78.7,3.67
Ariana,Apartment,1780000.0,68.0,78.7,3.67
Ariana,House,357000.0,234.0,78.7,3.67
Ariana,Land,172000.0,1.0,78.7,3.67
Ariana,Apartment,1900000.0,72.0,78.7,3.67
Ariana,Apartment,109000.0,58.0,78.7,3.67
Ariana,Land,1125000.0,1.0,78.7,3.67
Ariana,Apartment,175000.0,77.0,78.7,3.67
Ariana,Apartment,285000.0,156.0,78.7,3.67
Ariana,Apartment,420000.0,198.0,78.7,3.67
Ariana,Unknown,40000.0,30.0,78.7,3.67
Ariana,House,140000.0,220.0,78.7,3.67
Ariana,Apartment,330000.0,175.0,78.7,3.67
Ariana,Apartment,250000.0,124.0,78.7,3.67
Ariana,Apartment,310000.0,180.0,78.7,3.67
Ariana,Apartment,170000.0,111.0,78.7,3.67
Ariana,House,145000.0,280.0,78.7,3.67
Ariana,Apartment,150000.0,54.0,78.7,3.67
Ariana,Apartment,95000.0,65.0,78.7,3.67
Ariana,House,225000.0,130.0,78.7,3.67
Ariana,House,120000.0,103.0,78.7,3.67
Ariana,House,550000.0,500.0,78.7,3.67
Ariana,House,125000.0,120.0,78.7,3.67
Ariana,Unknown,160000.0,53.0,78.7,3.67
Ariana,House,450000.0,280.0,78.7,3.67
Ariana,House,290000.0,110.0,78.7,3.67
Ariana,Apartment,355000.0,134.0,78.7,3.67
Ariana,Apartment,220000.0,117.0,78.7,3.67
Ariana,Apartment,358000.0,138.0,78.7,3.67
Ariana,Apartment,320000.0,154.0,78.7,3.67
Ariana,Apartment,550000.0,150.0,78.7,3.67
Ariana,Apartment,375000.0,150.0,78.7,3.67
Ariana,House,500000.0,220.0,78.7,3.67
Ariana,Land,467000.0,1.0,78.7,3.67
Ariana,House,950000.0,520.0,78.7,3.67
Ariana,Apartment,150000.0,48.0,78.7,3.67
Ariana,Apartment,340000.0,156.0,78.7,3.67
Ariana,Apartment,81000.0,72.0,78.7,3.67
Ariana,House,380000.0,420.0,78.7,3.67
Ariana,Unknown,100000.0,44.0,78.7,3.67
Ariana,Apartment,180000.0,143.0,78.7,3.67
Ariana,House,87000.0,175.0,78.7,3.67
Ariana,Apartment,175000.0,109.0,78.7,3.67
Ariana,House,1200000.0,630.0,78.7,3.67
Ariana,Apartment,260000.0,147.0,78.7,3.67
Ariana,Apartment,255000.0,127.0,78.7,3.67
Ariana,House,1300000.0,530.0,78.7,3.67
Ariana,Apartment,284000.0,124.0,78.7,3.67
Ariana,House,360000.0,500.0,78.7,3.67
Ariana,House,240000.0,177.0,78.7,3.67
Ariana,House,135000.0,170.0,78.7,3.67
Ariana,House,880000.0,580.0,78.7,3.67
Ariana,House,1200000.0,600.0,78.7,3.67
Ariana,House,210000.0,187.0,78.7,3.67
Ariana,House,235000.0,120.0,78.7,3.67
Ariana,House,1100000.0,650.0,78.7,3.67
Ariana,House,990000.0,600.0,78.7,3.67
Ariana,Apartment,257750.0,147.0,78.7,3.67
Ariana,Apartment,190000.0,106.0,78.7,3.67
Ariana,Apartment,145000.0,94.0,78.7,3.67
Ariana,House,630000.0,350.0,78.7,3.67
Ariana,Apartment,340000.0,160.0,78.7,3.67
Ariana,House,750000.0,380.0,78.7,3.67
Ariana,House,620000.0,264.0,78.7,3.67
Ariana,House,410000.0,250.0,78.7,3.67
Ariana,Apartment,1900000.0,88.0,78.7,3.67
Ariana,House,400000.0,500.0,78.7,3.67
Ariana,Apartment,345000.0,135.0,78.7,3.67
Ariana,House,65000.0,195.0,78.7,3.67
Ariana,House,800000.0,1000.0,78.7,3.67
Ariana,House,68000.0,150.0,78.7,3.67
Ariana,House,88000.0,244.0,78.7,3.67
Ariana,House,630000.0,400.0,78.7,3.67
Ariana,Apartment,235000.0,116.0,78.7,3.67
Ariana,Apartment,185000.0,108.0,78.7,3.67
Ariana,Apartment,150000.0,103.0,78.7,3.67
Ariana,House,105000.0,300.0,78.7,3.67
Ariana,Apartment,288000.0,145.0,78.7,3.67
Ariana,House,250000.0,202.0,78.7,3.67
Ariana,Unknown,85000.0,25.0,78.7,3.67
Ariana,Apartment,199000.0,105.0,78.7,3.67
Ariana,House,210000.0,225.0,78.7,3.67
Ariana,Apartment,650000.0,150.0,78.7,3.67
Ariana,Apartment,205000.0,70.0,78.7,3.67
Ariana,Apartment,124000.0,40.0,78.7,3.67
Ariana,House,75000.0,98.0,78.7,3.67
Ariana,House,200000.0,305.0,78.7,3.67
Ariana,Land,67500.0,1.0,78.7,3.67
Ariana,Apartment,235000.0,112.0,78.7,3.67
Ariana,House,115000.0,170.0,78.7,3.67
Ariana,Land,625000.0,1.0,78.7,3.67
Ariana,Apartment,320000.0,146.0,78.7,3.67
Ariana,Apartment,185000.0,91.0,78.7,3.67
Ariana,Apartment,265000.0,122.0,78.7,3.67
Ariana,Apartment,100000.0,60.0,78.7,3.67
Ariana,Apartment,245000.0,129.0,78.7,3.67
Ariana,Apartment,330000.0,120.0,78.7,3.67
Ariana,House,1150000.0,650.0,78.7,3.67
Ariana,House,1200000.0,658.0,78.7,3.67
Ariana,House,750000.0,432.0,78.7,3.67
Béja,Apartment,110000.0,51.0,66.9,2.09
Béja,Land,1675000.0,1.0,66.9,2.09
Béja,House,220000.0,127.0,66.9,2.09
Béja,House,80000.0,200.0,66.9,2.09
Béja,House,800000.0,401.0,66.9,2.09
Béja,House,160000.0,122.0,66.9,2.09
Béja,Land,910000.0,1.0,66.9,2.09
Béja,Land,3120000.0,1.0,66.9,2.09
Béja,House,50000.0,80.0,66.9,2.09
Béja,House,500000.0,480.0,66.9,2.09
Béja,House,260000.0,398.0,66.9,2.09
Béja,House,150000.0,520.0,66.9,2.09
Ben Arous,Apartment,1900000.0,127.0,78.9,3.73
Ben Arous,Apartment,121000.0,117.0,78.9,3.73
Ben Arous,Unknown,18000.0,32.0,78.9,3.73
Ben Arous,House,775000.0,380.0,78.9,3.73
Ben Arous,House,50000.0,109.0,78.9,3.73
Ben Arous,House,325000.0,279.0,78.9,3.73
Ben Arous,Unknown,140000.0,39.0,78.9,3.73
Ben Arous,House,230000.0,180.0,78.9,3.73
Ben Arous,Apartment,135000.0,93.0,78.9,3.73
Ben Arous,Land,1276000.0,1.0,78.9,3.73
Ben Arous,House,770000.0,500.0,78.9,3.73
Ben Arous,Apartment,100000.0,103.0,78.9,3.73
Ben Arous,Apartment,120000.0,97.0,78.9,3.73
Ben Arous,House,125000.0,150.0,78.9,3.73
Ben Arous,Apartment,153000.0,110.0,78.9,3.73
Ben Arous,Apartment,385000.0,210.0,78.9,3.73
Ben Arous,Land,453000.0,1.0,78.9,3.73
Ben Arous,Land,211000.0,1.0,78.9,3.73
Ben Arous,Land,264000.0,1.0,78.9,3.73
Ben Arous,Apartment,85000.0,64.0,78.9,3.73
Ben Arous,Land,16500.0,1.0,78.9,3.73
Ben Arous,House,150000.0,350.0,78.9,3.73
Ben Arous,Apartment,95000.0,85.0,78.9,3.73
Ben Arous,Apartment,170000.0,106.0,78.9,3.73
Ben Arous,House,330000.0,150.0,78.9,3.73
Ben Arous,Unknown,75000.0,210.0,78.9,3.73
Ben Arous,Unknown,85000.0,150.0,78.9,3.73
Ben Arous,House,138000.0,90.0,78.9,3.73
Ben Arous,House,138000.0,110.0,78.9,3.73
Ben Arous,House,345000.0,226.0,78.9,3.73
Ben Arous,Apartment,180000.0,102.0,78.9,3.73
Ben Arous,Apartment,115000.0,85.0,78.9,3.73
Ben Arous,Apartment,75000.0,65.0,78.9,3.73
Ben Arous,Apartment,200000.0,153.0,78.9,3.73
Ben Arous,House,790000.0,520.0,78.9,3.73
Ben Arous,Unknown,125000.0,52.0,78.9,3.73
Ben Arous,Apartment,188000.0,96.0,78.9,3.73
Ben Arous,Apartment,220000.0,159.0,78.9,3.73
Ben Arous,Apartment,65000.0,75.0,78.9,3.73
Ben Arous,House,350000.0,1000.0,78.9,3.73
Ben Arous,Apartment,350000.0,160.0,78.9,3.73
Ben Arous,Apartment,120000.0,76.0,78.9,3.73
Ben Arous,Land,3886000.0,1.0,78.9,3.73
Ben Arous,House,260000.0,267.0,78.9,3.73
Ben Arous,Unknown,75000.0,50.0,78.9,3.73
Ben Arous,Apartment,170000.0,140.0,78.9,3.73
Ben Arous,House,40000.0,120.0,78.9,3.73
Ben Arous,Land,276000.0,1.0,78.9,3.73
Ben Arous,Apartment,142500.0,80.0,78.9,3.73
Ben Arous,Apartment,140000.0,94.0,78.9,3.73
Ben Arous,Apartment,123000.0,110.0,78.9,3.73
Ben Arous,Apartment,250000.0,138.0,78.9,3.73
Ben Arous,House,170000.0,180.0,78.9,3.73
Ben Arous,Apartment,350000.0,105.0,78.9,3.73
Ben Arous,Apartment,180000.0,144.0,78.9,3.73
Ben Arous,Unknown,20000.0,60.0,78.9,3.73
Ben Arous,Apartment,192000.0,129.0,78.9,3.73
Ben Arous,Unknown,83000.0,47.0,78.9,3.73
Ben Arous,Land,96000.0,1.0,78.9,3.73
Ben Arous,House,395000.0,370.0,78.9,3.73
Ben Arous,Apartment,165000.0,140.0,78.9,3.73
Ben Arous,House,298000.0,110.0,78.9,3.73
Ben Arous,Apartment,165000.0,150.0,78.9,3.73
Ben Arous,Apartment,197300.0,127.0,78.9,3.73
Ben Arous,Apartment,134500.0,80.0,78.9,3.73
Ben Arous,Apartment,135000.0,90.0,78.9,3.73
Ben Arous,House,430000.0,200.0,78.9,3.73
Ben Arous,House,340000.0,200.0,78.9,3.73
Ben Arous,Land,166500.0,1.0,78.9,3.73
Ben Arous,House,380000.0,399.0,78.9,3.73
Ben Arous,Apartment,215000.0,140.0,78.9,3.73
Ben Arous,Apartment,150000.0,72.0,78.9,3.73
Ben Arous,Apartment,170000.0,136.0,78.9,3.73
Ben Arous,Apartment,125000.0,98.0,78.9,3.73
Ben Arous,Apartment,137000.0,115.0,78.9,3.73
Ben Arous,Apartment,129000.0,73.0,78.9,3.73
Ben Arous,House,299000.0,390.0,78.9,3.73
Ben Arous,Apartment,190000.0,105.0,78.9,3.73
Ben Arous,House,365000.0,306.0,78.9,3.73
Ben Arous,Apartment,359000.0,150.0,78.9,3.73
Ben Arous,Apartment,228000.0,122.0,78.9,3.73
Ben Arous,Unknown,35000.0,80.0,78.9,3.73
Ben Arous,Unknown,205200.0,72.0,78.9,3.73
Ben Arous,Apartment,195000.0,136.0,78.9,3.73
Ben Arous,House,380000.0,196.0,78.9,3.73
Ben Arous,Apartment,265000.0,157.0,78.9,3.73
Ben Arous,Apartment,420000.0,147.0,78.9,3.73
Ben Arous,House,800000.0,300.0,78.9,3.73
Ben Arous,House,1050000.0,549.0,78.9,3.73
Ben Arous,Apartment,249000.0,178.0,78.9,3.73
Ben Arous,House,280000.0,187.0,78.9,3.73
Ben Arous,Unknown,85000.0,53.0,78.9,3.73
Ben Arous,Apartment,105000.0,85.0,78.9,3.73
Ben Arous,House,160000.0,165.0,78.9,3.73
Ben Arous,House,800000.0,709.0,78.9,3.73
Ben Arous,House,240000.0,191.0,78.9,3.73
Ben Arous,House,190000.0,130.0,78.9,3.73
Ben Arous,House,300000.0,180.0,78.9,3.73
Ben Arous,Apartment,195000.0,90.0,78.9,3.73
Ben Arous,House,280000.0,165.0,78.9,3.73
Ben Arous,Apartment,24000.0,24.0,78.9,3.73
Ben Arous,Apartment,290000.0,70.0,78.9,3.73
Ben Arous,Apartment,125000.0,90.0,78.9,3.73
Ben Arous,House,220000.0,230.0,78.9,3.73
Ben Arous,Unknown,530000.0,130.0,78.9,3.73
Ben Arous,House,120000.0,145.0,78.9,3.73
Ben Arous,Unknown,18000.0,80.0,78.9,3.73
Ben Arous,House,720000.0,718.0,78.9,3.73
Ben Arous,Apartment,1400000.0,175.0,78.9,3.73
Ben Arous,Land,485000.0,1.0,78.9,3.73
Ben Arous,Apartment,107000.0,80.0,78.9,3.73
Ben Arous,Apartment,2900000.0,214.0,78.9,3.73
Ben Arous,Apartment,145000.0,90.0,78.9,3.73
Ben Arous,Apartment,2600000.0,175.0,78.9,3.73
Ben Arous,House,160000.0,182.0,78.9,3.73
Ben Arous,Apartment,1650000.0,170.0,78.9,3.73
Ben Arous,House,600000.0,484.0,78.9,3.73
Ben Arous,Apartment,150000.0,98.0,78.9,3.73
Ben Arous,Apartment,125000.0,75.0,78.9,3.73
Ben Arous,House,320000.0,278.0,78.9,3.73
Ben Arous,House,220000.0,199.0,78.9,3.73
Ben Arous,Land,137000.0,1.0,78.9,3.73
Ben Arous,Land,219000.0,1.0,78.9,3.73
Ben Arous,Apartment,140000.0,90.0,78.9,3.73
Ben Arous,House,250000.0,860.0,78.9,3.73
Ben Arous,House,130000.0,91.0,78.9,3.73
Ben Arous,Apartment,168000.0,140.0,78.9,3.73
Ben Arous,House,380000.0,280.0,78.9,3.73
Ben Arous,House,370000.0,150.0,78.9,3.73
Ben Arous,Unknown,70000.0,72.0,78.9,3.73
Ben Arous,Apartment,850000.0,100.0,78.9,3.73
Ben Arous,Unknown,3200000.0,88.0,78.9,3.73
Ben Arous,Unknown,2700000.0,117.0,78.9,3.73
Ben Arous,Unknown,1890000.0,106.0,78.9,3.73
Ben Arous,Land,1550000.0,1.0,78.9,3.73
Ben Arous,Apartment,165000.0,85.0,78.9,3.73
Ben Arous,Land,3600000.0,1.0,78.9,3.73
Ben Arous,House,75000.0,90.0,78.9,3.73
Ben Arous,House,480000.0,215.0,78.9,3.73
Ben Arous,Land,23500.0,1.0,78.9,3.73
Ben Arous,House,150000.0,250.0,78.9,3.73
Ben Arous,House,750000.0,480.0,78.9,3.73
Ben Arous,Apartment,120000.0,105.0,78.9,3.73
Ben Arous,House,215000.0,120.0,78.9,3.73
Ben Arous,Unknown,620000.0,39.0,78.9,3.73
Ben Arous,House,260000.0,156.0,78.9,3.73
Ben Arous,House,330000.0,247.0,78.9,3.73
Ben Arous,Apartment,105000.0,94.0,78.9,3.73
Ben Arous,Apartment,169000.0,113.0,78.9,3.73
Ben Arous,Apartment,98000.0,120.0,78.9,3.73
Ben Arous,Apartment,99000.0,100.0,78.9,3.73
Ben Arous,House,400000.0,463.0,78.9,3.73
Ben Arous,House,360000.0,371.0,78.9,3.73
Ben Arous,Apartment,129000.0,95.0,78.9,3.73
Ben Arous,House,320000.0,230.0,78.9,3.73
Ben Arous,House,650000.0,457.0,78.9,3.73
Ben Arous,Apartment,169000.0,108.0,78.9,3.73
Ben Arous,House,345000.0,203.0,78.9,3.73
Ben Arous,Land,216480.0,1.0,78.9,3.73
Ben Arous,House,255000.0,459.0,78.9,3.73
Ben Arous,Unknown,990000.0,1000.0,78.9,3.73
Ben Arous,Unknown,1900000.0,1000.0,78.9,3.73
Ben Arous,House,450000.0,317.0,78.9,3.73
Ben Arous,House,635000.0,580.0,78.9,3.73
Ben Arous,Apartment,100000.0,63.0,78.9,3.73
Ben Arous,House,685000.0,390.0,78.9,3.73
Ben Arous,House,550000.0,350.0,78.9,3.73
Ben Arous,House,250000.0,400.0,78.9,3.73
Ben Arous,House,250000.0,600.0,78.9,3.73
Ben Arous,House,550000.0,320.0,78.9,3.73
Ben Arous,House,865000.0,560.0,78.9,3.73
Ben Arous,House,520000.0,518.0,78.9,3.73
Ben Arous,House,850000.0,930.0,78.9,3.73
Ben Arous,Apartment,229000.0,130.0,78.9,3.73
Ben Arous,Land,75100.0,1.0,78.9,3.73
Ben Arous,House,110000.0,75.0,78.9,3.73
Ben Arous,House,210000.0,90.0,78.9,3.73
Ben Arous,Land,200250.0,1.0,78.9,3.73
Ben Arous,House,1300000.0,835.0,78.9,3.73
Ben Arous,Land,185370.0,1.0,78.9,3.73
Ben Arous,Land,125400.0,1.0,78.9,3.73
Ben Arous,Land,179000.0,1.0,78.9,3.73
Ben Arous,Apartment,120000.0,67.0,78.9,3.73
Ben Arous,House,760000.0,409.0,78.9,3.73
Ben Arous,Apartment,27000.0,120.0,78.9,3.73
Ben Arous,House,460000.0,430.0,78.9,3.73
Ben Arous,House,175000.0,115.0,78.9,3.73
Ben Arous,Apartment,249000.0,145.0,78.9,3.73
Ben Arous,Apartment,200000.0,103.0,78.9,3.73
Ben Arous,Land,126500.0,1.0,78.9,3.73
Ben Arous,House,125000.0,117.0,78.9,3.73
Ben Arous,House,100000.0,97.0,78.9,3.73
Ben Arous,Land,216000.0,1.0,78.9,3.73
Ben Arous,House,590000.0,506.0,78.9,3.73
Ben Arous,Land,252000.0,1.0,78.9,3.73
Ben Arous,Land,149000.0,1.0,78.9,3.73
Ben Arous,House,600000.0,470.0,78.9,3.73
Ben Arous,House,820000.0,522.0,78.9,3.73
Ben Arous,House,470000.0,400.0,78.9,3.73
Ben Arous,House,600000.0,441.0,78.9,3.73
Ben Arous,House,420000.0,400.0,78.9,3.73
Ben Arous,Apartment,177000.0,125.0,78.9,3.73
Ben Arous,Land,114600.0,1.0,78.9,3.73
Ben Arous,House,330000.0,166.0,78.9,3.73
Ben Arous,House,340000.0,145.0,78.9,3.73
Ben Arous,Unknown,130000.0,36.0,78.9,3.73
Ben Arous,Apartment,180000.0,128.0,78.9,3.73
Ben Arous,House,950000.0,1000.0,78.9,3.73
Ben Arous,Apartment,197000.0,90.0,78.9,3.73
Ben Arous,House,275000.0,200.0,78.9,3.73
Ben Arous,House,220000.0,160.0,78.9,3.73
Ben Arous,Apartment,135000.0,70.0,78.9,3.73
Ben Arous,Apartment,225000.0,120.0,78.9,3.73
Ben Arous,House,190000.0,182.0,78.9,3.73
Ben Arous,House,50000.0,150.0,78.9,3.73
Ben Arous,House,275000.0,180.0,78.9,3.73
Ben Arous,Apartment,110000.0,95.0,78.9,3.73
Ben Arous,Apartment,395000.0,155.0,78.9,3.73
Ben Arous,Apartment,295000.0,140.0,78.9,3.73
Ben Arous,House,450000.0,346.0,78.9,3.73
Ben Arous,House,155000.0,100.0,78.9,3.73
Ben Arous,Apartment,480000.0,110.0,78.9,3.73
Ben Arous,Apartment,120000.0,68.0,78.9,3.73
Ben Arous,House,295000.0,120.0,78.9,3.73
Ben Arous,Land,675000.0,1.0,78.9,3.73
Ben Arous,House,350000.0,190.0,78.9,3.73
Ben Arous,Apartment,120000.0,92.0,78.9,3.73
Ben Arous,House,280000.0,480.0,78.9,3.73
Ben Arous,Apartment,199000.0,130.0,78.9,3.73
Ben Arous,Apartment,105000.0,92.0,78.9,3.73
Ben Arous,Land,730000.0,1.0,78.9,3.73
Ben Arous,Apartment,110000.0,83.0,78.9,3.73
Ben Arous,House,340000.0,126.0,78.9,3.73
Ben Arous,House,295000.0,500.0,78.9,3.73
Ben Arous,Apartment,210000.0,120.0,78.9,3.73
Ben Arous,Apartment,169000.0,116.0,78.9,3.73
Ben Arous,House,255000.0,102.0,78.9,3.73
Ben Arous,House,300000.0,250.0,78.9,3.73
Ben Arous,Apartment,100000.0,78.0,78.9,3.73
Ben Arous,House,550000.0,420.0,78.9,3.73
Ben Arous,Unknown,1200000.0,1000.0,78.9,3.73
Ben Arous,House,130000.0,162.0,78.9,3.73
Ben Arous,House,330000.0,490.0,78.9,3.73
Ben Arous,Apartment,170000.0,105.0,78.9,3.73
Ben Arous,Unknown,180000.0,600.0,78.9,3.73
Ben Arous,Unknown,90000.0,44.0,78.9,3.73
Ben Arous,Unknown,350000.0,166.0,78.9,3.73
Ben Arous,Apartment,145000.0,115.0,78.9,3.73
Ben Arous,House,430000.0,614.0,78.9,3.73
Ben Arous,House,85000.0,115.0,78.9,3.73
Ben Arous,House,520000.0,600.0,78.9,3.73
Ben Arous,Land,185625.0,1.0,78.9,3.73
Ben Arous,House,850000.0,1000.0,78.9,3.73
Ben Arous,House,235000.0,285.0,78.9,3.73
Ben Arous,House,340000.0,250.0,78.9,3.73
Ben Arous,House,390000.0,233.0,78.9,3.73
Ben Arous,House,550000.0,300.0,78.9,3.73
Ben Arous,House,735000.0,497.0,78.9,3.73
Ben Arous,House,205000.0,275.0,78.9,3.73
Ben Arous,Land,265000.0,1.0,78.9,3.73
Ben Arous,House,145000.0,120.0,78.9,3.73
Ben Arous,House,170000.0,142.0,78.9,3.73
Ben Arous,Apartment,99000.0,90.0,78.9,3.73
Ben Arous,House,310000.0,216.0,78.9,3.73
Ben Arous,House,148000.0,124.0,78.9,3.73
Ben Arous,Apartment,150000.0,99.0,78.9,3.73
Ben Arous,Apartment,187000.0,110.0,78.9,3.73
Ben Arous,Apartment,153000.0,103.0,78.9,3.73
Ben Arous,House,700000.0,210.0,78.9,3.73
Ben Arous,House,450000.0,461.0,78.9,3.73
Ben Arous,House,150000.0,210.0,78.9,3.73
Ben Arous,Land,118000.0,1.0,78.9,3.73
Ben Arous,Apartment,180000.0,72.0,78.9,3.73
Ben Arous,Unknown,28000.0,20.0,78.9,3.73
Ben Arous,Apartment,108000.0,87.0,78.9,3.73
Ben Arous,Unknown,1234000.0,30.0,78.9,3.73
Ben Arous,House,370000.0,176.0,78.9,3.73
Ben Arous,Apartment,110000.0,70.0,78.9,3.73
Ben Arous,Apartment,160000.0,116.0,78.9,3.73
Ben Arous,Apartment,148000.0,108.0,78.9,3.73
Ben Arous,Apartment,145000.0,135.0,78.9,3.73
Ben Arous,House,430000.0,100.0,78.9,3.73
Ben Arous,House,240000.0,300.0,78.9,3.73
Ben Arous,Apartment,201250.0,116.0,78.9,3.73
Ben Arous,Apartment,195000.0,111.0,78.9,3.73
Ben Arous,House,150000.0,96.0,78.9,3.73
Ben Arous,House,380000.0,402.0,78.9,3.73
Ben Arous,Apartment,245000.0,157.0,78.9,3.73
Ben Arous,Apartment,214000.0,115.0,78.9,3.73
Ben Arous,Apartment,145000.0,81.0,78.9,3.73
Ben Arous,House,140000.0,104.0,78.9,3.73
Ben Arous,House,820000.0,637.0,78.9,3.73
Ben Arous,House,720000.0,429.0,78.9,3.73
Ben Arous,House,300000.0,280.0,78.9,3.73
Ben Arous,House,150000.0,130.0,78.9,3.73
Ben Arous,Apartment,158000.0,111.0,78.9,3.73
Ben Arous,Apartment,155000.0,105.0,78.9,3.73
Ben Arous,House,390000.0,170.0,78.9,3.73
Ben Arous,Apartment,160000.0,127.0,78.9,3.73
Ben Arous,House,75000.0,89.0,78.9,3.73
Ben Arous,House,55000.0,145.0,78.9,3.73
Bizerte,House,320000.0,180.0,72.7,2.16
Bizerte,Apartment,160000.0,85.0,72.7,2.16
Bizerte,Apartment,270000.0,120.0,72.7,2.16
Bizerte,House,170000.0,166.0,72.7,2.16
Bizerte,House,155000.0,112.0,72.7,2.16
Bizerte,Unknown,130000.0,110.0,72.7,2.16
Bizerte,Unknown,87000.0,30.0,72.7,2.16
Bizerte,Apartment,350000.0,113.0,72.7,2.16
Bizerte,Land,154980.0,1.0,72.7,2.16
Bizerte,Land,42160.0,1.0,72.7,2.16
Bizerte,House,220000.0,500.0,72.7,2.16
Bizerte,House,249000.0,428.0,72.7,2.16
Bizerte,House,120000.0,102.0,72.7,2.16
Bizerte,Land,86000.0,1.0,72.7,2.16
Bizerte,House,470000.0,728.0,72.7,2.16
Bizerte,House,289000.0,452.0,72.7,2.16
Bizerte,House,184000.0,240.0,72.7,2.16
Bizerte,House,230000.0,328.0,72.7,2.16
Bizerte,House,260000.0,230.0,72.7,2.16
Bizerte,Apartment,215000.0,100.0,72.7,2.16
Bizerte,Land,89000.0,1.0,72.7,2.16
Bizerte,Apartment,200000.0,182.0,72.7,2.16
Bizerte,Land,222000.0,1.0,72.7,2.16
Bizerte,House,140000.0,320.0,72.7,2.16
Bizerte,Apartment,235000.0,130.0,72.7,2.16
Bizerte,Apartment,145000.0,125.0,72.7,2.16
Bizerte,Apartment,110000.0,138.0,72.7,2.16
Bizerte,House,650000.0,290.0,72.7,2.16
Bizerte,House,115000.0,175.0,72.7,2.16
Bizerte,Unknown,21000.0,24.0,72.7,2.16
Bizerte,Land,51200.0,1.0,72.7,2.16
Bizerte,House,420000.0,420.0,72.7,2.16
Bizerte,Unknown,850000.0,1000.0,72.7,2.16
Bizerte,House,350000.0,189.0,72.7,2.16
Bizerte,House,260000.0,240.0,72.7,2.16
Bizerte,House,240000.0,400.0,72.7,2.16
Bizerte,House,195000.0,160.0,72.7,2.16
Bizerte,Land,24500.0,1.0,72.7,2.16
Bizerte,Apartment,65000.0,125.0,72.7,2.16
Bizerte,House,415000.0,180.0,72.7,2.16
Bizerte,Land,715000.0,1.0,72.7,2.16
Bizerte,House,250000.0,225.0,72.7,2.16
Bizerte,House,162000.0,110.0,72.7,2.16
Bizerte,House,310000.0,254.0,72.7,2.16
Bizerte,Unknown,650000.0,30.0,72.7,2.16
Bizerte,Land,760000.0,1.0,72.7,2.16
Bizerte,House,520000.0,300.0,72.7,2.16
Bizerte,House,200000.0,205.0,72.7,2.16
Bizerte,House,250000.0,222.0,72.7,2.16
Bizerte,House,170000.0,175.0,72.7,2.16
Bizerte,House,65000.0,200.0,72.7,2.16
Bizerte,Apartment,370000.0,181.0,72.7,2.16
Bizerte,Apartment,95000.0,93.0,72.7,2.16
Bizerte,House,199000.0,220.0,72.7,2.16
Bizerte,House,550000.0,555.0,72.7,2.16
Bizerte,House,148000.0,100.0,72.7,2.16
Bizerte,Land,142100.0,1.0,72.7,2.16
Bizerte,Apartment,91000.0,75.0,72.7,2.16
Bizerte,House,80000.0,140.0,72.7,2.16
Bizerte,Apartment,200000.0,165.0,72.7,2.16
Bizerte,House,220000.0,450.0,72.7,2.16
Bizerte,House,550000.0,400.0,72.7,2.16
Bizerte,House,600000.0,320.0,72.7,2.16
Bizerte,Land,212400.0,1.0,72.7,2.16
Bizerte,Land,2133400.0,1.0,72.7,2.16
Bizerte,House,170000.0,160.0,72.7,2.16
Bizerte,House,600000.0,420.0,72.7,2.16
Bizerte,Apartment,200000.0,118.0,72.7,2.16
Bizerte,Land,660000.0,1.0,72.7,2.16
Bizerte,House,170000.0,172.0,72.7,2.16
Bizerte,House,145000.0,320.0,72.7,2.16
Bizerte,House,230000.0,300.0,72.7,2.16
Bizerte,House,440000.0,170.0,72.7,2.16
Bizerte,Apartment,140000.0,140.0,72.7,2.16
Bizerte,House,520000.0,270.0,72.7,2.16
Bizerte,House,180000.0,186.0,72.7,2.16
Bizerte,Apartment,130000.0,119.0,72.7,2.16
Bizerte,Land,143200.0,1.0,72.7,2.16
Bizerte,House,200000.0,280.0,72.7,2.16
Bizerte,Land,97000.0,1.0,72.7,2.16
Bizerte,House,720000.0,200.0,72.7,2.16
Bizerte,House,550000.0,330.0,72.7,2.16
Bizerte,Apartment,210000.0,100.0,72.7,2.16
Gabès,House,60000.0,130.0,67.0,5.14
Gabès,House,175000.0,259.0,67.0,5.14
Gabès,House,120000.0,220.0,67.0,5.14
Gabès,House,55000.0,120.0,67.0,5.14
Gabès,Land,258970.0,1.0,67.0,5.14
Gabès,House,5000000.0,100.0,67.0,5.14
Gabès,House,350000.0,550.0,67.0,5.14
Gabès,House,150000.0,76.0,67.0,5.14
Gabès,Unknown,17500.0,25.0,67.0,5.14
Gabès,House,430000.0,300.0,67.0,5.14
Gabès,House,550000.0,670.0,67.0,5.14
Gabès,House,170000.0,150.0,67.0,5.14
Gabès,Unknown,22222.0,70.0,67.0,5.14
Gabès,House,200000.0,310.0,67.0,5.14
Gabès,House,82000.0,100.0,67.0,5.14
Gabès,House,195000.0,240.0,67.0,5.14
Gabès,House,45000.0,270.0,67.0,5.14
Gabès,House,130000.0,78.0,67.0,5.14
Gabès,Land,153000.0,1.0,67.0,5.14
Gabès,House,260000.0,380.0,67.0,5.14
Gabès,House,125000.0,110.0,67.0,5.14
Gabès,House,970000.0,1000.0,67.0,5.14
Gabès,House,300000.0,220.0,67.0,5.14
Gabès,House,150000.0,122.0,67.0,5.14
Gabès,Unknown,650000.0,600.0,67.0,5.14
Gabès,Apartment,62000.0,60.0,67.0,5.14
Gabès,House,155000.0,497.0,67.0,5.14
Gabès,House,160000.0,101.0,67.0,5.14
Gabès,House,270000.0,420.0,67.0,5.14
Gabès,House,110000.0,200.0,67.0,5.14
Gabès,Apartment,140000.0,96.0,67.0,5.14
Gabès,House,145000.0,105.0,67.0,5.14
Gafsa,House,450000.0,325.0,73.6,4.75
Gafsa,House,18000.0,250.0,73.6,4.75
Gafsa,House,140000.0,230.0,73.6,4.75
Gafsa,Land,2600000.0,1.0,73.6,4.75
Gafsa,House,220000.0,256.0,73.6,4.75
Gafsa,Apartment,108000.0,100.0,73.6,4.75
Gafsa,House,155000.0,220.0,73.6,4.75
Gafsa,Apartment,111000.0,140.0,73.6,4.75
Gafsa,House,150000.0,204.0,73.6,4.75
Gafsa,House,53000.0,140.0,73.6,4.75
Gafsa,House,49000.0,130.0,73.6,4.75
Gafsa,House,46000.0,220.0,73.6,4.75
Gafsa,House,35000.0,500.0,73.6,4.75
Jendouba,House,120000.0,267.0,63.6,2.81
Jendouba,House,70000.0,174.0,63.6,2.81
Jendouba,House,150000.0,110.0,63.6,2.81
Jendouba,House,50000.0,160.0,63.6,2.81
Jendouba,House,90000.0,160.0,63.6,2.81
Jendouba,House,155000.0,160.0,63.6,2.81
Jendouba,Apartment,60000.0,56.0,63.6,2.81
Jendouba,House,260000.0,270.0,63.6,2.81
Jendouba,House,270000.0,140.0,63.6,2.81
Jendouba,House,764000.0,332.0,63.6,2.81
Jendouba,Unknown,420000.0,98.0,63.6,2.81
Jendouba,House,240000.0,900.0,63.6,2.81
Jendouba,House,415000.0,320.0,63.6,2.81
Jendouba,House,99000.0,146.0,63.6,2.81
Jendouba,House,75000.0,270.0,63.6,2.81
Jendouba,House,65000.0,450.0,63.6,2.81
Kairouan,House,70000.0,216.0,77.0,4.25
Kairouan,Land,47500.0,1.0,77.0,4.25
Kairouan,House,390000.0,300.0,77.0,4.25
Kairouan,House,680000.0,500.0,77.0,4.25
Kairouan,House,475000.0,567.0,77.0,4.25
Kairouan,House,398000.0,420.0,77.0,4.25
Kairouan,House,65000.0,150.0,77.0,4.25
Kairouan,Unknown,1500000.0,100.0,77.0,4.25
Kairouan,House,320000.0,315.0,77.0,4.25
Kairouan,Unknown,1500000.0,80.0,77.0,4.25
Kairouan,House,450000.0,420.0,77.0,4.25
Kairouan,Land,84300.0,1.0,77.0,4.25
Kairouan,House,250000.0,255.0,77.0,4.25
Kairouan,House,330000.0,330.0,77.0,4.25
Kairouan,House,420000.0,520.0,77.0,4.25
Kairouan,House,250000.0,175.0,77.0,4.25
Kairouan,House,215000.0,250.0,77.0,4.25
Kairouan,House,300000.0,260.0,77.0,4.25
Kairouan,Apartment,47000.0,90.0,77.0,4.25
Kairouan,Land,63300.0,1.0,77.0,4.25
Kairouan,House,120000.0,205.0,77.0,4.25
Kasserine,House,220000.0,320.0,70.1,3.58
Kasserine,House,155000.0,387.0,70.1,3.58
Kasserine,House,198000.0,250.0,70.1,3.58
Kasserine,House,120000.0,319.0,70.1,3.58
Kasserine,House,140000.0,200.0,70.1,3.58
Kasserine,House,75000.0,250.0,70.1,3.58
Kasserine,Land,1540000.0,1.0,70.1,3.58
Kasserine,Land,680000.0,1.0,70.1,3.58
Kasserine,House,220000.0,600.0,70.1,3.58
Kasserine,House,70000.0,530.0,70.1,3.58
Kasserine,Unknown,35000.0,25.0,70.1,3.58
Kasserine,House,400000.0,480.0,70.1,3.58
Kasserine,House,195000.0,181.0,70.1,3.58
Kasserine,House,180000.0,370.0,70.1,3.58
Kasserine,House,125000.0,230.0,70.1,3.58
Kasserine,Apartment,69000.0,90.0,70.1,3.58
Kasserine,House,150000.0,530.0,70.1,3.58
Tunis,Apartment,158000.0,96.0,76.6,3.83
Tunis,Apartment,165000.0,96.0,76.6,3.83
Tunis,Unknown,39500.0,200.0,76.6,3.83
Tunis,Apartment,164703.0,109.0,76.6,3.83
Tunis,Land,755000.0,1.0,76.6,3.83
Tunis,Land,112500.0,1.0,76.6,3.83
Tunis,House,440000.0,212.0,76.6,3.83
Tunis,Apartment,110000.0,71.0,76.6,3.83
Tunis,House,230000.0,160.0,76.6,3.83
Tunis,Land,970000.0,1.0,76.6,3.83
Tunis,Land,1750000.0,1.0,76.6,3.83
Tunis,Land,123456.0,1.0,76.6,3.83
Tunis,Apartment,130000.0,102.0,76.6,3.83
Tunis,House,190000.0,301.0,76.6,3.83
Tunis,Apartment,235000.0,135.0,76.6,3.83
Tunis,Apartment,400000.0,162.0,76.6,3.83
Tunis,House,245000.0,150.0,76.6,3.83
Tunis,House,260000.0,120.0,76.6,3.83
Tunis,Apartment,260000.0,129.0,76.6,3.83
Tunis,House,169999.0,341.0,76.6,3.83
Tunis,Apartment,110000.0,102.0,76.6,3.83
Tunis,House,440000.0,274.0,76.6,3.83
Tunis,Land,945000.0,1.0,76.6,3.83
Tunis,House,600000.0,341.0,76.6,3.83
Tunis,House,170000.0,135.0,76.6,3.83
Tunis,Unknown,300000.0,402.0,76.6,3.83
Tunis,House,350000.0,450.0,76.6,3.83
Tunis,Land,21250.0,1.0,76.6,3.83
Tunis,House,600000.0,216.0,76.6,3.83
Tunis,House,75000.0,75.0,76.6,3.83
Tunis,Apartment,125000.0,77.0,76.6,3.83
Tunis,House,245000.0,400.0,76.6,3.83
Tunis,House,150000.0,140.0,76.6,3.83
Tunis,House,30000.0,90.0,76.6,3.83
Tunis,House,170000.0,112.0,76.6,3.83
Tunis,House,555000.0,382.0,76.6,3.83
Tunis,House,235000.0,150.0,76.6,3.83
Tunis,Apartment,110000.0,55.0,76.6,3.83
Tunis,Apartment,120000.0,85.0,76.6,3.83
Tunis,Unknown,380000.0,430.0,76.6,3.83
Tunis,Unknown,235000.0,900.0,76.6,3.83
Tunis,Unknown,330000.0,400.0,76.6,3.83
Tunis,Land,46000.0,1.0,76.6,3.83
Tunis,Unknown,750000.0,1000.0,76.6,3.83
Tunis,House,180000.0,258.0,76.6,3.83
Tunis,House,220000.0,221.0,76.6,3.83
Tunis,House,160000.0,170.0,76.6,3.83
Tunis,Land,870000.0,1.0,76.6,3.83
Tunis,Apartment,75000.0,99.0,76.6,3.83
Tunis,House,80000.0,160.0,76.6,3.83
Tunis,House,100000.0,101.0,76.6,3.83
Tunis,Land,156800.0,1.0,76.6,3.83
Tunis,Apartment,420000.0,199.0,76.6,3.83
Tunis,House,290000.0,210.0,76.6,3.83
Tunis,Apartment,100000.0,94.0,76.6,3.83
Tunis,House,140000.0,135.0,76.6,3.83
Tunis,Land,99150.0,1.0,76.6,3.83
Tunis,Apartment,20000.0,100.0,76.6,3.83
Tunis,Land,860000.0,1.0,76.6,3.83
Tunis,Land,1320000.0,1.0,76.6,3.83
Tunis,Apartment,178000.0,95.0,76.6,3.83
Tunis,House,980000.0,685.0,76.6,3.83
Tunis,Land,808000.0,1.0,76.6,3.83
Tunis,House,75000.0,130.0,76.6,3.83
Tunis,House,100000.0,165.0,76.6,3.83
Tunis,House,105000.0,74.0,76.6,3.83
Tunis,House,140000.0,400.0,76.6,3.83
Tunis,House,40000.0,100.0,76.6,3.83
Tunis,Apartment,70000.0,53.0,76.6,3.83
Tunis,Land,162500.0,1.0,76.6,3.83
Tunis,House,180000.0,208.0,76.6,3.83
Tunis,Apartment,165000.0,110.0,76.6,3.83
Tunis,Land,74800.0,1.0,76.6,3.83
Tunis,House,130000.0,400.0,76.6,3.83
Tunis,House,90000.0,250.0,76.6,3.83
Tunis,Apartment,136000.0,80.0,76.6,3.83
Tunis,House,245000.0,230.0,76.6,3.83
Tunis,House,110000.0,96.0,76.6,3.83
Tunis,Unknown,180000.0,700.0,76.6,3.83
Tunis,Land,117000.0,1.0,76.6,3.83
Tunis,House,200000.0,240.0,76.6,3.83
Tunis,House,160000.0,157.0,76.6,3.83
Tunis,House,380000.0,520.0,76.6,3.83
Tunis,Unknown,150000.0,32.0,76.6,3.83
Tunis,Land,510000.0,1.0,76.6,3.83
Tunis,Apartment,300000.0,74.0,76.6,3.83
Tunis,House,290000.0,222.0,76.6,3.83
Tunis,House,111111.0,120.0,76.6,3.83
Tunis,Apartment,155000.0,90.0,76.6,3.83
Tunis,House,150000.0,380.0,76.6,3.83
Tunis,Apartment,58000.0,50.0,76.6,3.83
Tunis,Unknown,27000.0,28.0,76.6,3.83
Tunis,House,400000.0,393.0,76.6,3.83
Tunis,House,340000.0,338.0,76.6,3.83
Tunis,House,420000.0,410.0,76.6,3.83
Tunis,Apartment,90000.0,86.0,76.6,3.83
Tunis,House,210000.0,250.0,76.6,3.83
Tunis,Unknown,25000.0,25.0,76.6,3.83
Tunis,House,270000.0,440.0,76.6,3.83
Tunis,Unknown,140000.0,80.0,76.6,3.83
Tunis,Apartment,200000.0,113.0,76.6,3.83
Tunis,Land,649500.0,1.0,76.6,3.83
Tunis,House,190000.0,175.0,76.6,3.83
Tunis,House,120000.0,130.0,76.6,3.83
Tunis,House,160000.0,124.0,76.6,3.83
Tunis,House,295000.0,200.0,76.6,3.83
Tunis,House,200000.0,111.0,76.6,3.83
Tunis,House,670000.0,450.0,76.6,3.83
Tunis,House,240000.0,506.0,76.6,3.83
Tunis,House,370000.0,170.0,76.6,3.83
Tunis,Land,162000.0,1.0,76.6,3.83
Tunis,House,170000.0,130.0,76.6,3.83
Tunis,House,120000.0,100.0,76.6,3.83
Tunis,Apartment,188000.0,112.0,76.6,3.83
Tunis,House,240000.0,220.0,76.6,3.83
Tunis,House,147000.0,275.0,76.6,3.83
Tunis,Unknown,200000.0,32.0,76.6,3.83
Tunis,House,540000.0,400.0,76.6,3.83
Tunis,Unknown,370000.0,300.0,76.6,3.83
Tunis,Apartment,225000.0,123.0,76.6,3.83
Tunis,House,80000.0,85.0,76.6,3.83
Tunis,House,150000.0,768.0,76.6,3.83
Tunis,Unknown,28000.0,50.0,76.6,3.83
Tunis,House,800000.0,550.0,76.6,3.83
Tunis,Apartment,130000.0,180.0,76.6,3.83
Tunis,House,585000.0,850.0,76.6,3.83
Tunis,Land,1380000.0,1.0,76.6,3.83
Tunis,Unknown,55000.0,180.0,76.6,3.83
Tunis,Apartment,132000.0,98.0,76.6,3.83
Tunis,Land,62500.0,1.0,76.6,3.83
Tunis,Apartment,125000.0,100.0,76.6,3.83
Tunis,House,245000.0,144.0,76.6,3.83
Tunis,House,145000.0,300.0,76.6,3.83
Tunis,Apartment,183350.0,96.0,76.6,3.83
Tunis,Land,243600.0,1.0,76.6,3.83
Tunis,House,240000.0,230.0,76.6,3.83
Tunis,House,50000.0,110.0,76.6,3.83
Tunis,Apartment,198000.0,132.0,76.6,3.83
Tunis,Apartment,143000.0,96.0,76.6,3.83
Le Kef,House,350000.0,950.0,59.4,2.07
Le Kef,House,85000.0,106.0,59.4,2.07
Le Kef,House,200000.0,325.0,59.4,2.07
Le Kef,Apartment,82000.0,120.0,59.4,2.07
Le Kef,Land,47000.0,1.0,59.4,2.07
Le Kef,House,140000.0,210.0,59.4,2.07
Le Kef,House,50000.0,120.0,59.4,2.07
Le Kef,House,95000.0,108.0,59.4,2.07
Le Kef,Land,113400.0,1.0,59.4,2.07
Le Kef,House,60000.0,250.0,59.4,2.07
Le Kef,House,190000.0,350.0,59.4,2.07
Le Kef,House,460000.0,400.0,59.4,2.07
Le Kef,House,208000.0,509.0,59.4,2.07
Le Kef,House,80000.0,120.0,59.4,2.07
Le Kef,House,132000.0,1000.0,59.4,2.07
Mahdia,Unknown,20000.0,21.0,76.2,3.61
Mahdia,Apartment,1800000.0,113.0,76.2,3.61
Mahdia,House,238000.0,238.0,76.2,3.61
Mahdia,Apartment,145000.0,62.0,76.2,3.61
Mahdia,House,155000.0,110.0,76.2,3.61
Mahdia,House,600000.0,587.0,76.2,3.61
Mahdia,House,580000.0,480.0,76.2,3.61
Mahdia,Apartment,275000.0,143.0,76.2,3.61
Mahdia,Apartment,115000.0,64.0,76.2,3.61
Mahdia,House,170000.0,144.0,76.2,3.61
Mahdia,Land,88800.0,1.0,76.2,3.61
Mahdia,Apartment,130000.0,63.0,76.2,3.61
Mahdia,Apartment,250000.0,107.0,76.2,3.61
Mahdia,House,193000.0,126.0,76.2,3.61
Mahdia,Land,415000.0,1.0,76.2,3.61
Mahdia,Land,112800.0,1.0,76.2,3.61
Mahdia,Apartment,95000.0,55.0,76.2,3.61
Mahdia,Apartment,390000.0,168.0,76.2,3.61
Mahdia,Apartment,186000.0,81.0,76.2,3.61
Mahdia,Apartment,152000.0,57.0,76.2,3.61
Mahdia,Land,890000.0,1.0,76.2,3.61
Mahdia,Apartment,98000.0,70.0,76.2,3.61
Mahdia,Apartment,330000.0,205.0,76.2,3.61
Mahdia,Apartment,185000.0,170.0,76.2,3.61
Mahdia,Apartment,249000.0,136.0,76.2,3.61
Mahdia,Land,580500.0,1.0,76.2,3.61
Mahdia,House,800000.0,500.0,76.2,3.61
Mahdia,Land,76000.0,1.0,76.2,3.61
Mahdia,Apartment,120000.0,53.0,76.2,3.61
Mahdia,Apartment,75000.0,115.0,76.2,3.61
Mahdia,Apartment,95000.0,53.0,76.2,3.61
Mahdia,House,2500000.0,1000.0,76.2,3.61
Mahdia,House,57000.0,185.0,76.2,3.61
Mahdia,House,110000.0,600.0,76.2,3.61
Mahdia,House,630000.0,250.0,76.2,3.61
Mahdia,Apartment,122000.0,135.0,76.2,3.61
Mahdia,House,350000.0,803.0,76.2,3.61
Mahdia,Apartment,125000.0,53.0,76.2,3.61
Mahdia,House,270000.0,300.0,76.2,3.61
Mahdia,Land,33825.0,1.0,76.2,3.61
Mahdia,House,250000.0,313.0,76.2,3.61
Mahdia,House,350000.0,270.0,76.2,3.61
Mahdia,Apartment,230000.0,197.0,76.2,3.61
Mahdia,Apartment,71000.0,71.0,76.2,3.61
Mahdia,Land,498000.0,1.0,76.2,3.61
Mahdia,Apartment,160000.0,74.0,76.2,3.61
Mahdia,House,530000.0,404.0,76.2,3.61
Mahdia,Apartment,234000.0,104.0,76.2,3.61
Mahdia,Apartment,180000.0,125.0,76.2,3.61
Mahdia,Apartment,265000.0,124.0,76.2,3.61
Mahdia,Apartment,110000.0,105.0,76.2,3.61
Mahdia,House,100000.0,400.0,76.2,3.61
Mahdia,Apartment,280000.0,150.0,76.2,3.61
Mahdia,House,120000.0,246.0,76.2,3.61
Mahdia,House,185000.0,160.0,76.2,3.61
Mahdia,Apartment,196650.0,90.0,76.2,3.61
Mahdia,House,820000.0,500.0,76.2,3.61
Mahdia,Apartment,1500000.0,110.0,76.2,3.61
Mahdia,Apartment,96000.0,70.0,76.2,3.61
Mahdia,Apartment,180000.0,75.0,76.2,3.61
Mahdia,Apartment,210000.0,97.0,76.2,3.61
Mahdia,Land,325000.0,1.0,76.2,3.61
Mahdia,House,255000.0,170.0,76.2,3.61
Mahdia,House,630000.0,650.0,76.2,3.61
Mahdia,House,110000.0,170.0,76.2,3.61
Mahdia,House,120000.0,310.0,76.2,3.61
Mahdia,Apartment,175000.0,140.0,76.2,3.61
Mahdia,House,95000.0,112.0,76.2,3.61
Mahdia,House,110000.0,190.0,76.2,3.61
Mahdia,House,250000.0,230.0,76.2,3.61
Mahdia,House,570000.0,583.0,76.2,3.61
Mahdia,House,225000.0,220.0,76.2,3.61
Mahdia,House,100000.0,105.0,76.2,3.61
Mahdia,House,1900000.0,350.0,76.2,3.61
Mahdia,House,240000.0,207.0,76.2,3.61
Mahdia,Apartment,250000.0,109.0,76.2,3.61
Mahdia,House,205000.0,350.0,76.2,3.61
Mahdia,Unknown,20000.0,25.0,76.2,3.61
Mahdia,House,85000.0,140.0,76.2,3.61
Mahdia,House,490000.0,379.0,76.2,3.61
Mahdia,Apartment,130000.0,58.0,76.2,3.61
Mahdia,Apartment,170000.0,90.0,76.2,3.61
Médenine,House,111000.0,160.0,69.5,4.56
Médenine,House,285000.0,120.0,69.5,4.56
Médenine,House,300000.0,148.0,69.5,4.56
Médenine,House,220000.0,200.0,69.5,4.56
Médenine,House,558000.0,500.0,69.5,4.56
Médenine,House,400000.0,800.0,69.5,4.56
Médenine,House,150000.0,133.0,69.5,4.56
Médenine,Apartment,520000.0,204.0,69.5,4.56
Médenine,House,275000.0,350.0,69.5,4.56
Médenine,House,275000.0,140.0,69.5,4.56
Médenine,House,295000.0,180.0,69.5,4.56
Médenine,House,290000.0,190.0,69.5,4.56
Médenine,House,260000.0,160.0,69.5,4.56
Médenine,House,190000.0,1000.0,69.5,4.56
Médenine,House,300000.0,270.0,69.5,4.56
Médenine,House,450000.0,220.0,69.5,4.56
Médenine,House,95000.0,288.0,69.5,4.56
Médenine,House,111111.0,450.0,69.5,4.56
Médenine,House,150000.0,1000.0,69.5,4.56
Médenine,House,330000.0,220.0,69.5,4.56
Médenine,House,280000.0,350.0,69.5,4.56
Médenine,House,210000.0,155.0,69.5,4.56
Médenine,House,840000.0,840.0,69.5,4.56
Médenine,House,120000.0,140.0,69.5,4.56
Médenine,House,270000.0,170.0,69.5,4.56
Médenine,House,85000.0,200.0,69.5,4.56
Médenine,House,625000.0,400.0,69.5,4.56
Médenine,House,850000.0,857.0,69.5,4.56
Médenine,House,145000.0,130.0,69.5,4.56
Médenine,House,120000.0,155.0,69.5,4.56
Médenine,House,500000.0,628.0,69.5,4.56
Médenine,House,279990.0,184.0,69.5,4.56
Médenine,Land,25800.0,1.0,69.5,4.56
Médenine,House,385000.0,250.0,69.5,4.56
Médenine,House,190000.0,315.0,69.5,4.56
Médenine,House,220000.0,105.0,69.5,4.56
Médenine,House,35000.0,400.0,69.5,4.56
Médenine,House,650000.0,502.0,69.5,4.56
Monastir,Land,64000.0,1.0,77.4,3.79
Monastir,House,100000.0,354.0,77.4,3.79
Monastir,House,2000000.0,400.0,77.4,3.79
Monastir,Apartment,195000.0,114.0,77.4,3.79
Monastir,Land,185900.0,1.0,77.4,3.79
Monastir,House,550000.0,416.0,77.4,3.79
Monastir,House,110000.0,280.0,77.4,3.79
Monastir,Apartment,105000.0,84.0,77.4,3.79
Monastir,Apartment,58000.0,70.0,77.4,3.79
Monastir,Apartment,130000.0,81.0,77.4,3.79
Monastir,House,600000.0,312.0,77.4,3.79
Monastir,Land,37600.0,1.0,77.4,3.79
Monastir,Apartment,80000.0,76.0,77.4,3.79
Monastir,Land,288000.0,1.0,77.4,3.79
Monastir,Land,313600.0,1.0,77.4,3.79
Monastir,Apartment,240000.0,104.0,77.4,3.79
Monastir,Land,83000.0,1.0,77.4,3.79
Monastir,House,750000.0,600.0,77.4,3.79
Monastir,House,290000.0,241.0,77.4,3.79
Monastir,Land,43000.0,1.0,77.4,3.79
Monastir,House,150000.0,355.0,77.4,3.79
Monastir,House,580000.0,314.0,77.4,3.79
Monastir,Apartment,150000.0,84.0,77.4,3.79
Monastir,Apartment,268000.0,140.0,77.4,3.79
Monastir,Apartment,207000.0,114.0,77.4,3.79
Monastir,House,495000.0,228.0,77.4,3.79
Monastir,Land,617000.0,1.0,77.4,3.79
Monastir,Land,626600.0,1.0,77.4,3.79
Monastir,House,835000.0,458.0,77.4,3.79
Monastir,Apartment,95000.0,82.0,77.4,3.79
Monastir,Apartment,115000.0,95.0,77.4,3.79
Monastir,Apartment,74000.0,37.0,77.4,3.79
Monastir,Apartment,185000.0,135.0,77.4,3.79
Monastir,Unknown,400000.0,820.0,77.4,3.79
Monastir,House,1100000.0,700.0,77.4,3.79
Monastir,House,250000.0,270.0,77.4,3.79
Monastir,Apartment,370000.0,375.0,77.4,3.79
Monastir,House,350000.0,108.0,77.4,3.79
Monastir,House,700000.0,250.0,77.4,3.79
Monastir,House,250000.0,190.0,77.4,3.79
Monastir,Apartment,119500.0,87.0,77.4,3.79
Monastir,Apartment,210000.0,74.0,77.4,3.79
Monastir,House,119000.0,137.0,77.4,3.79
Monastir,House,180000.0,155.0,77.4,3.79
Monastir,Apartment,198000.0,108.0,77.4,3.79
Monastir,Unknown,260000.0,280.0,77.4,3.79
Monastir,Land,156000.0,1.0,77.4,3.79
Monastir,Land,496000.0,1.0,77.4,3.79
Monastir,Land,184000.0,1.0,77.4,3.79
Monastir,House,830000.0,490.0,77.4,3.79
Monastir,Land,159000.0,1.0,77.4,3.79
Monastir,House,150000.0,365.0,77.4,3.79
Monastir,Land,58000.0,1.0,77.4,3.79
Monastir,Apartment,119000.0,90.0,77.4,3.79
Monastir,Land,572000.0,1.0,77.4,3.79
Monastir,Land,459000.0,1.0,77.4,3.79
Monastir,Land,192000.0,1.0,77.4,3.79
Monastir,Apartment,250000.0,160.0,77.4,3.79
Monastir,Unknown,77000.0,300.0,77.4,3.79
Monastir,Land,3491600.0,1.0,77.4,3.79
Monastir,Land,272000.0,1.0,77.4,3.79
Monastir,Apartment,129000.0,85.0,77.4,3.79
Monastir,House,17440.0,218.0,77.4,3.79
Monastir,Land,77740.0,1.0,77.4,3.79
Monastir,House,240000.0,95.0,77.4,3.79
Monastir,Apartment,85000.0,75.0,77.4,3.79
Monastir,House,900000.0,100.0,77.4,3.79
Monastir,Apartment,85000.0,55.0,77.4,3.79
Monastir,House,150000.0,138.0,77.4,3.79
Monastir,Apartment,75000.0,34.0,77.4,3.79
Monastir,House,233000.0,320.0,77.4,3.79
Monastir,Apartment,88000.0,67.0,77.4,3.79
Monastir,Apartment,220000.0,115.0,77.4,3.79
Monastir,Unknown,100000.0,22.0,77.4,3.79
Monastir,House,320000.0,210.0,77.4,3.79
Monastir,Apartment,120000.0,84.0,77.4,3.79
Monastir,Apartment,75000.0,74.0,77.4,3.79
Monastir,House,170000.0,207.0,77.4,3.79
Monastir,Unknown,55000.0,20.0,77.4,3.79
Monastir,House,600000.0,300.0,77.4,3.79
Monastir,Apartment,107000.0,75.0,77.4,3.79
Monastir,House,600000.0,271.0,77.4,3.79
Monastir,House,700000.0,800.0,77.4,3.79
Monastir,House,240000.0,110.0,77.4,3.79
Monastir,Apartment,139000.0,60.0,77.4,3.79
Monastir,Land,285000.0,1.0,77.4,3.79
Monastir,Land,33700.0,1.0,77.4,3.79
Monastir,House,1150000.0,800.0,77.4,3.79
Monastir,Apartment,1500000.0,120.0,77.4,3.79
Monastir,House,72000.0,180.0,77.4,3.79
Monastir,House,330000.0,290.0,77.4,3.79
Monastir,House,500000.0,366.0,77.4,3.79
Monastir,Apartment,115000.0,70.0,77.4,3.79
Monastir,House,190000.0,300.0,77.4,3.79
Monastir,Land,493000.0,1.0,77.4,3.79
Monastir,Apartment,195000.0,83.0,77.4,3.79
Monastir,Apartment,180000.0,90.0,77.4,3.79
Monastir,Apartment,50000.0,450.0,77.4,3.79
Monastir,Land,60400.0,1.0,77.4,3.79
Monastir,House,42000.0,150.0,77.4,3.79
Monastir,House,278000.0,279.0,77.4,3.79
Monastir,House,240000.0,212.0,77.4,3.79
Monastir,House,650000.0,400.0,77.4,3.79
Monastir,House,100000.0,80.0,77.4,3.79
Monastir,Unknown,660000.0,440.0,77.4,3.79
Monastir,House,680000.0,300.0,77.4,3.79
Monastir,Apartment,105000.0,57.0,77.4,3.79
Sidi Bouzid,House,100000.0,125.0,73.6,4.52
Sidi Bouzid,House,210000.0,313.0,73.6,4.52
Sidi Bouzid,House,500000.0,320.0,73.6,4.52
Sidi Bouzid,House,450000.0,600.0,73.6,4.52
Sidi Bouzid,Land,242000.0,1.0,73.6,4.52
Sidi Bouzid,House,68000.0,272.0,73.6,4.52
Sidi Bouzid,Land,68000.0,1.0,73.6,4.52
Sidi Bouzid,House,260000.0,313.0,73.6,4.52
Sidi Bouzid,Land,166000.0,1.0,73.6,4.52
Sidi Bouzid,Land,78000.0,1.0,73.6,4.52
Sidi Bouzid,House,80000.0,210.0,73.6,4.52
Siliana,Land,640000.0,1.0,72.3,1.22
Siliana,House,280000.0,250.0,72.3,1.22
Siliana,House,55000.0,220.0,72.3,1.22
Siliana,Land,487500.0,1.0,72.3,1.22
Siliana,House,175000.0,260.0,72.3,1.22
Siliana,Land,164000.0,1.0,72.3,1.22
Siliana,House,165000.0,135.0,72.3,1.22
Siliana,Land,2750000.0,1.0,72.3,1.22
Siliana,House,278000.0,478.0,72.3,1.22
Siliana,House,300000.0,500.0,72.3,1.22
Siliana,Unknown,350000.0,1000.0,72.3,1.22
Sousse,House,235000.0,230.0,78.1,3.15
Sousse,Apartment,285000.0,113.0,78.1,3.15
Sousse,Unknown,650000.0,700.0,78.1,3.15
Sousse,Apartment,105000.0,64.0,78.1,3.15
Sousse,Land,1234000.0,1.0,78.1,3.15
Sousse,Land,177000.0,1.0,78.1,3.15
Sousse,Apartment,300000.0,154.0,78.1,3.15
Sousse,Apartment,263000.0,110.0,78.1,3.15
Sousse,Apartment,290000.0,114.0,78.1,3.15
Sousse,Apartment,75000.0,92.0,78.1,3.15
Sousse,Apartment,195000.0,130.0,78.1,3.15
Sousse,Apartment,155000.0,63.0,78.1,3.15
Sousse,Apartment,320000.0,150.0,78.1,3.15
Sousse,Apartment,140000.0,65.0,78.1,3.15
Sousse,House,350000.0,75.0,78.1,3.15
Sousse,House,495000.0,381.0,78.1,3.15
Sousse,Land,79000.0,1.0,78.1,3.15
Sousse,House,250000.0,150.0,78.1,3.15
Sousse,House,550000.0,600.0,78.1,3.15
Sousse,House,750000.0,570.0,78.1,3.15
Sousse,Apartment,270000.0,134.0,78.1,3.15
Sousse,Unknown,140000.0,64.0,78.1,3.15
Sousse,Apartment,520000.0,170.0,78.1,3.15
Sousse,Apartment,255000.0,93.0,78.1,3.15
Sousse,Land,3204500.0,1.0,78.1,3.15
Sousse,House,100000.0,260.0,78.1,3.15
Sousse,Apartment,115000.0,50.0,78.1,3.15
Sousse,Apartment,330000.0,125.0,78.1,3.15
Sousse,House,220000.0,234.0,78.1,3.15
Sousse,Unknown,32000.0,34.0,78.1,3.15
Sousse,Apartment,115000.0,34.0,78.1,3.15
Sousse,Unknown,160000.0,93.0,78.1,3.15
Sousse,Apartment,307360.0,121.0,78.1,3.15
Sousse,Land,1165000.0,1.0,78.1,3.15
Sousse,Land,133500.0,1.0,78.1,3.15
Sousse,Unknown,25000.0,30.0,78.1,3.15
Sousse,Apartment,250000.0,170.0,78.1,3.15
Sousse,Unknown,35000.0,70.0,78.1,3.15
Sousse,Apartment,75000.0,72.0,78.1,3.15
Sousse,Apartment,450000.0,180.0,78.1,3.15
Sousse,Apartment,520000.0,161.0,78.1,3.15
Sousse,Land,221000.0,1.0,78.1,3.15
Sousse,Apartment,310000.0,84.0,78.1,3.15
Sousse,House,545000.0,341.0,78.1,3.15
Sousse,House,150000.0,116.0,78.1,3.15
Sousse,House,425000.0,473.0,78.1,3.15
Sousse,House,500000.0,500.0,78.1,3.15
Sousse,Land,1740000.0,1.0,78.1,3.15
Sousse,House,1300000.0,450.0,78.1,3.15
Sousse,Apartment,210000.0,80.0,78.1,3.15
Sousse,Apartment,300000.0,140.0,78.1,3.15
Sousse,Apartment,240000.0,118.0,78.1,3.15
Sousse,House,900000.0,700.0,78.1,3.15
Sousse,Apartment,170000.0,79.0,78.1,3.15
Sousse,House,135000.0,101.0,78.1,3.15
Sousse,Land,32500.0,1.0,78.1,3.15
Sousse,House,270000.0,218.0,78.1,3.15
Sousse,Apartment,65000.0,102.0,78.1,3.15
Sousse,Land,337500.0,1.0,78.1,3.15
Sousse,House,70000.0,260.0,78.1,3.15
Sousse,Land,889000.0,1.0,78.1,3.15
Sousse,House,1250000.0,350.0,78.1,3.15
Sousse,Land,99000.0,1.0,78.1,3.15
Sousse,Apartment,201000.0,102.0,78.1,3.15
Sousse,Apartment,355000.0,150.0,78.1,3.15
Sousse,House,107000.0,160.0,78.1,3.15
Sousse,Apartment,275000.0,145.0,78.1,3.15
Sousse,House,4300000.0,1000.0,78.1,3.15
Sousse,House,250000.0,205.0,78.1,3.15
Sousse,Unknown,100000.0,41.0,78.1,3.15
Sousse,Apartment,70000.0,86.0,78.1,3.15
Sousse,House,590000.0,525.0,78.1,3.15
Sousse,Apartment,185000.0,105.0,78.1,3.15
Sousse,House,860000.0,480.0,78.1,3.15
Sousse,Apartment,270000.0,94.0,78.1,3.15
Sousse,House,210000.0,230.0,78.1,3.15
Sousse,Apartment,249000.0,150.0,78.1,3.15
Sousse,Apartment,330000.0,143.0,78.1,3.15
Sousse,Apartment,275000.0,110.0,78.1,3.15
Sousse,House,350000.0,254.0,78.1,3.15
Sousse,Apartment,278000.0,124.0,78.1,3.15
Sousse,Apartment,200000.0,70.0,78.1,3.15
Sousse,Apartment,355000.0,137.0,78.1,3.15
Sousse,Land,63000.0,1.0,78.1,3.15
Sousse,Apartment,135000.0,500.0,78.1,3.15
Sousse,Apartment,155000.0,62.0,78.1,3.15
Sousse,House,125000.0,157.0,78.1,3.15
Sousse,House,75000.0,185.0,78.1,3.15
Sousse,Apartment,210000.0,126.0,78.1,3.15
Sousse,Apartment,270000.0,186.0,78.1,3.15
Sousse,House,950000.0,255.0,78.1,3.15
Sousse,Apartment,450000.0,139.0,78.1,3.15
Sousse,Apartment,299000.0,143.0,78.1,3.15
Sousse,Apartment,137000.0,90.0,78.1,3.15
Sousse,House,1050000.0,452.0,78.1,3.15
Sousse,House,570000.0,357.0,78.1,3.15
Sousse,Land,5463000.0,1.0,78.1,3.15
Sousse,Land,307000.0,1.0,78.1,3.15
Sousse,Land,673000.0,1.0,78.1,3.15
Sousse,Apartment,380000.0,182.0,78.1,3.15
Sousse,House,165000.0,127.0,78.1,3.15
Sousse,Land,398000.0,1.0,78.1,3.15
Sousse,Land,289600.0,1.0,78.1,3.15
Sousse,Land,429000.0,1.0,78.1,3.15
Sousse,House,50000.0,202.0,78.1,3.15
Sousse,Apartment,275000.0,115.0,78.1,3.15
Sousse,Apartment,500000.0,161.0,78.1,3.15
Sousse,Apartment,176000.0,107.0,78.1,3.15
Sousse,House,519000.0,400.0,78.1,3.15
Sousse,Land,665000.0,1.0,78.1,3.15
Sousse,Apartment,350000.0,207.0,78.1,3.15
Sousse,House,1050000.0,486.0,78.1,3.15
Sousse,House,190000.0,261.0,78.1,3.15
Sousse,Unknown,80000.0,60.0,78.1,3.15
Sousse,Apartment,215000.0,150.0,78.1,3.15
Sousse,Land,67840.0,1.0,78.1,3.15
Sousse,House,155000.0,130.0,78.1,3.15
Sousse,Apartment,155000.0,60.0,78.1,3.15
Sousse,Land,4800000.0,1.0,78.1,3.15
Sousse,Apartment,235000.0,113.0,78.1,3.15
Sousse,Apartment,168000.0,110.0,78.1,3.15
Sousse,House,500000.0,493.0,78.1,3.15
Sousse,Unknown,250000.0,252.0,78.1,3.15
Sousse,Apartment,198000.0,120.0,78.1,3.15
Sousse,Unknown,560000.0,657.0,78.1,3.15
Sousse,House,380000.0,641.0,78.1,3.15
Sousse,House,455000.0,494.0,78.1,3.15
Sousse,Land,287000.0,1.0,78.1,3.15
Sousse,Apartment,200000.0,190.0,78.1,3.15
Sousse,Apartment,220000.0,95.0,78.1,3.15
Sousse,House,145000.0,470.0,78.1,3.15
Sousse,Unknown,35000.0,28.0,78.1,3.15
Sousse,House,360000.0,480.0,78.1,3.15
Sousse,Unknown,150000.0,75.0,78.1,3.15
Sousse,House,300000.0,86.0,78.1,3.15
Sousse,Apartment,325000.0,125.0,78.1,3.15
Sousse,Apartment,198000.0,90.0,78.1,3.15
Sousse,Apartment,290000.0,145.0,78.1,3.15
Sousse,House,470000.0,350.0,78.1,3.15
Sousse,Land,495000.0,1.0,78.1,3.15
Sousse,Apartment,202000.0,105.0,78.1,3.15
Sousse,Unknown,90000.0,200.0,78.1,3.15
Sousse,House,1280000.0,590.0,78.1,3.15
Sousse,Apartment,400000.0,78.0,78.1,3.15
Sousse,House,860000.0,752.0,78.1,3.15
Sousse,Apartment,145000.0,43.0,78.1,3.15
Sousse,Land,489000.0,1.0,78.1,3.15
Sousse,Land,702000.0,1.0,78.1,3.15
Sousse,Land,31600.0,1.0,78.1,3.15
Sousse,Unknown,1800000.0,1000.0,78.1,3.15
Sousse,Land,46500.0,1.0,78.1,3.15
Sousse,Land,376000.0,1.0,78.1,3.15
Sousse,Land,78705.0,1.0,78.1,3.15
Sousse,Land,115275.0,1.0,78.1,3.15
Sousse,Apartment,94000.0,90.0,78.1,3.15
Sousse,Apartment,290000.0,235.0,78.1,3.15
Sousse,Land,292500.0,1.0,78.1,3.15
Sousse,Apartment,420000.0,210.0,78.1,3.15
Sousse,Apartment,205000.0,80.0,78.1,3.15
Sousse,House,420000.0,650.0,78.1,3.15
Sousse,Apartment,350000.0,240.0,78.1,3.15
Sousse,Apartment,250000.0,136.0,78.1,3.15
Sousse,Apartment,300000.0,230.0,78.1,3.15
Sousse,House,230000.0,263.0,78.1,3.15
Sousse,Apartment,170000.0,108.0,78.1,3.15
Sousse,Apartment,276000.0,141.0,78.1,3.15
Sousse,Apartment,175000.0,117.0,78.1,3.15
Sousse,Apartment,330000.0,240.0,78.1,3.15
Sousse,House,620000.0,530.0,78.1,3.15
Sousse,Apartment,175000.0,98.0,78.1,3.15
Sousse,Land,101340.0,1.0,78.1,3.15
Sousse,Apartment,180000.0,130.0,78.1,3.15
Sousse,Apartment,160000.0,110.0,78.1,3.15
Sousse,House,540000.0,362.0,78.1,3.15
Sousse,Unknown,90000.0,90.0,78.1,3.15
Sousse,Land,32400.0,1.0,78.1,3.15
Sousse,Apartment,55000.0,100.0,78.1,3.15
Sousse,House,150000.0,150.0,78.1,3.15
Sousse,Apartment,230000.0,144.0,78.1,3.15
Sousse,Apartment,137000.0,131.0,78.1,3.15
Sousse,Apartment,280000.0,140.0,78.1,3.15
Sousse,Apartment,201000.0,103.0,78.1,3.15
Sousse,House,420000.0,207.0,78.1,3.15
Sousse,Apartment,330000.0,110.0,78.1,3.15
Sousse,Apartment,272000.0,136.0,78.1,3.15
Sousse,Apartment,239000.0,107.0,78.1,3.15
Sousse,House,350000.0,210.0,78.1,3.15
Sousse,House,260000.0,211.0,78.1,3.15
Sousse,Apartment,70000.0,85.0,78.1,3.15
Sousse,Apartment,340000.0,148.0,78.1,3.15
Sousse,Apartment,388500.0,111.0,78.1,3.15
Sousse,Apartment,220000.0,101.0,78.1,3.15
Sousse,House,520000.0,341.0,78.1,3.15
Sousse,Apartment,105000.0,75.0,78.1,3.15
Sousse,Apartment,212000.0,104.0,78.1,3.15
Sousse,Apartment,247000.0,133.0,78.1,3.15
Sousse,Apartment,260000.0,137.0,78.1,3.15
Sousse,House,165000.0,90.0,78.1,3.15
Sousse,Apartment,285000.0,137.0,78.1,3.15
Sousse,Land,237000.0,1.0,78.1,3.15
Sousse,House,525000.0,250.0,78.1,3.15
Sousse,Apartment,300000.0,90.0,78.1,3.15
Sousse,Apartment,230000.0,120.0,78.1,3.15
Sousse,Apartment,126000.0,100.0,78.1,3.15
Sousse,Apartment,420000.0,200.0,78.1,3.15
Sousse,Land,1350000.0,1.0,78.1,3.15
Sousse,House,240000.0,260.0,78.1,3.15
Sousse,Apartment,231000.0,92.0,78.1,3.15
Sousse,Apartment,190000.0,95.0,78.1,3.15
Sousse,Apartment,350000.0,115.0,78.1,3.15
Sousse,Unknown,50000.0,28.0,78.1,3.15
Sousse,Apartment,92000.0,35.0,78.1,3.15
Sousse,Land,377000.0,1.0,78.1,3.15
Sousse,Apartment,190000.0,50.0,78.1,3.15
Sousse,Apartment,201000.0,105.0,78.1,3.15
Sousse,Apartment,339000.0,137.0,78.1,3.15
Sousse,Apartment,236000.0,87.0,78.1,3.15
Sousse,Land,790000.0,1.0,78.1,3.15
Sousse,House,500000.0,130.0,78.1,3.15
Sousse,Land,93000.0,1.0,78.1,3.15
Sousse,Apartment,332000.0,166.0,78.1,3.15
Sousse,House,350000.0,220.0,78.1,3.15
Sousse,House,170000.0,532.0,78.1,3.15
Sousse,Apartment,95000.0,90.0,78.1,3.15
Sousse,Land,590000.0,1.0,78.1,3.15
Sousse,Apartment,480000.0,220.0,78.1,3.15
Sousse,House,550000.0,341.0,78.1,3.15
Sousse,Apartment,340000.0,146.0,78.1,3.15
Sousse,Apartment,420000.0,116.0,78.1,3.15
Sousse,Apartment,265000.0,128.0,78.1,3.15
Sousse,Apartment,290000.0,156.0,78.1,3.15
Sousse,Apartment,128000.0,99.0,78.1,3.15
Sousse,Land,1440000.0,1.0,78.1,3.15
Sousse,Land,123000.0,1.0,78.1,3.15
Sousse,House,650000.0,284.0,78.1,3.15
Sousse,House,280000.0,110.0,78.1,3.15
Sousse,House,35000.0,94.0,78.1,3.15
Sousse,House,500000.0,318.0,78.1,3.15
Sousse,House,270000.0,240.0,78.1,3.15
Sousse,Apartment,145000.0,38.0,78.1,3.15
Sousse,House,380000.0,226.0,78.1,3.15
Sousse,Apartment,445000.0,170.0,78.1,3.15
Sousse,Apartment,400000.0,192.0,78.1,3.15
Sousse,Apartment,185000.0,136.0,78.1,3.15
Sousse,Apartment,85000.0,81.0,78.1,3.15
Sousse,Apartment,225000.0,79.0,78.1,3.15
Sousse,Apartment,185000.0,90.0,78.1,3.15
Sousse,Land,812000.0,1.0,78.1,3.15
Sousse,Apartment,208000.0,93.0,78.1,3.15
Sousse,Land,618000.0,1.0,78.1,3.15
Sousse,House,320000.0,296.0,78.1,3.15
Sousse,House,950000.0,532.0,78.1,3.15
Sousse,Land,178000.0,1.0,78.1,3.15
Sousse,House,850000.0,800.0,78.1,3.15
Sousse,Apartment,195000.0,70.0,78.1,3.15
Sousse,Land,717000.0,1.0,78.1,3.15
Sousse,Apartment,267000.0,127.0,78.1,3.15
Sousse,Apartment,378000.0,172.0,78.1,3.15
Sousse,Apartment,75000.0,85.0,78.1,3.15
Sousse,House,710000.0,557.0,78.1,3.15
Sousse,Apartment,175000.0,150.0,78.1,3.15
Sousse,House,310000.0,230.0,78.1,3.15
Sousse,Apartment,208000.0,114.0,78.1,3.15
Sousse,Apartment,122000.0,145.0,78.1,3.15
Sousse,Apartment,200000.0,123.0,78.1,3.15
Sousse,Land,335000.0,1.0,78.1,3.15
Sousse,House,980000.0,810.0,78.1,3.15
Sousse,Apartment,280000.0,89.0,78.1,3.15
Sousse,Unknown,110000.0,44.0,78.1,3.15
Sousse,Land,840000.0,1.0,78.1,3.15
Sousse,Apartment,108000.0,77.0,78.1,3.15
Sousse,Apartment,90000.0,85.0,78.1,3.15
Sousse,House,800000.0,231.0,78.1,3.15
Sousse,Apartment,205000.0,110.0,78.1,3.15
Sousse,Apartment,324000.0,147.0,78.1,3.15
Sousse,Apartment,380000.0,157.0,78.1,3.15
Sousse,Apartment,222000.0,115.0,78.1,3.15
Sousse,Apartment,392000.0,155.0,78.1,3.15
Sousse,Apartment,170000.0,71.0,78.1,3.15
Sousse,House,165000.0,130.0,78.1,3.15
Sousse,Apartment,275000.0,141.0,78.1,3.15
Sousse,House,130000.0,109.0,78.1,3.15
Sousse,Land,94080.0,1.0,78.1,3.15
Sousse,Apartment,255000.0,91.0,78.1,3.15
Sousse,Land,176000.0,1.0,78.1,3.15
Sousse,Apartment,88000.0,80.0,78.1,3.15
Sousse,Land,89500.0,1.0,78.1,3.15
Sousse,Land,247000.0,1.0,78.1,3.15
Sousse,Apartment,240000.0,66.0,78.1,3.15
Sousse,House,380000.0,350.0,78.1,3.15
Sousse,House,88000.0,100.0,78.1,3.15
Sousse,Apartment,115000.0,105.0,78.1,3.15
Sousse,Apartment,145000.0,71.0,78.1,3.15
Sousse,Land,163000.0,1.0,78.1,3.15
Sousse,Apartment,150000.0,200.0,78.1,3.15
Sousse,Land,44000.0,1.0,78.1,3.15
Sousse,Apartment,80000.0,82.0,78.1,3.15
Sousse,Land,609000.0,1.0,78.1,3.15
Sousse,House,175000.0,200.0,78.1,3.15
Sousse,Land,142000.0,1.0,78.1,3.15
Sousse,Apartment,145000.0,100.0,78.1,3.15
Sousse,Apartment,219000.0,105.0,78.1,3.15
Sousse,House,550000.0,480.0,78.1,3.15
Sousse,Apartment,170000.0,102.0,78.1,3.15
Sousse,Land,248970.0,1.0,78.1,3.15
Sousse,Apartment,135000.0,45.0,78.1,3.15
Sousse,Apartment,215000.0,56.0,78.1,3.15
Sousse,Unknown,250000.0,80.0,78.1,3.15
Sousse,Apartment,175000.0,129.0,78.1,3.15
Sousse,House,235000.0,154.0,78.1,3.15
Sousse,House,235000.0,156.0,78.1,3.15
Sousse,House,300000.0,292.0,78.1,3.15
Sousse,House,1150000.0,440.0,78.1,3.15
Sousse,House,1000000.0,608.0,78.1,3.15
Sousse,House,225000.0,200.0,78.1,3.15
Sousse,Apartment,362000.0,108.0,78.1,3.15
Sousse,Land,198000.0,1.0,78.1,3.15
Sousse,Land,388450.0,1.0,78.1,3.15
Sousse,Land,330000.0,1.0,78.1,3.15
Sousse,Apartment,175000.0,73.0,78.1,3.15
Sousse,Apartment,317000.0,143.0,78.1,3.15
Sousse,House,520000.0,354.0,78.1,3.15
Sousse,Apartment,75000.0,100.0,78.1,3.15
Sousse,Apartment,250000.0,97.0,78.1,3.15
Sousse,Land,113750.0,1.0,78.1,3.15
Sousse,Land,78880.0,1.0,78.1,3.15
Sousse,Land,236000.0,1.0,78.1,3.15
Sousse,Apartment,290000.0,125.0,78.1,3.15
Sousse,Unknown,55000.0,22.0,78.1,3.15
Sousse,Land,165550.0,1.0,78.1,3.15
Sousse,Unknown,125000.0,29.0,78.1,3.15
Sousse,Land,35500.0,1.0,78.1,3.15
Sousse,Apartment,270000.0,91.0,78.1,3.15
Sousse,House,250000.0,122.0,78.1,3.15
Sousse,Apartment,430000.0,120.0,78.1,3.15
Sousse,Apartment,145000.0,91.0,78.1,3.15
Sousse,House,250000.0,320.0,78.1,3.15
Sousse,Apartment,168000.0,105.0,78.1,3.15
Sousse,Land,488580.0,1.0,78.1,3.15
Sousse,House,850000.0,870.0,78.1,3.15
Sousse,Land,895000.0,1.0,78.1,3.15
Sousse,Unknown,115000.0,80.0,78.1,3.15
Sousse,Land,545000.0,1.0,78.1,3.15
Sousse,House,350000.0,400.0,78.1,3.15
Sousse,Apartment,160000.0,160.0,78.1,3.15
Sousse,Land,194000.0,1.0,78.1,3.15
Sousse,House,1200000.0,300.0,78.1,3.15
Sousse,Land,546000.0,1.0,78.1,3.15
Sousse,Land,652000.0,1.0,78.1,3.15
Sousse,Unknown,160000.0,70.0,78.1,3.15
Sousse,Unknown,70000.0,90.0,78.1,3.15
Sousse,Apartment,255270.0,110.0,78.1,3.15
Sousse,House,4500000.0,1000.0,78.1,3.15
Sousse,Apartment,290000.0,127.0,78.1,3.15
Sousse,Apartment,175000.0,90.0,78.1,3.15
Sousse,House,180000.0,127.0,78.1,3.15
Sousse,House,400000.0,220.0,78.1,3.15
Sousse,Apartment,1670000.0,115.0,78.1,3.15
Sousse,Apartment,155000.0,65.0,78.1,3.15
Sousse,Apartment,135000.0,52.0,78.1,3.15
Sousse,House,400000.0,115.0,78.1,3.15
Sousse,House,180000.0,360.0,78.1,3.15
Sousse,House,660000.0,450.0,78.1,3.15
Sousse,House,1900000.0,400.0,78.1,3.15
Sousse,Apartment,210000.0,111.0,78.1,3.15
Sousse,Apartment,240000.0,117.0,78.1,3.15
Sousse,Apartment,95500.0,77.0,78.1,3.15
Sousse,Apartment,120000.0,59.0,78.1,3.15
Sousse,House,65000.0,130.0,78.1,3.15
Sousse,Unknown,2500000.0,60.0,78.1,3.15
Sousse,Apartment,360000.0,166.0,78.1,3.15
Sousse,House,750000.0,415.0,78.1,3.15
Sousse,Apartment,215000.0,134.0,78.1,3.15
Sousse,House,920000.0,519.0,78.1,3.15
Sousse,Land,261000.0,1.0,78.1,3.15
Sousse,House,255000.0,215.0,78.1,3.15
Sousse,House,450000.0,236.0,78.1,3.15
Sousse,House,340000.0,276.0,78.1,3.15
Sousse,Apartment,350000.0,145.0,78.1,3.15
Sousse,Apartment,205000.0,128.0,78.1,3.15
Sousse,Land,215000.0,1.0,78.1,3.15
Sousse,House,899000.0,420.0,78.1,3.15
Sousse,Apartment,250000.0,128.0,78.1,3.15
Sousse,House,590000.0,200.0,78.1,3.15
Sousse,Apartment,222000.0,111.0,78.1,3.15
Sousse,House,840000.0,280.0,78.1,3.15
Sousse,House,1670000.0,400.0,78.1,3.15
Sousse,Apartment,330000.0,136.0,78.1,3.15
Sousse,Unknown,218000.0,100.0,78.1,3.15
Sousse,Unknown,200000.0,55.0,78.1,3.15
Sousse,Apartment,339000.0,136.0,78.1,3.15
Sousse,Apartment,65000.0,85.0,78.1,3.15
Sousse,House,128000.0,115.0,78.1,3.15
Sousse,House,175000.0,135.0,78.1,3.15
Sousse,Apartment,215000.0,141.0,78.1,3.15
Sousse,House,1118700.0,678.0,78.1,3.15
Sousse,Apartment,76000.0,86.0,78.1,3.15
Sousse,Apartment,150000.0,70.0,78.1,3.15
Sousse,Apartment,325000.0,147.0,78.1,3.15
Sousse,House,156000.0,110.0,78.1,3.15
Sousse,House,1400000.0,435.0,78.1,3.15
Sousse,House,320000.0,285.0,78.1,3.15
Sousse,House,850000.0,400.0,78.1,3.15
Sousse,House,350000.0,300.0,78.1,3.15
Sousse,Apartment,195000.0,110.0,78.1,3.15
Sousse,House,900000.0,600.0,78.1,3.15
Sousse,House,420000.0,397.0,78.1,3.15
Sousse,Unknown,15000.0,80.0,78.1,3.15
Sousse,Apartment,460000.0,200.0,78.1,3.15
Sousse,Apartment,145000.0,85.0,78.1,3.15
Sousse,House,250000.0,590.0,78.1,3.15
Sousse,Apartment,390000.0,145.0,78.1,3.15
Sousse,House,4000000.0,1000.0,78.1,3.15
Sousse,House,800000.0,460.0,78.1,3.15
Sousse,Apartment,90000.0,39.0,78.1,3.15
Sousse,Apartment,155000.0,93.0,78.1,3.15
Sousse,Unknown,700000.0,30.0,78.1,3.15
Sousse,Apartment,275000.0,95.0,78.1,3.15
Sousse,Apartment,120000.0,63.0,78.1,3.15
Sousse,Apartment,140000.0,54.0,78.1,3.15
Sousse,House,150000.0,230.0,78.1,3.15
Sousse,Land,336000.0,1.0,78.1,3.15
Sousse,Apartment,250000.0,63.0,78.1,3.15
Sousse,Apartment,90000.0,60.0,78.1,3.15
Sousse,Apartment,280000.0,135.0,78.1,3.15
Sousse,Unknown,25000.0,1000.0,78.1,3.15
Sousse,Apartment,380000.0,168.0,78.1,3.15
Sousse,Apartment,267000.0,150.0,78.1,3.15
Sousse,Apartment,225000.0,95.0,78.1,3.15
Sousse,Apartment,200000.0,95.0,78.1,3.15
Sousse,Land,232500.0,1.0,78.1,3.15
Sousse,Apartment,254000.0,110.0,78.1,3.15
Sousse,Apartment,285000.0,130.0,78.1,3.15
Sousse,Apartment,320000.0,123.0,78.1,3.15
Sousse,Apartment,127000.0,90.0,78.1,3.15
Sousse,House,130000.0,362.0,78.1,3.15
Sousse,Apartment,99000.0,87.0,78.1,3.15
Sousse,House,1580000.0,1000.0,78.1,3.15
Sousse,Apartment,136000.0,52.0,78.1,3.15
Sousse,Unknown,85000.0,45.0,78.1,3.15
Sousse,Apartment,155000.0,70.0,78.1,3.15
Sousse,Apartment,220000.0,75.0,78.1,3.15
Sousse,House,650000.0,430.0,78.1,3.15
Sousse,Unknown,45000.0,120.0,78.1,3.15
Sousse,Land,48500.0,1.0,78.1,3.15
Sousse,House,470000.0,320.0,78.1,3.15
Sousse,Apartment,320000.0,120.0,78.1,3.15
Sousse,House,1207000.0,500.0,78.1,3.15
Sousse,Apartment,160000.0,90.0,78.1,3.15
Sousse,Land,102000.0,1.0,78.1,3.15
Sousse,Land,112200.0,1.0,78.1,3.15
Sousse,Apartment,320000.0,100.0,78.1,3.15
Sousse,Apartment,158000.0,122.0,78.1,3.15
Sousse,Apartment,480000.0,240.0,78.1,3.15
Sousse,Land,275000.0,1.0,78.1,3.15
Sousse,Land,132000.0,1.0,78.1,3.15
Sousse,Land,630000.0,1.0,78.1,3.15
Sousse,Apartment,185000.0,100.0,78.1,3.15
Sousse,Apartment,420000.0,97.0,78.1,3.15
Sousse,Apartment,180000.0,109.0,78.1,3.15
Sousse,House,350000.0,260.0,78.1,3.15
Sousse,Apartment,160000.0,95.0,78.1,3.15
Sousse,Unknown,250000.0,89.0,78.1,3.15
Sousse,Apartment,226000.0,106.0,78.1,3.15
Sousse,House,1800000.0,629.0,78.1,3.15
Sousse,Apartment,260000.0,134.0,78.1,3.15
Sousse,House,350000.0,280.0,78.1,3.15
Sousse,Apartment,230000.0,110.0,78.1,3.15
Sousse,Apartment,670000.0,200.0,78.1,3.15
Sousse,Apartment,285000.0,100.0,78.1,3.15
Sousse,Land,70500.0,1.0,78.1,3.15
Sousse,Apartment,135000.0,87.0,78.1,3.15
Sousse,House,285000.0,97.0,78.1,3.15
Sousse,Apartment,85000.0,85.0,78.1,3.15
Sousse,House,255000.0,250.0,78.1,3.15
Sousse,Apartment,165000.0,77.0,78.1,3.15
Sousse,Apartment,190000.0,75.0,78.1,3.15
Sousse,Land,182000.0,1.0,78.1,3.15
Sousse,Apartment,244000.0,136.0,78.1,3.15
Sousse,House,820000.0,600.0,78.1,3.15
Sousse,House,500000.0,352.0,78.1,3.15
Sousse,Apartment,175000.0,120.0,78.1,3.15
Sousse,Land,280600.0,1.0,78.1,3.15
Sousse,Apartment,168000.0,95.0,78.1,3.15
Sousse,Apartment,145000.0,48.0,78.1,3.15
Sousse,Apartment,215000.0,127.0,78.1,3.15
Sousse,Apartment,290000.0,136.0,78.1,3.15
Sousse,Apartment,163000.0,100.0,78.1,3.15
Sousse,Unknown,50000.0,40.0,78.1,3.15
Sousse,Apartment,190000.0,137.0,78.1,3.15
Sousse,House,945000.0,419.0,78.1,3.15
Sousse,Land,345000.0,1.0,78.1,3.15
Sousse,House,550000.0,270.0,78.1,3.15
Sousse,House,750000.0,530.0,78.1,3.15
Sousse,Apartment,370000.0,165.0,78.1,3.15
Sousse,House,160000.0,247.0,78.1,3.15
Sousse,Apartment,200000.0,104.0,78.1,3.15
Sousse,Apartment,135000.0,120.0,78.1,3.15
Sousse,Apartment,300000.0,115.0,78.1,3.15
Sousse,Land,1450000.0,1.0,78.1,3.15
Sousse,Unknown,380000.0,500.0,78.1,3.15
Sousse,House,650000.0,527.0,78.1,3.15
Sousse,Apartment,245000.0,140.0,78.1,3.15
Sousse,Land,1389000.0,1.0,78.1,3.15
Sousse,Land,689000.0,1.0,78.1,3.15
Sousse,House,400000.0,410.0,78.1,3.15
Sousse,House,450000.0,300.0,78.1,3.15
Sousse,Land,282500.0,1.0,78.1,3.15
Sousse,Apartment,650000.0,100.0,78.1,3.15
Sousse,Apartment,340000.0,150.0,78.1,3.15
Sousse,Land,199360.0,1.0,78.1,3.15
Sousse,Apartment,140000.0,40.0,78.1,3.15
Sousse,Land,267000.0,1.0,78.1,3.15
Sousse,Land,1050000.0,1.0,78.1,3.15
Sousse,Apartment,250000.0,116.0,78.1,3.15
Sousse,House,160000.0,180.0,78.1,3.15
Sousse,Land,41000.0,1.0,78.1,3.15
Sousse,Apartment,140000.0,66.0,78.1,3.15
Sousse,House,75000.0,120.0,78.1,3.15
Sousse,Apartment,235000.0,45.0,78.1,3.15
Sousse,House,550000.0,310.0,78.1,3.15
Sousse,Apartment,185000.0,35.0,78.1,3.15
Sousse,House,2046800.0,1000.0,78.1,3.15
Sousse,House,36000.0,200.0,78.1,3.15
Sousse,House,270000.0,270.0,78.1,3.15
Sousse,House,410000.0,200.0,78.1,3.15
Sousse,Apartment,300000.0,125.0,78.1,3.15
Sousse,Apartment,100000.0,55.0,78.1,3.15
Sousse,Apartment,230000.0,100.0,78.1,3.15
Sousse,Apartment,180000.0,105.0,78.1,3.15
Sousse,House,370000.0,492.0,78.1,3.15
Sousse,House,450000.0,395.0,78.1,3.15
Sousse,House,400000.0,400.0,78.1,3.15
Sousse,House,750000.0,800.0,78.1,3.15
Sousse,Apartment,370000.0,90.0,78.1,3.15
Sousse,House,750000.0,500.0,78.1,3.15
Sousse,House,345000.0,200.0,78.1,3.15
Sousse,House,590000.0,450.0,78.1,3.15
Sousse,Apartment,220000.0,155.0,78.1,3.15
Sousse,Apartment,175000.0,91.0,78.1,3.15
Sousse,House,96000.0,135.0,78.1,3.15
Sousse,Apartment,195000.0,52.0,78.1,3.15
Sousse,Apartment,300000.0,130.0,78.1,3.15
Sousse,House,580000.0,400.0,78.1,3.15
Sousse,House,200000.0,150.0,78.1,3.15
Sousse,Apartment,145000.0,45.0,78.1,3.15
Sousse,Apartment,300000.0,195.0,78.1,3.15
Sousse,Land,56000.0,1.0,78.1,3.15
Sousse,Apartment,650000.0,76.0,78.1,3.15
Sousse,Apartment,185000.0,55.0,78.1,3.15
Sousse,Land,323700.0,1.0,78.1,3.15
Sousse,House,600000.0,400.0,78.1,3.15
Sousse,House,200000.0,267.0,78.1,3.15
Sousse,House,3000000.0,810.0,78.1,3.15
Sousse,House,320000.0,470.0,78.1,3.15
Sousse,Apartment,150000.0,152.0,78.1,3.15
Sousse,Apartment,360000.0,113.0,78.1,3.15
Sousse,House,520000.0,400.0,78.1,3.15
Sousse,Land,530000.0,1.0,78.1,3.15
Sousse,House,920000.0,511.0,78.1,3.15
Sousse,Apartment,130000.0,97.0,78.1,3.15
Sousse,House,800000.0,400.0,78.1,3.15
Sousse,Apartment,246000.0,110.0,78.1,3.15
Sousse,Apartment,340000.0,165.0,78.1,3.15
Sousse,Apartment,425000.0,170.0,78.1,3.15
Sousse,Apartment,360000.0,150.0,78.1,3.15
Sousse,Apartment,620000.0,220.0,78.1,3.15
Sousse,Land,265400.0,1.0,78.1,3.15
Sousse,House,400000.0,180.0,78.1,3.15
Sousse,Unknown,210000.0,170.0,78.1,3.15
Sousse,Land,780000.0,1.0,78.1,3.15
Sousse,Unknown,120000.0,46.0,78.1,3.15
Sousse,Land,896000.0,1.0,78.1,3.15
Sousse,House,700000.0,570.0,78.1,3.15
Sousse,Land,739500.0,1.0,78.1,3.15
Sousse,Apartment,220000.0,170.0,78.1,3.15
Sousse,Apartment,2500000.0,180.0,78.1,3.15
Sousse,Land,2160000.0,1.0,78.1,3.15
Sousse,Land,312000.0,1.0,78.1,3.15
Sousse,Land,203000.0,1.0,78.1,3.15
Sousse,Apartment,340000.0,115.0,78.1,3.15
Sousse,Land,308880.0,1.0,78.1,3.15
Sousse,House,185000.0,140.0,78.1,3.15
Sousse,Apartment,135000.0,97.0,78.1,3.15
Sousse,Land,336600.0,1.0,78.1,3.15
Sousse,Unknown,420000.0,300.0,78.1,3.15
Sousse,Land,420000.0,1.0,78.1,3.15
Sousse,Land,3100000.0,1.0,78.1,3.15
Sousse,House,1450000.0,724.0,78.1,3.15
Sousse,Unknown,50000.0,20.0,78.1,3.15
Sousse,Land,65600.0,1.0,78.1,3.15
Sousse,Unknown,40000.0,40.0,78.1,3.15
Sousse,Apartment,185000.0,65.0,78.1,3.15
Sousse,House,340000.0,117.0,78.1,3.15
Sousse,House,190000.0,120.0,78.1,3.15
Sousse,Unknown,193000.0,93.0,78.1,3.15
Sousse,Land,238000.0,1.0,78.1,3.15
Sousse,House,650000.0,445.0,78.1,3.15
Sousse,Land,245000.0,1.0,78.1,3.15
Sousse,Land,620000.0,1.0,78.1,3.15
Sousse,Apartment,410000.0,192.0,78.1,3.15
Sousse,House,540000.0,218.0,78.1,3.15
Sousse,Land,1390000.0,1.0,78.1,3.15
Sousse,House,185000.0,85.0,78.1,3.15
Sousse,Apartment,195000.0,55.0,78.1,3.15
Sousse,House,320000.0,195.0,78.1,3.15
Sousse,Apartment,295000.0,110.0,78.1,3.15
Sousse,Apartment,70000.0,52.0,78.1,3.15
Sousse,Apartment,98000.0,65.0,78.1,3.15
Sousse,Land,466000.0,1.0,78.1,3.15
Sousse,Apartment,450000.0,70.0,78.1,3.15
Sousse,House,380000.0,1000.0,78.1,3.15
Sousse,House,500000.0,535.0,78.1,3.15
Sousse,Unknown,70000.0,1000.0,78.1,3.15
Sousse,House,650000.0,470.0,78.1,3.15
Sousse,Apartment,145000.0,67.0,78.1,3.15
Sousse,Apartment,320000.0,140.0,78.1,3.15
Sousse,Land,115000.0,1.0,78.1,3.15
Sousse,House,370000.0,330.0,78.1,3.15
Sousse,House,650000.0,217.0,78.1,3.15
Sousse,Apartment,196000.0,105.0,78.1,3.15
Sousse,House,265000.0,273.0,78.1,3.15
Sousse,House,590000.0,800.0,78.1,3.15
Sousse,Apartment,280000.0,260.0,78.1,3.15
Sousse,Unknown,60000.0,70.0,78.1,3.15
Sousse,House,1050000.0,383.0,78.1,3.15
Sousse,Land,309000.0,1.0,78.1,3.15
Sousse,House,1100000.0,956.0,78.1,3.15
Tataouine,House,160000.0,220.0,62.4,4.59
Tataouine,House,50000.0,400.0,62.4,4.59
Tataouine,House,220000.0,482.0,62.4,4.59
Tataouine,House,180000.0,112.0,62.4,4.59
Tataouine,House,200000.0,300.0,62.4,4.59
Tataouine,House,170000.0,240.0,62.4,4.59
Tataouine,House,130000.0,210.0,62.4,4.59
Tozeur,House,250000.0,148.0,60.6,4.88
Tozeur,House,50000.0,289.0,60.6,4.88
Tozeur,House,200000.0,160.0,60.6,4.88
Tozeur,House,170000.0,250.0,60.6,4.88
Tozeur,House,120000.0,200.0,60.6,4.88
Tozeur,House,170000.0,123.0,60.6,4.88
Tozeur,Land,1199000.0,1.0,60.6,4.88
Zaghouan,House,270000.0,269.0,73.3,1.34
Zaghouan,Land,126000.0,1.0,73.3,1.34
Zaghouan,House,280000.0,200.0,73.3,1.34
Zaghouan,House,50000.0,300.0,73.3,1.34
Zaghouan,House,320000.0,200.0,73.3,1.34
Zaghouan,House,75000.0,230.0,73.3,1.34
Zaghouan,House,110000.0,120.0,73.3,1.34
Zaghouan,Land,270000.0,1.0,73.3,1.34
Zaghouan,House,250000.0,640.0,73.3,1.34
Zaghouan,House,250000.0,312.0,73.3,1.34
Zaghouan,Land,410000.0,1.0,73.3,1.34
Zaghouan,House,75000.0,150.0,73.3,1.34
Zaghouan,Land,1120000.0,1.0,73.3,1.34
Zaghouan,House,50000.0,200.0,73.3,1.34
Zaghouan,Land,1111000.0,1.0,73.3,1.34
Zaghouan,Land,155000.0,1.0,73.3,1.34
Zaghouan,House,300000.0,400.0,73.3,1.34
Zaghouan,Land,560000.0,1.0,73.3,1.34
Zaghouan,House,120000.0,300.0,73.3,1.34
Zaghouan,Unknown,2200000.0,30.0,73.3,1.34
Zaghouan,House,55000.0,300.0,73.3,1.34
Zaghouan,House,240000.0,200.0,73.3,1.34
Zaghouan,House,160000.0,250.0,73.3,1.34
Zaghouan,Land,990000.0,1.0,73.3,1.34
Zaghouan,House,160000.0,120.0,73.3,1.34
Zaghouan,Unknown,1300000.0,830.0,73.3,1.34
Zaghouan,Land,2400000.0,1.0,73.3,1.34
Zaghouan,House,160000.0,140.0,73.3,1.34
Sfax,House,90000.0,170.0,80.5,3.59
Sfax,Apartment,60000.0,68.0,80.5,3.59
Sfax,Apartment,114000.0,52.0,80.5,3.59
Sfax,Land,175000.0,1.0,80.5,3.59
Sfax,Land,299000.0,1.0,80.5,3.59
Sfax,Apartment,128000.0,60.0,80.5,3.59
Sfax,Land,24000.0,1.0,80.5,3.59
Sfax,Unknown,65000.0,20.0,80.5,3.59
Sfax,House,360000.0,440.0,80.5,3.59
Sfax,House,140000.0,190.0,80.5,3.59
Sfax,Land,355000.0,1.0,80.5,3.59
Sfax,House,740000.0,150.0,80.5,3.59
Sfax,Apartment,85000.0,50.0,80.5,3.59
Sfax,Land,48000.0,1.0,80.5,3.59
Sfax,Land,390000.0,1.0,80.5,3.59
Sfax,House,350000.0,350.0,80.5,3.59
Sfax,Apartment,140000.0,180.0,80.5,3.59
Sfax,House,86000.0,80.0,80.5,3.59
Sfax,Apartment,92625.0,48.0,80.5,3.59
Sfax,House,120000.0,120.0,80.5,3.59
Sfax,House,130000.0,233.0,80.5,3.59
Sfax,House,650000.0,1000.0,80.5,3.59
Sfax,Apartment,140000.0,131.0,80.5,3.59
Sfax,House,180000.0,170.0,80.5,3.59
Sfax,House,100000.0,180.0,80.5,3.59
Sfax,House,45000.0,150.0,80.5,3.59
Sfax,House,170000.0,185.0,80.5,3.59
Sfax,Apartment,260000.0,165.0,80.5,3.59
Sfax,Apartment,140000.0,160.0,80.5,3.59
Sfax,Unknown,240000.0,280.0,80.5,3.59
Sfax,House,320000.0,1000.0,80.5,3.59
Sfax,Land,430000.0,1.0,80.5,3.59
Sfax,House,130000.0,390.0,80.5,3.59
Sfax,House,200000.0,220.0,80.5,3.59
Sfax,Apartment,125000.0,125.0,80.5,3.59
Sfax,Unknown,35000.0,60.0,80.5,3.59
Sfax,Land,31000.0,1.0,80.5,3.59
Sfax,Land,119000.0,1.0,80.5,3.59
Sfax,Apartment,120000.0,115.0,80.5,3.59
Sfax,House,78000.0,100.0,80.5,3.59
Sfax,House,390000.0,320.0,80.5,3.59
Sfax,Apartment,30000.0,32.0,80.5,3.59
Sfax,Land,741000.0,1.0,80.5,3.59
Sfax,Land,395000.0,1.0,80.5,3.59
Sfax,Land,54000.0,1.0,80.5,3.59
Sfax,Apartment,140000.0,88.0,80.5,3.59
Sfax,Unknown,80000.0,80.0,80.5,3.59
Sfax,Land,116900.0,1.0,80.5,3.59
Sfax,House,390000.0,730.0,80.5,3.59
Sfax,Apartment,130000.0,140.0,80.5,3.59
Sfax,House,200000.0,754.0,80.5,3.59
Sfax,House,135000.0,178.0,80.5,3.59
Sfax,House,145000.0,440.0,80.5,3.59
Sfax,Apartment,450000.0,130.0,80.5,3.59
Sfax,Land,370000.0,1.0,80.5,3.59
Sfax,Apartment,150000.0,107.0,80.5,3.59
Sfax,House,90000.0,135.0,80.5,3.59
Sfax,House,60000.0,160.0,80.5,3.59
Sfax,House,75000.0,1000.0,80.5,3.59
Sfax,Land,18500.0,1.0,80.5,3.59
Sfax,House,780000.0,900.0,80.5,3.59
Sfax,House,55000.0,700.0,80.5,3.59
Sfax,House,300000.0,200.0,80.5,3.59
Sfax,Apartment,160000.0,150.0,80.5,3.59
Sfax,Apartment,200000.0,87.0,80.5,3.59
Sfax,Land,52000.0,1.0,80.5,3.59
Sfax,House,55000.0,750.0,80.5,3.59
Sfax,House,650000.0,684.0,80.5,3.59
Sfax,House,68000.0,120.0,80.5,3.59
Sfax,Apartment,155000.0,104.0,80.5,3.59
Sfax,Unknown,185000.0,110.0,80.5,3.59
Sfax,House,350000.0,500.0,80.5,3.59
Sfax,House,380000.0,900.0,80.5,3.59
Sfax,Apartment,57000.0,80.0,80.5,3.59
Sfax,House,300000.0,420.0,80.5,3.59
Sfax,Land,53000.0,1.0,80.5,3.59
Sfax,House,50000.0,140.0,80.5,3.59
Sfax,House,135000.0,350.0,80.5,3.59
Sfax,House,230000.0,600.0,80.5,3.59
Sfax,House,350000.0,580.0,80.5,3.59
Sfax,Land,305000.0,1.0,80.5,3.59
Sfax,House,550000.0,460.0,80.5,3.59
Sfax,House,210000.0,440.0,80.5,3.59
Sfax,Unknown,59000.0,37.0,80.5,3.59
Sfax,Unknown,183879.0,77.0,80.5,3.59
Sfax,House,132000.0,138.0,80.5,3.59
Sfax,House,330000.0,450.0,80.5,3.59
Sfax,House,395000.0,440.0,80.5,3.59
Sfax,Unknown,100000.0,70.0,80.5,3.59
Sfax,House,110000.0,168.0,80.5,3.59
Sfax,House,350000.0,460.0,80.5,3.59
Sfax,House,120000.0,180.0,80.5,3.59
Sfax,House,480000.0,340.0,80.5,3.59
Sfax,House,320000.0,280.0,80.5,3.59
Sfax,House,180000.0,300.0,80.5,3.59
Sfax,Apartment,280000.0,160.0,80.5,3.59
Sfax,Apartment,109000.0,112.0,80.5,3.59
Sfax,House,300000.0,300.0,80.5,3.59
Sfax,Land,127000.0,1.0,80.5,3.59
Sfax,House,350000.0,585.0,80.5,3.59
Sfax,House,90000.0,370.0,80.5,3.59
Sfax,House,145000.0,140.0,80.5,3.59
Sfax,Land,73000.0,1.0,80.5,3.59
Sfax,Unknown,130000.0,30.0,80.5,3.59
Sfax,House,185000.0,450.0,80.5,3.59
Sfax,House,85000.0,180.0,80.5,3.59
Sfax,Apartment,275000.0,178.0,80.5,3.59
Sfax,House,62000.0,240.0,80.5,3.59
Sfax,Land,520000.0,1.0,80.5,3.59
Sfax,Apartment,350000.0,170.0,80.5,3.59
Sfax,Land,48999.0,1.0,80.5,3.59
Sfax,Land,69000.0,1.0,80.5,3.59
Sfax,House,390000.0,440.0,80.5,3.59
Sfax,Apartment,90000.0,75.0,80.5,3.59
Sfax,House,165000.0,120.0,80.5,3.59
Sfax,House,430000.0,400.0,80.5,3.59
Sfax,House,110000.0,466.0,80.5,3.59
Sfax,Unknown,350000.0,1000.0,80.5,3.59
Sfax,House,330000.0,300.0,80.5,3.59
Sfax,House,135000.0,140.0,80.5,3.59
Sfax,Land,770000.0,1.0,80.5,3.59
Sfax,House,90000.0,140.0,80.5,3.59
Sfax,House,150000.0,324.0,80.5,3.59
Sfax,House,70000.0,160.0,80.5,3.59
Sfax,House,490000.0,500.0,80.5,3.59
Sfax,Apartment,94000.0,80.0,80.5,3.59
Sfax,Land,57000.0,1.0,80.5,3.59
Sfax,House,200000.0,400.0,80.5,3.59
Sfax,House,112000.0,150.0,80.5,3.59
Sfax,House,400000.0,360.0,80.5,3.59
Sfax,Apartment,245000.0,135.0,80.5,3.59
Sfax,Unknown,1100000.0,720.0,80.5,3.59
Sfax,Land,195000.0,1.0,80.5,3.59
Sfax,Land,111000.0,1.0,80.5,3.59
Sfax,House,380000.0,960.0,80.5,3.59
Sfax,House,185000.0,419.0,80.5,3.59
Sfax,Unknown,40000.0,24.0,80.5,3.59
Sfax,Land,225000.0,1.0,80.5,3.59
Sfax,House,80000.0,500.0,80.5,3.59
Sfax,Apartment,52000.0,80.0,80.5,3.59
Sfax,House,970000.0,1000.0,80.5,3.59
Sfax,Unknown,58000.0,25.0,80.5,3.59
Sfax,Apartment,128000.0,80.0,80.5,3.59
Sfax,House,120000.0,131.0,80.5,3.59
Sfax,Land,23000.0,1.0,80.5,3.59
Sfax,House,140000.0,165.0,80.5,3.59
Sfax,Apartment,61000.0,52.0,80.5,3.59
Sfax,House,160000.0,760.0,80.5,3.59
Sfax,Apartment,207000.0,122.0,80.5,3.59
Sfax,House,370000.0,450.0,80.5,3.59
Sfax,House,65000.0,120.0,80.5,3.59
Sfax,House,230000.0,280.0,80.5,3.59
Sfax,Apartment,110000.0,103.0,80.5,3.59
Sfax,Apartment,132000.0,130.0,80.5,3.59
Sfax,Land,5000000.0,1.0,80.5,3.59
Sfax,House,330000.0,930.0,80.5,3.59
Sfax,Apartment,105000.0,90.0,80.5,3.59
Sfax,House,163000.0,176.0,80.5,3.59
Sfax,Apartment,85000.0,80.0,80.5,3.59
Sfax,Land,144000.0,1.0,80.5,3.59
Sfax,Unknown,94000.0,32.0,80.5,3.59
Sfax,Land,20000.0,1.0,80.5,3.59
Sfax,House,140000.0,450.0,80.5,3.59
Sfax,House,400000.0,235.0,80.5,3.59
Sfax,House,140000.0,120.0,80.5,3.59
Sfax,House,163000.0,320.0,80.5,3.59
Sfax,House,120000.0,110.0,80.5,3.59
Sfax,Apartment,53000.0,90.0,80.5,3.59
Sfax,Apartment,95000.0,87.0,80.5,3.59
Sfax,Land,19900.0,1.0,80.5,3.59
Sfax,Apartment,90000.0,62.0,80.5,3.59
Sfax,House,240000.0,275.0,80.5,3.59
Sfax,Apartment,100000.0,100.0,80.5,3.59
Sfax,Apartment,190000.0,144.0,80.5,3.59
Sfax,Apartment,210000.0,128.0,80.5,3.59
Sfax,Apartment,139000.0,108.0,80.5,3.59
Sfax,Apartment,290000.0,173.0,80.5,3.59
Sfax,Apartment,63000.0,140.0,80.5,3.59
Nabeul,House,320000.0,213.0,79.8,1.51
Nabeul,House,370000.0,200.0,79.8,1.51
Nabeul,House,380000.0,320.0,79.8,1.51
Nabeul,House,490000.0,416.0,79.8,1.51
Nabeul,House,790000.0,500.0,79.8,1.51
Nabeul,House,900000.0,334.0,79.8,1.51
Nabeul,House,780000.0,400.0,79.8,1.51
Nabeul,House,850000.0,1000.0,79.8,1.51
Nabeul,House,700000.0,350.0,79.8,1.51
Nabeul,House,558000.0,930.0,79.8,1.51
Nabeul,Land,137500.0,1.0,79.8,1.51
Nabeul,Apartment,335000.0,70.0,79.8,1.51
Nabeul,Land,112000.0,1.0,79.8,1.51
Nabeul,House,520000.0,252.0,79.8,1.51
Nabeul,Apartment,175000.0,92.0,79.8,1.51
Nabeul,House,6000000.0,300.0,79.8,1.51
Nabeul,Land,21000.0,1.0,79.8,1.51
Nabeul,House,170000.0,212.0,79.8,1.51
Nabeul,Land,306000.0,1.0,79.8,1.51
Nabeul,Land,92000.0,1.0,79.8,1.51
Nabeul,House,70000.0,100.0,79.8,1.51
Nabeul,Apartment,1300000.0,85.0,79.8,1.51
Nabeul,House,128000.0,200.0,79.8,1.51
Nabeul,Apartment,65000.0,23.0,79.8,1.51
Nabeul,House,35000.0,160.0,79.8,1.51
Nabeul,House,80000.0,99.0,79.8,1.51
Nabeul,House,85000.0,84.0,79.8,1.51
Nabeul,House,95000.0,340.0,79.8,1.51
Nabeul,House,125000.0,145.0,79.8,1.51
Nabeul,House,45000.0,100.0,79.8,1.51
Nabeul,House,85000.0,400.0,79.8,1.51
Nabeul,House,85000.0,171.0,79.8,1.51
Nabeul,House,65000.0,100.0,79.8,1.51
Nabeul,House,170000.0,270.0,79.8,1.51
Nabeul,House,65000.0,171.0,79.8,1.51
Nabeul,House,93000.0,120.0,79.8,1.51
Nabeul,House,120000.0,289.0,79.8,1.51
Nabeul,Land,462000.0,1.0,79.8,1.51
Nabeul,House,118000.0,170.0,79.8,1.51
Nabeul,House,528000.0,528.0,79.8,1.51
Nabeul,House,130000.0,216.0,79.8,1.51
Nabeul,House,450000.0,230.0,79.8,1.51
Nabeul,House,550000.0,575.0,79.8,1.51
Nabeul,House,700000.0,230.0,79.8,1.51
Nabeul,House,1100000.0,475.0,79.8,1.51
Nabeul,House,180000.0,500.0,79.8,1.51
Nabeul,House,265000.0,190.0,79.8,1.51
Nabeul,Land,426000.0,1.0,79.8,1.51
Nabeul,Land,324000.0,1.0,79.8,1.51
Nabeul,House,95000.0,350.0,79.8,1.51
Nabeul,Land,108000.0,1.0,79.8,1.51
Nabeul,Land,738500.0,1.0,79.8,1.51
Nabeul,Land,90000.0,1.0,79.8,1.51
Nabeul,Land,95400.0,1.0,79.8,1.51
Nabeul,Apartment,140000.0,72.0,79.8,1.51
Nabeul,Unknown,35000.0,35.0,79.8,1.51
Nabeul,Unknown,17000.0,30.0,79.8,1.51
Nabeul,House,105000.0,100.0,79.8,1.51
Nabeul,House,130000.0,160.0,79.8,1.51
Nabeul,House,280000.0,1000.0,79.8,1.51
Nabeul,House,260000.0,105.0,79.8,1.51
Nabeul,Apartment,185000.0,104.0,79.8,1.51
Nabeul,House,220000.0,312.0,79.8,1.51
Nabeul,House,80000.0,220.0,79.8,1.51
Nabeul,Land,77000.0,1.0,79.8,1.51
Nabeul,Land,72000.0,1.0,79.8,1.51
Nabeul,Land,775000.0,1.0,79.8,1.51
Nabeul,Land,580000.0,1.0,79.8,1.51
Nabeul,Land,220000.0,1.0,79.8,1.51
Nabeul,Land,206000.0,1.0,79.8,1.51
Nabeul,Land,387000.0,1.0,79.8,1.51
Nabeul,Apartment,190000.0,96.0,79.8,1.51
Nabeul,Apartment,5400000.0,270.0,79.8,1.51
Nabeul,Land,243000.0,1.0,79.8,1.51
Nabeul,House,190000.0,400.0,79.8,1.51
Nabeul,House,375000.0,634.0,79.8,1.51
Nabeul,Apartment,481000.0,167.0,79.8,1.51
Nabeul,Land,226000.0,1.0,79.8,1.51
Nabeul,House,185000.0,180.0,79.8,1.51
Nabeul,Apartment,185000.0,130.0,79.8,1.51
Nabeul,House,185000.0,220.0,79.8,1.51
Nabeul,Apartment,218000.0,87.0,79.8,1.51
Nabeul,House,110000.0,110.0,79.8,1.51
Nabeul,House,268000.0,180.0,79.8,1.51
Nabeul,House,170000.0,245.0,79.8,1.51
Nabeul,Apartment,350000.0,137.0,79.8,1.51
Nabeul,House,285000.0,1000.0,79.8,1.51
Nabeul,Apartment,55000.0,80.0,79.8,1.51
Nabeul,Land,22500.0,1.0,79.8,1.51
Nabeul,Apartment,250000.0,121.0,79.8,1.51
Nabeul,House,120000.0,90.0,79.8,1.51
Nabeul,House,50000.0,198.0,79.8,1.51
Nabeul,Apartment,85000.0,65.0,79.8,1.51
Nabeul,House,250000.0,300.0,79.8,1.51
Nabeul,House,125000.0,200.0,79.8,1.51
Nabeul,House,400000.0,330.0,79.8,1.51
Nabeul,House,350000.0,360.0,79.8,1.51
Nabeul,Apartment,240000.0,210.0,79.8,1.51
Nabeul,Apartment,165000.0,70.0,79.8,1.51
Nabeul,House,480000.0,335.0,79.8,1.51
Nabeul,Land,109000.0,1.0,79.8,1.51
Nabeul,House,230000.0,201.0,79.8,1.51
Nabeul,House,670000.0,225.0,79.8,1.51
Nabeul,House,190000.0,148.0,79.8,1.51
Nabeul,House,400000.0,190.0,79.8,1.51
Nabeul,House,160000.0,80.0,79.8,1.51
Nabeul,House,35000.0,200.0,79.8,1.51
Nabeul,Apartment,150000.0,50.0,79.8,1.51
Nabeul,Apartment,125000.0,70.0,79.8,1.51
Nabeul,House,550000.0,120.0,79.8,1.51
Nabeul,House,400000.0,310.0,79.8,1.51
Nabeul,House,190000.0,750.0,79.8,1.51
Nabeul,Land,39000.0,1.0,79.8,1.51
Nabeul,Land,35000.0,1.0,79.8,1.51
Nabeul,Apartment,350000.0,110.0,79.8,1.51
Nabeul,Land,27000.0,1.0,79.8,1.51
Nabeul,House,90000.0,240.0,79.8,1.51
Nabeul,House,70000.0,150.0,79.8,1.51
Nabeul,Apartment,240000.0,87.0,79.8,1.51
Nabeul,House,35000.0,100.0,79.8,1.51
Nabeul,Land,139000.0,1.0,79.8,1.51
Nabeul,Land,180000.0,1.0,79.8,1.51
Nabeul,House,260000.0,400.0,79.8,1.51
Nabeul,Land,140000.0,1.0,79.8,1.51
Nabeul,Land,290000.0,1.0,79.8,1.51
Nabeul,House,100000.0,300.0,79.8,1.51
Nabeul,Apartment,164150.0,67.0,79.8,1.51
Nabeul,House,220000.0,150.0,79.8,1.51
Nabeul,Apartment,215000.0,85.0,79.8,1.51
Nabeul,House,295000.0,300.0,79.8,1.51
Nabeul,House,700000.0,100.0,79.8,1.51
Nabeul,House,890000.0,1000.0,79.8,1.51
Nabeul,Land,110500.0,1.0,79.8,1.51
Nabeul,House,750000.0,980.0,79.8,1.51
Nabeul,House,270000.0,200.0,79.8,1.51
Nabeul,House,580000.0,195.0,79.8,1.51
Nabeul,House,420000.0,600.0,79.8,1.51
Nabeul,House,80000.0,110.0,79.8,1.51
Nabeul,House,730000.0,340.0,79.8,1.51
Nabeul,Apartment,1400000.0,300.0,79.8,1.51
Nabeul,Land,18000.0,1.0,79.8,1.51
Nabeul,House,500000.0,360.0,79.8,1.51
Nabeul,House,280000.0,500.0,79.8,1.51
Nabeul,House,250000.0,700.0,79.8,1.51
Nabeul,House,40000.0,330.0,79.8,1.51
Nabeul,House,210000.0,200.0,79.8,1.51
Nabeul,House,130000.0,260.0,79.8,1.51
Nabeul,Apartment,210000.0,143.0,79.8,1.51
Nabeul,House,220000.0,110.0,79.8,1.51
Nabeul,Land,191000.0,1.0,79.8,1.51
Nabeul,Land,82500.0,1.0,79.8,1.51
Nabeul,House,145000.0,143.0,79.8,1.51
Nabeul,House,128000.0,180.0,79.8,1.51
Nabeul,Apartment,300000.0,124.0,79.8,1.51
Nabeul,House,320000.0,220.0,79.8,1.51
Nabeul,House,995000.0,340.0,79.8,1.51
Nabeul,House,880000.0,1000.0,79.8,1.51
Nabeul,Land,1341000.0,1.0,79.8,1.51
Nabeul,Land,333000.0,1.0,79.8,1.51
Nabeul,Land,128000.0,1.0,79.8,1.51
Nabeul,House,155000.0,140.0,79.8,1.51
Nabeul,Apartment,200000.0,90.0,79.8,1.51
Nabeul,Apartment,180000.0,133.0,79.8,1.51
Nabeul,Apartment,130000.0,70.0,79.8,1.51
Nabeul,House,215000.0,84.0,79.8,1.51
Nabeul,House,600000.0,160.0,79.8,1.51
Nabeul,Land,36000.0,1.0,79.8,1.51
Nabeul,Apartment,565000.0,188.0,79.8,1.51
Nabeul,House,600000.0,460.0,79.8,1.51
Nabeul,House,160000.0,190.0,79.8,1.51
Nabeul,House,550000.0,375.0,79.8,1.51
Nabeul,House,320000.0,360.0,79.8,1.51
Nabeul,Apartment,290000.0,130.0,79.8,1.51
Nabeul,Apartment,300000.0,85.0,79.8,1.51
Nabeul,House,350000.0,250.0,79.8,1.51
Nabeul,House,510000.0,250.0,79.8,1.51
Nabeul,Land,87000.0,1.0,79.8,1.51
Nabeul,Apartment,85000.0,60.0,79.8,1.51
Nabeul,Apartment,230000.0,61.0,79.8,1.51
Nabeul,Apartment,130000.0,45.0,79.8,1.51
Nabeul,House,175000.0,340.0,79.8,1.51
Nabeul,House,198000.0,400.0,79.8,1.51
Nabeul,Apartment,255000.0,120.0,79.8,1.51
Nabeul,Apartment,130000.0,74.0,79.8,1.51
Nabeul,Apartment,110000.0,65.0,79.8,1.51
Nabeul,House,128000.0,250.0,79.8,1.51
Nabeul,Apartment,250000.0,120.0,79.8,1.51
Nabeul,Apartment,175000.0,105.0,79.8,1.51
Nabeul,Apartment,140000.0,130.0,79.8,1.51
Nabeul,Land,26700.0,1.0,79.8,1.51
Nabeul,House,160000.0,130.0,79.8,1.51
Nabeul,Land,145000.0,1.0,79.8,1.51
Nabeul,House,185000.0,400.0,79.8,1.51
Nabeul,Apartment,400000.0,200.0,79.8,1.51
Nabeul,Land,50000.0,1.0,79.8,1.51
Nabeul,Land,460000.0,1.0,79.8,1.51
Nabeul,House,150000.0,93.0,79.8,1.51
Nabeul,House,780000.0,500.0,79.8,1.51
Nabeul,House,380000.0,416.0,79.8,1.51
Nabeul,House,175000.0,240.0,79.8,1.51
Nabeul,House,135000.0,200.0,79.8,1.51
Nabeul,House,128000.0,100.0,79.8,1.51
Nabeul,House,270000.0,92.0,79.8,1.51
Nabeul,House,135000.0,100.0,79.8,1.51
Nabeul,Apartment,110000.0,30.0,79.8,1.51
Nabeul,House,160000.0,206.0,79.8,1.51
Nabeul,House,95000.0,109.0,79.8,1.51
Nabeul,House,190000.0,180.0,79.8,1.51
Nabeul,House,265000.0,600.0,79.8,1.51
Nabeul,House,750000.0,400.0,79.8,1.51
Nabeul,House,1800000.0,900.0,79.8,1.51
Nabeul,House,430000.0,180.0,79.8,1.51
Nabeul,House,270000.0,350.0,79.8,1.51
Nabeul,House,140000.0,204.0,79.8,1.51
Nabeul,Land,37000.0,1.0,79.8,1.51
Nabeul,Apartment,90000.0,120.0,79.8,1.51
Nabeul,Land,113000.0,1.0,79.8,1.51
Nabeul,Apartment,191200.0,73.0,79.8,1.51
Nabeul,House,780000.0,520.0,79.8,1.51
Nabeul,House,100000.0,115.0,79.8,1.51
Nabeul,Apartment,190000.0,90.0,79.8,1.51
Nabeul,House,170000.0,254.0,79.8,1.51
Nabeul,House,190000.0,170.0,79.8,1.51
Nabeul,Land,240000.0,1.0,79.8,1.51
Nabeul,House,170000.0,143.0,79.8,1.51
Nabeul,House,260000.0,200.0,79.8,1.51
Nabeul,Land,297000.0,1.0,79.8,1.51
Nabeul,Apartment,350000.0,144.0,79.8,1.51
Nabeul,Land,185000.0,1.0,79.8,1.51
Nabeul,Apartment,350000.0,180.0,79.8,1.51
Nabeul,House,258000.0,260.0,79.8,1.51
Nabeul,House,110000.0,240.0,79.8,1.51
Nabeul,House,190000.0,240.0,79.8,1.51
Nabeul,Apartment,315000.0,137.0,79.8,1.51
Nabeul,Apartment,225000.0,85.0,79.8,1.51
Nabeul,Land,67000.0,1.0,79.8,1.51
Nabeul,Apartment,240000.0,100.0,79.8,1.51
Nabeul,Land,271000.0,1.0,79.8,1.51
Nabeul,Apartment,140000.0,150.0,79.8,1.51
Nabeul,Unknown,140000.0,110.0,79.8,1.51
Nabeul,House,290000.0,200.0,79.8,1.51
Nabeul,House,260000.0,190.0,79.8,1.51
Nabeul,House,1600000.0,300.0,79.8,1.51
Nabeul,Apartment,200000.0,100.0,79.8,1.51
Nabeul,House,850000.0,450.0,79.8,1.51
Nabeul,House,730000.0,350.0,79.8,1.51
Nabeul,Land,17500.0,1.0,79.8,1.51
Nabeul,House,650000.0,345.0,79.8,1.51
Nabeul,House,650000.0,175.0,79.8,1.51
Nabeul,House,480000.0,350.0,79.8,1.51
Nabeul,House,490000.0,250.0,79.8,1.51
Nabeul,House,85000.0,900.0,79.8,1.51
Nabeul,Land,28000.0,1.0,79.8,1.51
Nabeul,Apartment,220000.0,96.0,79.8,1.51
Nabeul,Apartment,200000.0,200.0,79.8,1.51
Nabeul,House,350000.0,200.0,79.8,1.51
Nabeul,Land,34000.0,1.0,79.8,1.51
Nabeul,Land,42000.0,1.0,79.8,1.51
Nabeul,House,200000.0,350.0,79.8,1.51
Nabeul,Apartment,225000.0,75.0,79.8,1.51
Nabeul,House,100000.0,150.0,79.8,1.51
Nabeul,Land,332000.0,1.0,79.8,1.51
Nabeul,House,380000.0,220.0,79.8,1.51
Nabeul,Apartment,237000.0,108.0,79.8,1.51
Nabeul,Apartment,172200.0,70.0,79.8,1.51
Nabeul,Apartment,150000.0,85.0,79.8,1.51
Nabeul,Land,51000.0,1.0,79.8,1.51
Nabeul,House,235000.0,280.0,79.8,1.51
Nabeul,Apartment,105000.0,70.0,79.8,1.51
Nabeul,House,285000.0,350.0,79.8,1.51
Nabeul,Apartment,118000.0,50.0,79.8,1.51
Nabeul,House,165000.0,425.0,79.8,1.51
Nabeul,House,460000.0,416.0,79.8,1.51
Nabeul,House,980000.0,968.0,79.8,1.51
Nabeul,Apartment,280000.0,111.0,79.8,1.51
Nabeul,House,270000.0,112.0,79.8,1.51
Nabeul,House,650000.0,1000.0,79.8,1.51
Nabeul,Land,125000.0,1.0,79.8,1.51
Nabeul,House,360000.0,250.0,79.8,1.51
Nabeul,Apartment,95000.0,40.0,79.8,1.51
Nabeul,House,270000.0,180.0,79.8,1.51
Nabeul,House,470000.0,315.0,79.8,1.51
Nabeul,Apartment,300000.0,84.0,79.8,1.51
Nabeul,Apartment,95000.0,360.0,79.8,1.51
Nabeul,Apartment,60000.0,35.0,79.8,1.51
Nabeul,Land,165000.0,1.0,79.8,1.51
Nabeul,House,230000.0,220.0,79.8,1.51
Nabeul,House,165000.0,190.0,79.8,1.51
Nabeul,Land,133000.0,1.0,79.8,1.51
Nabeul,House,255000.0,190.0,79.8,1.51
Nabeul,House,260000.0,116.0,79.8,1.51
Nabeul,House,130000.0,300.0,79.8,1.51
Nabeul,Apartment,490000.0,140.0,79.8,1.51
Nabeul,Land,244000.0,1.0,79.8,1.51
Nabeul,Apartment,180000.0,150.0,79.8,1.51
Nabeul,Unknown,80000.0,164.0,79.8,1.51
Nabeul,Apartment,163300.0,71.0,79.8,1.51
Nabeul,House,180000.0,200.0,79.8,1.51
Nabeul,House,130000.0,150.0,79.8,1.51
Nabeul,Land,688000.0,1.0,79.8,1.51
Nabeul,Land,1000000.0,1.0,79.8,1.51
Nabeul,Apartment,690000.0,200.0,79.8,1.51
Nabeul,Apartment,70000.0,110.0,79.8,1.51
Nabeul,Apartment,145000.0,65.0,79.8,1.51
Nabeul,Land,135000.0,1.0,79.8,1.51
Nabeul,Land,32000.0,1.0,79.8,1.51
Nabeul,House,310000.0,640.0,79.8,1.51
Nabeul,Apartment,200000.0,110.0,79.8,1.51
Nabeul,Apartment,160000.0,61.0,79.8,1.51
Nabeul,Land,129000.0,1.0,79.8,1.51
Nabeul,House,120000.0,150.0,79.8,1.51
Nabeul,House,250000.0,250.0,79.8,1.51
Nabeul,Land,33000.0,1.0,79.8,1.51
Nabeul,House,330000.0,475.0,79.8,1.51
Nabeul,House,117000.0,196.0,79.8,1.51
Nabeul,Apartment,690000.0,340.0,79.8,1.51
Nabeul,House,105000.0,80.0,79.8,1.51
Nabeul,House,65000.0,110.0,79.8,1.51
Nabeul,House,130000.0,120.0,79.8,1.51
Nabeul,Land,49000.0,1.0,79.8,1.51
Nabeul,House,650000.0,415.0,79.8,1.51
Nabeul,House,895000.0,450.0,79.8,1.51
Nabeul,House,160000.0,131.0,79.8,1.51
Nabeul,Land,281000.0,1.0,79.8,1.51
Nabeul,Apartment,340000.0,108.0,79.8,1.51
Nabeul,House,430000.0,220.0,79.8,1.51
Nabeul,House,800000.0,600.0,79.8,1.51
Nabeul,House,285000.0,360.0,79.8,1.51
Nabeul,Apartment,339000.0,110.0,79.8,1.51
Nabeul,House,380000.0,230.0,79.8,1.51
Nabeul,Apartment,135000.0,66.0,79.8,1.51
Nabeul,House,330000.0,230.0,79.8,1.51
Nabeul,Apartment,441000.0,126.0,79.8,1.51
Nabeul,Apartment,130000.0,75.0,79.8,1.51
Nabeul,Apartment,125000.0,84.0,79.8,1.51
Nabeul,Apartment,120000.0,70.0,79.8,1.51
Nabeul,Apartment,230000.0,80.0,79.8,1.51
Nabeul,Apartment,98000.0,175.0,79.8,1.51
Nabeul,Apartment,129000.0,80.0,79.8,1.51
Nabeul,Apartment,230000.0,75.0,79.8,1.51
Nabeul,House,130000.0,125.0,79.8,1.51
Nabeul,Land,300000.0,1.0,79.8,1.51
Nabeul,House,80000.0,130.0,79.8,1.51
Nabeul,House,280000.0,378.0,79.8,1.51
Nabeul,Apartment,165000.0,235.0,79.8,1.51
Nabeul,Apartment,240000.0,90.0,79.8,1.51
Nabeul,House,65000.0,103.0,79.8,1.51
Nabeul,Apartment,230000.0,70.0,79.8,1.51
Nabeul,Apartment,150000.0,100.0,79.8,1.51
Nabeul,Apartment,170000.0,80.0,79.8,1.51
Nabeul,Apartment,90000.0,70.0,79.8,1.51
Nabeul,Apartment,120000.0,72.0,79.8,1.51
Nabeul,House,260000.0,250.0,79.8,1.51
Nabeul,House,235000.0,80.0,79.8,1.51
Nabeul,House,195000.0,200.0,79.8,1.51
Nabeul,Apartment,590000.0,226.0,79.8,1.51
Nabeul,Land,19500.0,1.0,79.8,1.51
Nabeul,House,185000.0,200.0,79.8,1.51
Nabeul,House,85000.0,90.0,79.8,1.51
Nabeul,Land,320000.0,1.0,79.8,1.51
Nabeul,Land,17900.0,1.0,79.8,1.51
Tunis,House,240000.0,219.0,76.6,3.83
Tunis,House,175000.0,95.0,76.6,3.83
Tunis,Unknown,300000.0,109.0,76.6,3.83
Tunis,Apartment,98000.0,90.0,76.6,3.83
Tunis,Apartment,170000.0,100.0,76.6,3.83
Tunis,Apartment,185000.0,95.0,76.6,3.83
Tunis,Apartment,561000.0,174.0,76.6,3.83
Tunis,Land,19000.0,1.0,76.6,3.83
Tunis,House,400000.0,260.0,76.6,3.83
Tunis,Apartment,700000.0,150.0,76.6,3.83
Tunis,Apartment,205000.0,100.0,76.6,3.83
Tunis,Apartment,980000.0,190.0,76.6,3.83
Tunis,Apartment,850000.0,165.0,76.6,3.83
Tunis,Land,138000.0,1.0,76.6,3.83
Tunis,Apartment,336000.0,114.0,76.6,3.83
Tunis,House,890000.0,808.0,76.6,3.83
Tunis,Apartment,365000.0,103.0,76.6,3.83
Tunis,House,620000.0,320.0,76.6,3.83
Tunis,House,1190000.0,340.0,76.6,3.83
Tunis,Apartment,115000.0,100.0,76.6,3.83
Tunis,Apartment,87000.0,70.0,76.6,3.83
Tunis,Apartment,42000.0,55.0,76.6,3.83
Tunis,House,650000.0,307.0,76.6,3.83
Tunis,Land,340000.0,1.0,76.6,3.83
Tunis,House,1350000.0,368.0,76.6,3.83
Tunis,Apartment,220000.0,111.0,76.6,3.83
Tunis,Unknown,2850000.0,750.0,76.6,3.83
Tunis,House,110000.0,80.0,76.6,3.83
Tunis,Apartment,245000.0,109.0,76.6,3.83
Tunis,Apartment,150000.0,60.0,76.6,3.83
Tunis,Unknown,180000.0,25.0,76.6,3.83
Tunis,Apartment,195000.0,57.0,76.6,3.83
Tunis,Apartment,295000.0,154.0,76.6,3.83
Tunis,House,940000.0,900.0,76.6,3.83
Tunis,Land,470000.0,1.0,76.6,3.83
Tunis,Apartment,425000.0,95.0,76.6,3.83
Tunis,Apartment,240000.0,113.0,76.6,3.83
Tunis,House,70000.0,120.0,76.6,3.83
Tunis,Apartment,250000.0,137.0,76.6,3.83
Tunis,House,2100000.0,700.0,76.6,3.83
Tunis,House,1850000.0,725.0,76.6,3.83
Tunis,House,1045000.0,405.0,76.6,3.83
Tunis,Apartment,180000.0,78.0,76.6,3.83
Tunis,Apartment,305000.0,100.0,76.6,3.83
Tunis,Land,1170000.0,1.0,76.6,3.83
Tunis,Land,5025000.0,1.0,76.6,3.83
Tunis,House,580000.0,240.0,76.6,3.83
Tunis,Land,1375000.0,1.0,76.6,3.83
Tunis,House,250000.0,220.0,76.6,3.83
Tunis,House,390000.0,340.0,76.6,3.83
Tunis,Unknown,700000.0,600.0,76.6,3.83
Tunis,House,2500000.0,130.0,76.6,3.83
Tunis,Land,2132500.0,1.0,76.6,3.83
Tunis,Apartment,150000.0,62.0,76.6,3.83
Tunis,Land,616000.0,1.0,76.6,3.83
Tunis,Land,315000.0,1.0,76.6,3.83
Tunis,House,2950000.0,846.0,76.6,3.83
Tunis,Unknown,472000.0,110.0,76.6,3.83
Tunis,House,520000.0,158.0,76.6,3.83
Tunis,Unknown,650000.0,60.0,76.6,3.83
Tunis,Apartment,270000.0,135.0,76.6,3.83
Tunis,House,500000.0,300.0,76.6,3.83
Tunis,Apartment,185000.0,129.0,76.6,3.83
Tunis,Apartment,220000.0,113.0,76.6,3.83
Tunis,Unknown,120000.0,25.0,76.6,3.83
Tunis,Apartment,245000.0,119.0,76.6,3.83
Tunis,House,165000.0,88.0,76.6,3.83
Tunis,House,85000.0,100.0,76.6,3.83
Tunis,Apartment,130000.0,80.0,76.6,3.83
Tunis,Unknown,98000.0,60.0,76.6,3.83
Tunis,House,425000.0,356.0,76.6,3.83
Tunis,Apartment,270000.0,122.0,76.6,3.83
Tunis,Apartment,168000.0,84.0,76.6,3.83
Tunis,House,850000.0,750.0,76.6,3.83
Tunis,Apartment,450000.0,140.0,76.6,3.83
Tunis,Land,450000.0,1.0,76.6,3.83
Tunis,Apartment,65000.0,54.0,76.6,3.83
Tunis,Apartment,88000.0,55.0,76.6,3.83
Tunis,Land,820000.0,1.0,76.6,3.83
Tunis,Land,364000.0,1.0,76.6,3.83
Tunis,House,220000.0,130.0,76.6,3.83
Tunis,House,2200000.0,650.0,76.6,3.83
Tunis,House,850000.0,500.0,76.6,3.83
Tunis,Apartment,790000.0,250.0,76.6,3.83
Tunis,Land,1686000.0,1.0,76.6,3.83
Tunis,Apartment,320000.0,125.0,76.6,3.83
Tunis,House,250000.0,210.0,76.6,3.83
Tunis,Unknown,95000.0,150.0,76.6,3.83
Tunis,Land,134000.0,1.0,76.6,3.83
Tunis,House,145000.0,83.0,76.6,3.83
Tunis,Apartment,255000.0,105.0,76.6,3.83
Tunis,Land,230000.0,1.0,76.6,3.83
Tunis,House,107000.0,150.0,76.6,3.83
Tunis,House,6000000.0,1000.0,76.6,3.83
Tunis,Apartment,420000.0,222.0,76.6,3.83
Tunis,Unknown,210000.0,140.0,76.6,3.83
Tunis,Apartment,235000.0,100.0,76.6,3.83
Tunis,Apartment,600000.0,182.0,76.6,3.83
Tunis,House,133000.0,76.0,76.6,3.83
Tunis,Unknown,4000000.0,150.0,76.6,3.83
Tunis,House,135000.0,150.0,76.6,3.83
Tunis,Apartment,90000.0,76.0,76.6,3.83
Tunis,House,165000.0,124.0,76.6,3.83
Tunis,House,985000.0,577.0,76.6,3.83
Tunis,Unknown,670000.0,70.0,76.6,3.83
Tunis,House,6000000.0,92.0,76.6,3.83
Tunis,Apartment,140000.0,84.0,76.6,3.83
Tunis,House,430000.0,380.0,76.6,3.83
Tunis,Apartment,95000.0,75.0,76.6,3.83
Tunis,House,98000.0,100.0,76.6,3.83
Tunis,Apartment,200000.0,109.0,76.6,3.83
Tunis,House,950000.0,459.0,76.6,3.83
Tunis,House,400000.0,550.0,76.6,3.83
Tunis,Apartment,220000.0,165.0,76.6,3.83
Tunis,Land,38000.0,1.0,76.6,3.83
Tunis,Land,576000.0,1.0,76.6,3.83
Tunis,Apartment,585000.0,202.0,76.6,3.83
Tunis,Apartment,150000.0,120.0,76.6,3.83
Tunis,Unknown,65000.0,50.0,76.6,3.83
Tunis,Unknown,37000.0,70.0,76.6,3.83
Tunis,Apartment,430000.0,157.0,76.6,3.83
Tunis,Apartment,790000.0,225.0,76.6,3.83
Tunis,Apartment,581000.0,139.0,76.6,3.83
Tunis,Apartment,407000.0,143.0,76.6,3.83
Tunis,House,169000.0,150.0,76.6,3.83
Tunis,Apartment,100000.0,110.0,76.6,3.83
Tunis,Apartment,95000.0,70.0,76.6,3.83
Tunis,Apartment,565000.0,122.0,76.6,3.83
Tunis,Apartment,310000.0,67.0,76.6,3.83
Tunis,Apartment,169500.0,82.0,76.6,3.83
Tunis,Apartment,60000.0,50.0,76.6,3.83
Tunis,House,140000.0,70.0,76.6,3.83
Tunis,Apartment,350000.0,117.0,76.6,3.83
Tunis,Apartment,360000.0,238.0,76.6,3.83
Tunis,Apartment,370000.0,250.0,76.6,3.83
Tunis,Apartment,560000.0,260.0,76.6,3.83
Tunis,House,570000.0,260.0,76.6,3.83
Tunis,Apartment,215000.0,90.0,76.6,3.83
Tunis,Apartment,175000.0,68.0,76.6,3.83
Tunis,House,420000.0,170.0,76.6,3.83
Tunis,House,210000.0,130.0,76.6,3.83
Tunis,House,420000.0,250.0,76.6,3.83
Tunis,House,290000.0,180.0,76.6,3.83
Tunis,Land,235000.0,1.0,76.6,3.83
Tunis,House,200000.0,105.0,76.6,3.83
Tunis,Apartment,247000.0,108.0,76.6,3.83
Tunis,Apartment,100000.0,30.0,76.6,3.83
Tunis,Unknown,260000.0,48.0,76.6,3.83
Tunis,House,1150000.0,1000.0,76.6,3.83
Tunis,Apartment,147000.0,68.0,76.6,3.83
Tunis,Apartment,160000.0,100.0,76.6,3.83
Tunis,Land,1600000.0,1.0,76.6,3.83
Tunis,House,860000.0,146.0,76.6,3.83
Tunis,Apartment,175000.0,66.0,76.6,3.83
Tunis,Land,690000.0,1.0,76.6,3.83
Tunis,Apartment,180000.0,68.0,76.6,3.83
Tunis,Apartment,130000.0,90.0,76.6,3.83
Tunis,House,180000.0,154.0,76.6,3.83
Tunis,Land,920000.0,1.0,76.6,3.83
Tunis,House,2600000.0,1000.0,76.6,3.83
Tunis,House,850000.0,414.0,76.6,3.83
Tunis,Apartment,780000.0,220.0,76.6,3.83
Tunis,House,1100000.0,250.0,76.6,3.83
Tunis,Unknown,4200000.0,103.0,76.6,3.83
Tunis,House,2480000.0,1000.0,76.6,3.83
Tunis,Unknown,970000.0,248.0,76.6,3.83
Tunis,House,2400000.0,630.0,76.6,3.83
Tunis,Apartment,305000.0,165.0,76.6,3.83
Tunis,Apartment,225000.0,132.0,76.6,3.83
Tunis,House,300000.0,87.0,76.6,3.83
Tunis,Apartment,700000.0,90.0,76.6,3.83
Tunis,House,600000.0,70.0,76.6,3.83
Tunis,Apartment,245000.0,138.0,76.6,3.83
Tunis,Apartment,115000.0,77.0,76.6,3.83
Tunis,Land,3000000.0,1.0,76.6,3.83
Tunis,Apartment,260000.0,124.0,76.6,3.83
Tunis,Apartment,252000.0,75.0,76.6,3.83
Tunis,Apartment,509000.0,145.0,76.6,3.83
Tunis,House,1250000.0,442.0,76.6,3.83
Tunis,Apartment,735000.0,240.0,76.6,3.83
Tunis,Unknown,15000.0,50.0,76.6,3.83
Tunis,House,670000.0,240.0,76.6,3.83
Tunis,House,385000.0,200.0,76.6,3.83
Tunis,Apartment,72000.0,38.0,76.6,3.83
Tunis,House,160000.0,125.0,76.6,3.83
Tunis,Apartment,220000.0,67.0,76.6,3.83
Tunis,Apartment,515000.0,225.0,76.6,3.83
Tunis,Land,570000.0,1.0,76.6,3.83
Tunis,Unknown,30000.0,1000.0,76.6,3.83
Tunis,House,3300000.0,490.0,76.6,3.83
Tunis,Land,2100000.0,1.0,76.6,3.83
Tunis,Land,677600.0,1.0,76.6,3.83
Tunis,Apartment,710000.0,182.0,76.6,3.83
Tunis,Apartment,170000.0,66.0,76.6,3.83
Tunis,Apartment,110000.0,100.0,76.6,3.83
Tunis,Unknown,350000.0,150.0,76.6,3.83
Tunis,House,1300000.0,772.0,76.6,3.83
Tunis,House,220000.0,300.0,76.6,3.83
Tunis,Apartment,700000.0,175.0,76.6,3.83
Tunis,Apartment,480000.0,120.0,76.6,3.83
Tunis,Unknown,435540.0,103.0,76.6,3.83
Tunis,Unknown,699000.0,142.0,76.6,3.83
Tunis,Unknown,45000.0,180.0,76.6,3.83
Tunis,House,335000.0,240.0,76.6,3.83
Tunis,Unknown,500000.0,45.0,76.6,3.83
Tunis,House,180000.0,270.0,76.6,3.83
Tunis,Apartment,340000.0,140.0,76.6,3.83
Tunis,Apartment,700000.0,148.0,76.6,3.83
Tunis,Apartment,660000.0,138.0,76.6,3.83
Tunis,Unknown,986000.0,200.0,76.6,3.83
Tunis,House,320000.0,185.0,76.6,3.83
Tunis,Land,720000.0,1.0,76.6,3.83
Tunis,Land,82000.0,1.0,76.6,3.83
Tunis,Apartment,1500000.0,280.0,76.6,3.83
Tunis,Unknown,220000.0,140.0,76.6,3.83
Tunis,Apartment,68000.0,55.0,76.6,3.83
Tunis,Apartment,180000.0,52.0,76.6,3.83
Tunis,House,50000.0,180.0,76.6,3.83
Tunis,House,130000.0,111.0,76.6,3.83
Tunis,Land,900000.0,1.0,76.6,3.83
Tunis,Apartment,225000.0,60.0,76.6,3.83
Tunis,Apartment,228000.0,118.0,76.6,3.83
Tunis,Unknown,280000.0,133.0,76.6,3.83
Tunis,Unknown,25000.0,50.0,76.6,3.83
Tunis,House,90000.0,124.0,76.6,3.83
Tunis,Land,80000.0,1.0,76.6,3.83
Tunis,Unknown,239000.0,60.0,76.6,3.83
Tunis,Apartment,100000.0,85.0,76.6,3.83
Tunis,Land,65000.0,1.0,76.6,3.83
Tunis,House,220000.0,134.0,76.6,3.83
Tunis,Apartment,350000.0,122.0,76.6,3.83
Tunis,Unknown,17500.0,700.0,76.6,3.83
Tunis,House,3800000.0,1000.0,76.6,3.83
Tunis,Apartment,448000.0,167.0,76.6,3.83
Tunis,Apartment,375000.0,136.0,76.6,3.83
Tunis,Land,500000.0,1.0,76.6,3.83
Tunis,Apartment,625000.0,236.0,76.6,3.83
Tunis,Unknown,290000.0,109.0,76.6,3.83
Tunis,House,730000.0,500.0,76.6,3.83
Tunis,House,150000.0,90.0,76.6,3.83
Tunis,Apartment,350000.0,181.0,76.6,3.83
Tunis,House,930000.0,475.0,76.6,3.83
Tunis,House,550000.0,307.0,76.6,3.83
Tunis,Unknown,100000.0,90.0,76.6,3.83
Tunis,Unknown,480000.0,150.0,76.6,3.83
Tunis,Land,3500000.0,1.0,76.6,3.83
Tunis,House,100000.0,256.0,76.6,3.83
Tunis,Apartment,287000.0,143.0,76.6,3.83
Tunis,Unknown,55000.0,70.0,76.6,3.83
Tunis,Apartment,370000.0,151.0,76.6,3.83
Tunis,House,190000.0,109.0,76.6,3.83
Tunis,House,95000.0,100.0,76.6,3.83
Tunis,Apartment,450000.0,155.0,76.6,3.83
Tunis,Apartment,435000.0,159.0,76.6,3.83
Tunis,House,360000.0,270.0,76.6,3.83
Tunis,House,1330000.0,480.0,76.6,3.83
Tunis,Apartment,210000.0,70.0,76.6,3.83
Tunis,Apartment,450000.0,202.0,76.6,3.83
Tunis,Unknown,90000.0,42.0,76.6,3.83
Tunis,Unknown,450000.0,42.0,76.6,3.83
Tunis,House,750000.0,150.0,76.6,3.83
Tunis,House,150000.0,220.0,76.6,3.83
Tunis,Apartment,235000.0,127.0,76.6,3.83
Tunis,Apartment,155000.0,80.0,76.6,3.83
Tunis,Unknown,30000.0,40.0,76.6,3.83
Tunis,Land,1025200.0,1.0,76.6,3.83
Tunis,Apartment,355000.0,118.0,76.6,3.83
Tunis,Apartment,225000.0,124.0,76.6,3.83
Tunis,House,580000.0,260.0,76.6,3.83
Tunis,Apartment,310000.0,127.0,76.6,3.83
Tunis,Apartment,182000.0,100.0,76.6,3.83
Tunis,House,580000.0,468.0,76.6,3.83
Tunis,Apartment,590000.0,172.0,76.6,3.83
Tunis,House,480000.0,200.0,76.6,3.83
Tunis,House,550000.0,240.0,76.6,3.83
Tunis,Apartment,980000.0,500.0,76.6,3.83
Tunis,Land,15500.0,1.0,76.6,3.83
Tunis,Land,1650000.0,1.0,76.6,3.83
Tunis,Apartment,66000.0,62.0,76.6,3.83
Tunis,Apartment,390000.0,159.0,76.6,3.83
Tunis,House,600000.0,340.0,76.6,3.83
Tunis,Land,119250.0,1.0,76.6,3.83
Tunis,House,120000.0,270.0,76.6,3.83
Tunis,Apartment,880000.0,196.0,76.6,3.83
Tunis,House,1050000.0,465.0,76.6,3.83
Tunis,Apartment,350000.0,156.0,76.6,3.83
Tunis,Apartment,560000.0,160.0,76.6,3.83
Tunis,Apartment,262000.0,115.0,76.6,3.83
Tunis,Apartment,65000.0,60.0,76.6,3.83
Tunis,Apartment,290000.0,93.0,76.6,3.83
Tunis,Apartment,550000.0,285.0,76.6,3.83
Tunis,Unknown,600000.0,120.0,76.6,3.83
Tunis,Apartment,345000.0,123.0,76.6,3.83
Tunis,Apartment,2995000.0,174.0,76.6,3.83
Tunis,Land,4900000.0,1.0,76.6,3.83
Tunis,Unknown,30000.0,1000.0,76.6,3.83
Tunis,Apartment,1800080.0,52.0,76.6,3.83
Tunis,Unknown,2500000.0,220.0,76.6,3.83
Tunis,Apartment,380000.0,165.0,76.6,3.83
Tunis,Unknown,900000.0,57.0,76.6,3.83
Tunis,Apartment,450000.0,160.0,76.6,3.83
Tunis,Apartment,250000.0,145.0,76.6,3.83
Tunis,House,170000.0,128.0,76.6,3.83
Tunis,Apartment,165000.0,82.0,76.6,3.83
Tunis,Apartment,260000.0,149.0,76.6,3.83
Tunis,Apartment,265000.0,138.0,76.6,3.83
Tunis,Apartment,380000.0,175.0,76.6,3.83
Tunis,Apartment,278000.0,143.0,76.6,3.83
Tunis,House,750000.0,577.0,76.6,3.83
Tunis,Apartment,60000.0,100.0,76.6,3.83
Tunis,House,950000.0,950.0,76.6,3.83
Tunis,Unknown,16375.0,785.0,76.6,3.83
Tunis,House,950000.0,445.0,76.6,3.83
Tunis,House,240000.0,188.0,76.6,3.83
Tunis,House,950000.0,450.0,76.6,3.83
Tunis,Unknown,15000.0,150.0,76.6,3.83
Tunis,Apartment,450000.0,158.0,76.6,3.83
Tunis,Apartment,195000.0,60.0,76.6,3.83
Tunis,Apartment,180000.0,60.0,76.6,3.83
Tunis,Land,66000.0,1.0,76.6,3.83
Tunis,Apartment,450000.0,176.0,76.6,3.83
Tunis,Unknown,70000.0,76.0,76.6,3.83
Tunis,Apartment,260000.0,150.0,76.6,3.83
Tunis,House,560000.0,357.0,76.6,3.83
Tunis,House,1200000.0,550.0,76.6,3.83
Tunis,House,360000.0,180.0,76.6,3.83
Tunis,Apartment,2200000.0,128.0,76.6,3.83
Tunis,Apartment,150000.0,63.0,76.6,3.83
Tunis,Apartment,160000.0,65.0,76.6,3.83
Tunis,Apartment,380000.0,150.0,76.6,3.83
Tunis,Unknown,470000.0,201.0,76.6,3.83
Tunis,House,1600000.0,170.0,76.6,3.83
Tunis,Apartment,250000.0,130.0,76.6,3.83
Tunis,Land,98000.0,1.0,76.6,3.83
Tunis,Apartment,530000.0,220.0,76.6,3.83
Tunis,House,600000.0,579.0,76.6,3.83
Tunis,House,800000.0,183.0,76.6,3.83
Tunis,Land,105000.0,1.0,76.6,3.83
Tunis,House,150000.0,180.0,76.6,3.83
Tunis,House,240000.0,170.0,76.6,3.83
Tunis,Apartment,103356.0,79.0,76.6,3.83
Tunis,House,1800000.0,750.0,76.6,3.83
Tunis,Unknown,15000.0,450.0,76.6,3.83
Tunis,House,120000.0,75.0,76.6,3.83
Tunis,Unknown,49700.0,1000.0,76.6,3.83
Tunis,Apartment,870000.0,179.0,76.6,3.83
Tunis,Unknown,225000.0,63.0,76.6,3.83
Tunis,Unknown,115000.0,38.0,76.6,3.83
Tunis,House,1100000.0,510.0,76.6,3.83
Tunis,Unknown,450000.0,100.0,76.6,3.83
Tunis,Unknown,50000.0,1000.0,76.6,3.83
Tunis,Land,750000.0,1.0,76.6,3.83
Tunis,House,1850000.0,349.0,76.6,3.83
Tunis,Apartment,542300.0,187.0,76.6,3.83
Tunis,Land,55000.0,1.0,76.6,3.83
Tunis,Land,4640000.0,1.0,76.6,3.83
Tunis,Apartment,350000.0,136.0,76.6,3.83
Tunis,House,1400000.0,318.0,76.6,3.83
Tunis,Unknown,650000.0,273.0,76.6,3.83
Tunis,House,380000.0,400.0,76.6,3.83
Tunis,Apartment,300000.0,150.0,76.6,3.83
Tunis,Apartment,650000.0,300.0,76.6,3.83
Tunis,Land,250000.0,1.0,76.6,3.83
Tunis,Apartment,700000.0,170.0,76.6,3.83
Tunis,House,850000.0,140.0,76.6,3.83
Tunis,Apartment,195000.0,77.0,76.6,3.83
Tunis,Unknown,320000.0,90.0,76.6,3.83
Tunis,Apartment,95000.0,60.0,76.6,3.83
Tunis,Unknown,2600000.0,116.0,76.6,3.83
Tunis,House,1500000.0,476.0,76.6,3.83
Tunis,Unknown,360000.0,100.0,76.6,3.83
Tunis,Apartment,570000.0,193.0,76.6,3.83
Tunis,Apartment,350000.0,184.0,76.6,3.83
Tunis,Apartment,250000.0,126.0,76.6,3.83
Tunis,House,170000.0,124.0,76.6,3.83
Tunis,Apartment,325000.0,112.0,76.6,3.83
Tunis,Apartment,560000.0,294.0,76.6,3.83
Tunis,Apartment,360000.0,110.0,76.6,3.83
Tunis,Apartment,260000.0,153.0,76.6,3.83
Tunis,House,360000.0,350.0,76.6,3.83
Tunis,Apartment,200000.0,80.0,76.6,3.83
Tunis,House,1050000.0,498.0,76.6,3.83
Tunis,House,620000.0,463.0,76.6,3.83
Tunis,Apartment,330000.0,140.0,76.6,3.83
Tunis,House,1550000.0,370.0,76.6,3.83
Tunis,Apartment,650000.0,134.0,76.6,3.83
Tunis,Apartment,230000.0,85.0,76.6,3.83
Tunis,Apartment,470000.0,265.0,76.6,3.83
Tunis,House,970000.0,542.0,76.6,3.83
Tunis,House,1180000.0,624.0,76.6,3.83
Tunis,Apartment,2000000.0,120.0,76.6,3.83
Tunis,House,2500000.0,775.0,76.6,3.83
Tunis,Land,2700000.0,1.0,76.6,3.83
Tunis,Apartment,780000.0,190.0,76.6,3.83
Tunis,Apartment,190000.0,135.0,76.6,3.83
Tunis,Apartment,270000.0,100.0,76.6,3.83
Tunis,Apartment,260000.0,65.0,76.6,3.83
Tunis,Apartment,835000.0,300.0,76.6,3.83
Tunis,Apartment,330000.0,164.0,76.6,3.83
Tunis,Unknown,89000.0,50.0,76.6,3.83
Tunis,House,750000.0,709.0,76.6,3.83
Tunis,Apartment,245000.0,116.0,76.6,3.83
Tunis,Apartment,170000.0,65.0,76.6,3.83
Tunis,Apartment,170000.0,125.0,76.6,3.83
Tunis,House,80000.0,90.0,76.6,3.83
Tunis,Unknown,130000.0,200.0,76.6,3.83
Tunis,Apartment,130000.0,82.0,76.6,3.83
Tunis,Land,84000.0,1.0,76.6,3.83
Tunis,House,1900000.0,600.0,76.6,3.83
Tunis,Land,950000.0,1.0,76.6,3.83
Tunis,Apartment,175000.0,80.0,76.6,3.83
Tunis,House,250000.0,192.0,76.6,3.83
Tunis,House,100000.0,200.0,76.6,3.83
Tunis,Land,26000.0,1.0,76.6,3.83
Tunis,House,1056000.0,330.0,76.6,3.83
Tunis,Apartment,726400.0,227.0,76.6,3.83
Tunis,Apartment,420000.0,157.0,76.6,3.83
Tunis,House,1200000.0,450.0,76.6,3.83
Tunis,Apartment,400000.0,160.0,76.6,3.83
Tunis,Land,2200000.0,1.0,76.6,3.83
Tunis,House,185000.0,210.0,76.6,3.83
Tunis,Unknown,19900.0,39.0,76.6,3.83
Tunis,House,650000.0,267.0,76.6,3.83
Tunis,Apartment,130000.0,100.0,76.6,3.83
Tunis,Land,1950000.0,1.0,76.6,3.83
Tunis,House,160000.0,200.0,76.6,3.83
Tunis,Apartment,145000.0,70.0,76.6,3.83
Tunis,Unknown,160000.0,68.0,76.6,3.83
Tunis,Apartment,650000.0,214.0,76.6,3.83
Tunis,Apartment,255000.0,150.0,76.6,3.83
Tunis,House,490000.0,320.0,76.6,3.83
Tunis,Apartment,320000.0,135.0,76.6,3.83
Tunis,House,390000.0,240.0,76.6,3.83
Tunis,Land,2000000.0,1.0,76.6,3.83
Tunis,House,1650000.0,412.0,76.6,3.83
Tunis,House,200000.0,162.0,76.6,3.83
Tunis,Land,4637100.0,1.0,76.6,3.83
Tunis,Apartment,330000.0,160.0,76.6,3.83
Tunis,Apartment,270000.0,110.0,76.6,3.83
Tunis,Apartment,695000.0,237.0,76.6,3.83
Tunis,Land,1078000.0,1.0,76.6,3.83
Tunis,Unknown,300000.0,350.0,76.6,3.83
Tunis,Apartment,266000.0,86.0,76.6,3.83
Tunis,Apartment,191000.0,67.0,76.6,3.83
Tunis,Land,1227000.0,1.0,76.6,3.83
Tunis,House,950000.0,390.0,76.6,3.83
Tunis,House,1850000.0,424.0,76.6,3.83
Tunis,Apartment,275000.0,123.0,76.6,3.83
Tunis,Unknown,65000.0,80.0,76.6,3.83
Tunis,House,750000.0,250.0,76.6,3.83
Tunis,House,4500000.0,870.0,76.6,3.83
Tunis,House,2900000.0,1000.0,76.6,3.83
Tunis,Apartment,360000.0,170.0,76.6,3.83
Tunis,Apartment,285000.0,111.0,76.6,3.83
Tunis,Apartment,480000.0,275.0,76.6,3.83
Tunis,House,1050000.0,730.0,76.6,3.83
Tunis,House,250000.0,180.0,76.6,3.83
Tunis,Unknown,250000.0,200.0,76.6,3.83
Tunis,Unknown,250000.0,106.0,76.6,3.83
Tunis,House,3900000.0,1000.0,76.6,3.83
Tunis,House,850000.0,250.0,76.6,3.83
Tunis,House,350000.0,1000.0,76.6,3.83
Tunis,Apartment,280000.0,122.0,76.6,3.83
Tunis,House,1300000.0,500.0,76.6,3.83
Tunis,Apartment,190000.0,99.0,76.6,3.83
Tunis,Unknown,35000.0,30.0,76.6,3.83
Tunis,Apartment,240000.0,123.0,76.6,3.83
Tunis,Apartment,320000.0,143.0,76.6,3.83
Tunis,Apartment,215000.0,67.0,76.6,3.83
Tunis,Unknown,125000.0,80.0,76.6,3.83
Tunis,House,1050000.0,400.0,76.6,3.83
Tunis,House,900000.0,400.0,76.6,3.83
Tunis,House,230000.0,152.0,76.6,3.83
Tunis,House,150000.0,164.0,76.6,3.83
Tunis,Unknown,4500000.0,100.0,76.6,3.83
Tunis,Apartment,350000.0,140.0,76.6,3.83
Tunis,Apartment,560000.0,202.0,76.6,3.83
Tunis,Apartment,480000.0,153.0,76.6,3.83
Tunis,Unknown,45000.0,20.0,76.6,3.83
Tunis,House,900000.0,520.0,76.6,3.83
Tunis,Apartment,1050000.0,130.0,76.6,3.83
Tunis,Apartment,980000.0,228.0,76.6,3.83
Tunis,House,85000.0,1000.0,76.6,3.83
Tunis,Apartment,160000.0,75.0,76.6,3.83
Tunis,House,600000.0,392.0,76.6,3.83
Tunis,House,900000.0,500.0,76.6,3.83
Tunis,Apartment,190000.0,94.0,76.6,3.83
Tunis,Apartment,295000.0,135.0,76.6,3.83
Tunis,Land,95000.0,1.0,76.6,3.83
Tunis,House,220000.0,137.0,76.6,3.83
Tunis,Apartment,234972.0,77.0,76.6,3.83
Tunis,Apartment,495000.0,118.0,76.6,3.83
Tunis,Unknown,1400000.0,241.0,76.6,3.83
Tunis,House,300000.0,800.0,76.6,3.83
Tunis,House,400000.0,250.0,76.6,3.83
Tunis,House,650000.0,431.0,76.6,3.83
Tunis,Apartment,75000.0,70.0,76.6,3.83
Tunis,House,350000.0,120.0,76.6,3.83
Tunis,House,890000.0,188.0,76.6,3.83
Tunis,House,190000.0,110.0,76.6,3.83
Tunis,House,950000.0,180.0,76.6,3.83
Tunis,House,1250000.0,380.0,76.6,3.83
Tunis,House,680000.0,695.0,76.6,3.83
Tunis,House,1200000.0,280.0,76.6,3.83
Tunis,Apartment,750000.0,191.0,76.6,3.83
Tunis,Apartment,300000.0,97.0,76.6,3.83
Tunis,Apartment,900000.0,144.0,76.6,3.83
Tunis,Apartment,850000.0,150.0,76.6,3.83
Tunis,Unknown,45000.0,60.0,76.6,3.83
Tunis,Unknown,550000.0,42.0,76.6,3.83
Tunis,Unknown,80000.0,100.0,76.6,3.83
Tunis,Apartment,800000.0,229.0,76.6,3.83
Tunis,Apartment,155000.0,67.0,76.6,3.83
Tunis,Apartment,250000.0,110.0,76.6,3.83
Tunis,House,1800000.0,643.0,76.6,3.83
Tunis,House,1550000.0,420.0,76.6,3.83
Tunis,Apartment,260000.0,73.0,76.6,3.83
Tunis,Land,100000.0,1.0,76.6,3.83
Tunis,Apartment,600000.0,260.0,76.6,3.83
Tunis,Apartment,175000.0,100.0,76.6,3.83
Tunis,House,220000.0,220.0,76.6,3.83
Tunis,Unknown,120000.0,80.0,76.6,3.83
Tunis,Land,259500.0,1.0,76.6,3.83
Tunis,Apartment,215000.0,113.0,76.6,3.83
Tunis,Apartment,235000.0,74.0,76.6,3.83
Tunis,House,350000.0,380.0,76.6,3.83
Tunis,House,250000.0,115.0,76.6,3.83
Tunis,Unknown,125000.0,45.0,76.6,3.83
Tunis,Apartment,225000.0,100.0,76.6,3.83
Tunis,House,280000.0,130.0,76.6,3.83
Tunis,Apartment,380000.0,119.0,76.6,3.83
Tunis,House,820000.0,400.0,76.6,3.83
Tunis,Land,1700000.0,1.0,76.6,3.83
Tunis,Apartment,95000.0,78.0,76.6,3.83
Tunis,Apartment,245000.0,101.0,76.6,3.83
Tunis,Unknown,22500.0,1000.0,76.6,3.83
Tunis,Apartment,540000.0,178.0,76.6,3.83
Tunis,House,1000000.0,436.0,76.6,3.83
Tunis,Land,650000.0,1.0,76.6,3.83
Tunis,House,690000.0,515.0,76.6,3.83
Tunis,Apartment,350000.0,174.0,76.6,3.83
Tunis,Apartment,95000.0,80.0,76.6,3.83
Tunis,Apartment,242000.0,110.0,76.6,3.83
Tunis,Land,400000.0,1.0,76.6,3.83
Tunis,Apartment,850000.0,247.0,76.6,3.83
Tunis,Apartment,198000.0,92.0,76.6,3.83
Tunis,Land,1069000.0,1.0,76.6,3.83
Tunis,House,170000.0,110.0,76.6,3.83
Tunis,Apartment,175000.0,85.0,76.6,3.83
Tunis,Apartment,200000.0,108.0,76.6,3.83
Tunis,Apartment,250000.0,125.0,76.6,3.83
Tunis,Apartment,250000.0,134.0,76.6,3.83
Tunis,Apartment,220000.0,106.0,76.6,3.83
Tunis,House,570000.0,360.0,76.6,3.83
Tunis,Apartment,175000.0,65.0,76.6,3.83
Tunis,Land,190000.0,1.0,76.6,3.83
Tunis,Apartment,70000.0,70.0,76.6,3.83
Tunis,House,1580000.0,686.0,76.6,3.83
Tunis,Apartment,264000.0,104.0,76.6,3.83
Tunis,Unknown,170000.0,200.0,76.6,3.83
Tunis,Unknown,150000.0,20.0,76.6,3.83
Tunis,Apartment,280000.0,134.0,76.6,3.83
Tunis,Apartment,147000.0,85.0,76.6,3.83
Tunis,Apartment,545000.0,197.0,76.6,3.83
Tunis,Apartment,235000.0,78.0,76.6,3.83
Tunis,Unknown,302000.0,116.0,76.6,3.83
Tunis,House,450000.0,250.0,76.6,3.83
Tunis,House,900000.0,1000.0,76.6,3.83
Tunis,Apartment,400000.0,142.0,76.6,3.83
Tunis,Apartment,370000.0,240.0,76.6,3.83
Tunis,House,2500000.0,600.0,76.6,3.83
Tunis,House,520000.0,350.0,76.6,3.83
Tunis,Unknown,196000.0,140.0,76.6,3.83
Tunis,House,1500000.0,250.0,76.6,3.83
Tunis,House,1350000.0,500.0,76.6,3.83
Tunis,House,17000.0,1000.0,76.6,3.83
Tunis,Apartment,1000000.0,100.0,76.6,3.83
Tunis,House,2000000.0,425.0,76.6,3.83
Tunis,Unknown,540000.0,190.0,76.6,3.83
Tunis,Land,107000.0,1.0,76.6,3.83
Tunis,Land,88000.0,1.0,76.6,3.83
Tunis,Apartment,185000.0,94.0,76.6,3.83
Tunis,Land,85000.0,1.0,76.6,3.83
Tunis,Apartment,210000.0,105.0,76.6,3.83
Tunis,House,260000.0,100.0,76.6,3.83
Tunis,Unknown,150000.0,95.0,76.6,3.83
Tunis,Apartment,155000.0,103.0,76.6,3.83
Tunis,Apartment,147000.0,78.0,76.6,3.83
Tunis,Apartment,180000.0,100.0,76.6,3.83
Tunis,Apartment,135000.0,60.0,76.6,3.83
Tunis,Apartment,120000.0,60.0,76.6,3.83
Tunis,Land,30000.0,1.0,76.6,3.83
Tunis,Apartment,230000.0,135.0,76.6,3.83
Tunis,House,530000.0,436.0,76.6,3.83
Tunis,House,980000.0,448.0,76.6,3.83
Tunis,Land,3400000.0,1.0,76.6,3.83
Tunis,House,330000.0,200.0,76.6,3.83
Tunis,Unknown,1000000.0,80.0,76.6,3.83
Tunis,Land,15000.0,1.0,76.6,3.83
Tunis,Apartment,300000.0,118.0,76.6,3.83
Tunis,Apartment,250000.0,135.0,76.6,3.83
Tunis,Apartment,100000.0,87.0,76.6,3.83
Tunis,Unknown,2100000.0,58.0,76.6,3.83
Tunis,House,1250000.0,1000.0,76.6,3.83
Tunis,Land,29000.0,1.0,76.6,3.83
Tunis,House,480000.0,280.0,76.6,3.83
Tunis,Apartment,160000.0,37.0,76.6,3.83
Tunis,Apartment,80000.0,45.0,76.6,3.83
Tunis,Land,17000.0,1.0,76.6,3.83
Tunis,Land,190900.0,1.0,76.6,3.83
Tunis,Apartment,130000.0,50.0,76.6,3.83
Tunis,Unknown,140000.0,60.0,76.6,3.83
Tunis,Apartment,650000.0,179.0,76.6,3.83
Tunis,House,800000.0,200.0,76.6,3.83
Tunis,Apartment,353000.0,117.0,76.6,3.83
Tunis,House,400000.0,110.0,76.6,3.83
Tunis,Apartment,70000.0,80.0,76.6,3.83
Tunis,Unknown,15000.0,40.0,76.6,3.83
Tunis,House,600000.0,402.0,76.6,3.83
Tunis,House,1350000.0,677.0,76.6,3.83
Tunis,Apartment,230000.0,143.0,76.6,3.83
Tunis,Unknown,50000.0,35.0,76.6,3.83
Tunis,Apartment,150000.0,61.0,76.6,3.83
Tunis,House,400000.0,300.0,76.6,3.83
Tunis,Apartment,172000.0,60.0,76.6,3.83
Tunis,House,850000.0,266.0,76.6,3.83
Tunis,House,140000.0,100.0,76.6,3.83
Tunis,Land,1250000.0,1.0,76.6,3.83
Tunis,House,1200000.0,452.0,76.6,3.83
Tunis,Land,765000.0,1.0,76.6,3.83
Tunis,Land,440000.0,1.0,76.6,3.83
Tunis,Land,363000.0,1.0,76.6,3.83
Tunis,Apartment,220000.0,120.0,76.6,3.83
Tunis,Apartment,170000.0,104.0,76.6,3.83
Tunis,Unknown,450000.0,90.0,76.6,3.83
Tunis,Unknown,720000.0,266.0,76.6,3.83
Tunis,Land,1110000.0,1.0,76.6,3.83
Tunis,Unknown,450000.0,402.0,76.6,3.83
Tunis,Apartment,180000.0,180.0,76.6,3.83
Tunis,Land,534600.0,1.0,76.6,3.83
Tunis,House,950000.0,480.0,76.6,3.83
Tunis,House,4800000.0,760.0,76.6,3.83
Tunis,House,450000.0,200.0,76.6,3.83
Tunis,House,270000.0,250.0,76.6,3.83
Tunis,Apartment,380000.0,118.0,76.6,3.83
Tunis,Land,600000.0,1.0,76.6,3.83
Tunis,Apartment,50000.0,50.0,76.6,3.83
Tunis,Apartment,630000.0,236.0,76.6,3.83
Tunis,Apartment,74000.0,70.0,76.6,3.83
Tunis,Apartment,270000.0,133.0,76.6,3.83
Tunis,House,450000.0,415.0,76.6,3.83
Tunis,Land,1150000.0,1.0,76.6,3.83
Tunis,House,1900000.0,700.0,76.6,3.83
Tunis,House,1200000.0,496.0,76.6,3.83
Tunis,Apartment,225000.0,92.0,76.6,3.83
Tunis,Apartment,800000.0,130.0,76.6,3.83
Tunis,Unknown,360000.0,80.0,76.6,3.83
Tunis,Unknown,600000.0,157.0,76.6,3.83
Tunis,Land,22000.0,1.0,76.6,3.83
Tunis,Apartment,360000.0,151.0,76.6,3.83
Tunis,Apartment,280000.0,70.0,76.6,3.83
Tunis,Land,260000.0,1.0,76.6,3.83
Tunis,House,700000.0,200.0,76.6,3.83
Tunis,Apartment,295000.0,134.0,76.6,3.83
Tunis,Land,255000.0,1.0,76.6,3.83
Tunis,Apartment,350000.0,151.0,76.6,3.83
Tunis,House,980000.0,440.0,76.6,3.83
Tunis,Unknown,100000.0,143.0,76.6,3.83
Tunis,Unknown,220000.0,54.0,76.6,3.83
Tunis,Unknown,342000.0,100.0,76.6,3.83
Tunis,Apartment,275000.0,79.0,76.6,3.83
Tunis,Apartment,174800.0,76.0,76.6,3.83
Tunis,House,200000.0,112.0,76.6,3.83
Tunis,Apartment,240000.0,129.0,76.6,3.83
Tunis,Apartment,370000.0,124.0,76.6,3.83
Tunis,Apartment,243000.0,85.0,76.6,3.83
Tunis,Land,1272000.0,1.0,76.6,3.83
Tunis,House,95000.0,120.0,76.6,3.83
Tunis,Land,800000.0,1.0,76.6,3.83
Tunis,Land,130000.0,1.0,76.6,3.83
Tunis,Apartment,740000.0,310.0,76.6,3.83
Tunis,Apartment,130000.0,59.0,76.6,3.83
Tunis,Unknown,325000.0,1000.0,76.6,3.83
Tunis,Apartment,367000.0,123.0,76.6,3.83
Tunis,House,100000.0,120.0,76.6,3.83
Tunis,Unknown,111111.0,140.0,76.6,3.83
Tunis,Unknown,650000.0,85.0,76.6,3.83
Tunis,Land,1470000.0,1.0,76.6,3.83
Tunis,Apartment,72000.0,45.0,76.6,3.83
Tunis,Land,700000.0,1.0,76.6,3.83
Tunis,Apartment,55000.0,50.0,76.6,3.83
Tunis,Apartment,170000.0,70.0,76.6,3.83
Tunis,Land,360000.0,1.0,76.6,3.83
Tunis,Apartment,170000.0,68.0,76.6,3.83
Tunis,Apartment,500000.0,256.0,76.6,3.83
Tunis,House,90000.0,147.0,76.6,3.83
Tunis,Unknown,180000.0,70.0,76.6,3.83
Tunis,Apartment,380000.0,200.0,76.6,3.83
Tunis,Apartment,280000.0,100.0,76.6,3.83
Tunis,Unknown,39000.0,38.0,76.6,3.83
Tunis,House,180000.0,120.0,76.6,3.83
Tunis,Apartment,60000.0,40.0,76.6,3.83
Tunis,Apartment,220000.0,70.0,76.6,3.83
Tunis,House,575000.0,300.0,76.6,3.83
Tunis,Unknown,500000.0,100.0,76.6,3.83
Tunis,Apartment,250000.0,92.0,76.6,3.83
Tunis,House,1000000.0,137.0,76.6,3.83
Tunis,Land,210000.0,1.0,76.6,3.83
Tunis,Land,25000.0,1.0,76.6,3.83
Tunis,Land,2880000.0,1.0,76.6,3.83
Tunis,Unknown,550000.0,192.0,76.6,3.83
Tunis,House,1600000.0,518.0,76.6,3.83
Tunis,Apartment,780000.0,230.0,76.6,3.83
Tunis,Apartment,1400000.0,400.0,76.6,3.83
Tunis,Apartment,170000.0,75.0,76.6,3.83
Tunis,Land,2500000.0,1.0,76.6,3.83
Tunis,Unknown,400000.0,1000.0,76.6,3.83
Tunis,House,310000.0,260.0,76.6,3.83
Tunis,House,130000.0,186.0,76.6,3.83
Tunis,Apartment,300000.0,128.0,76.6,3.83
Tunis,Land,88400.0,1.0,76.6,3.83
Tunis,Land,6000000.0,1.0,76.6,3.83
Tunis,House,130000.0,130.0,76.6,3.83
Tunis,Unknown,120000.0,50.0,76.6,3.83
Tunis,House,120000.0,250.0,76.6,3.83
Tunis,Land,170000.0,1.0,76.6,3.83
Tunis,Unknown,47000.0,50.0,76.6,3.83
Tunis,House,1700000.0,300.0,76.6,3.83
Tunis,Land,1500000.0,1.0,76.6,3.83
Tunis,Apartment,85000.0,70.0,76.6,3.83
Tunis,Land,280000.0,1.0,76.6,3.83
Tunis,House,400000.0,288.0,76.6,3.83
Tunis,Unknown,60000.0,30.0,76.6,3.83
Tunis,House,1600000.0,400.0,76.6,3.83
Tunis,Apartment,335000.0,125.0,76.6,3.83
Tunis,House,130000.0,85.0,76.6,3.83
Tunis,Apartment,220000.0,100.0,76.6,3.83
Tunis,Land,200000.0,1.0,76.6,3.83
Tunis,House,90000.0,100.0,76.6,3.83
Tunis,Apartment,525000.0,165.0,76.6,3.83
Tunis,Apartment,250000.0,90.0,76.6,3.83
Tunis,Apartment,1150000.0,360.0,76.6,3.83
Tunis,Land,477400.0,1.0,76.6,3.83
Tunis,Apartment,446000.0,90.0,76.6,3.83
Tunis,Apartment,295000.0,95.0,76.6,3.83
Tunis,House,1000000.0,352.0,76.6,3.83
Tunis,Land,2900000.0,1.0,76.6,3.83
Tunis,Land,480000.0,1.0,76.6,3.83
Tunis,Land,380000.0,1.0,76.6,3.83
Tunis,Land,796400.0,1.0,76.6,3.83
Tunis,House,3300000.0,680.0,76.6,3.83
Tunis,House,150000.0,80.0,76.6,3.83
Tunis,Land,40000.0,1.0,76.6,3.83
Tunis,Apartment,194037.0,69.0,76.6,3.83
Tunis,Unknown,210000.0,75.0,76.6,3.83
Tunis,House,280000.0,120.0,76.6,3.83
Tunis,Land,70000.0,1.0,76.6,3.83
Tunis,House,2800000.0,480.0,76.6,3.83
Tunis,Land,160000.0,1.0,76.6,3.83
Tunis,Apartment,252000.0,140.0,76.6,3.83
Tunis,Apartment,290000.0,122.0,76.6,3.83
Tunis,Apartment,550000.0,140.0,76.6,3.83
Tunis,House,3700000.0,1000.0,76.6,3.83
Tunis,Apartment,50000.0,70.0,76.6,3.83
Tunis,House,2100000.0,807.0,76.6,3.83
Tunis,House,2300000.0,717.0,76.6,3.83
Tunis,House,230000.0,140.0,76.6,3.83
Tunis,Land,1100000.0,1.0,76.6,3.83
Tunis,Apartment,410000.0,100.0,76.6,3.83
Tunis,Apartment,570000.0,117.0,76.6,3.83
Tunis,Apartment,210000.0,110.0,76.6,3.83
Tunis,Apartment,200000.0,120.0,76.6,3.83
Tunis,Apartment,270000.0,160.0,76.6,3.83
Tunis,Apartment,240000.0,105.0,76.6,3.83
Tunis,Apartment,165000.0,100.0,76.6,3.83
Tunis,Apartment,300000.0,62.0,76.6,3.83
Tunis,Apartment,290000.0,167.0,76.6,3.83
Tunis,House,870000.0,470.0,76.6,3.83
Tunis,House,155000.0,164.0,76.6,3.83
Tunis,House,60000.0,80.0,76.6,3.83
Tunis,Land,1111111.0,1.0,76.6,3.83
Tunis,Apartment,285000.0,102.0,76.6,3.83
Tunis,Unknown,52000.0,51.0,76.6,3.83
Tunis,Apartment,290000.0,115.0,76.6,3.83
Tunis,Apartment,430000.0,140.0,76.6,3.83
Tunis,Land,350000.0,1.0,76.6,3.83
Tunis,House,32000.0,300.0,76.6,3.83
Tunis,Apartment,120000.0,83.0,76.6,3.83
Tunis,Land,111111.0,1.0,76.6,3.83
Tunis,Apartment,135000.0,80.0,76.6,3.83
Tunis,Apartment,300000.0,100.0,76.6,3.83
Tunis,Land,16000.0,1.0,76.6,3.83
Tunis,Land,375000.0,1.0,76.6,3.83
Tunis,House,230000.0,200.0,76.6,3.83
Tunis,House,1000000.0,500.0,76.6,3.83
Tunis,Apartment,230000.0,105.0,76.6,3.83
Tunis,House,420000.0,150.0,76.6,3.83
Tunis,Land,540000.0,1.0,76.6,3.83
Tunis,Land,75000.0,1.0,76.6,3.83
Tunis,House,115000.0,140.0,76.6,3.83
Tunis,Apartment,180000.0,80.0,76.6,3.83
Tunis,Unknown,450000.0,425.0,76.6,3.83
Tunis,Apartment,270000.0,130.0,76.6,3.83
Tunis,Apartment,220000.0,85.0,76.6,3.83
Tunis,Apartment,323000.0,147.0,76.6,3.83
Tunis,Apartment,380000.0,155.0,76.6,3.83
Tunis,Apartment,450000.0,147.0,76.6,3.83
Tunis,Apartment,610000.0,200.0,76.6,3.83
Tunis,Apartment,215000.0,93.0,76.6,3.83
Tunis,Land,850000.0,1.0,76.6,3.83
Tunis,Apartment,180000.0,160.0,76.6,3.83
Tunis,Unknown,100000.0,25.0,76.6,3.83
Tunis,Land,110000.0,1.0,76.6,3.83
Tunis,Apartment,330000.0,212.0,76.6,3.83
Tunis,Apartment,550000.0,355.0,76.6,3.83
Tunis,Apartment,190000.0,100.0,76.6,3.83
Tunis,Apartment,680000.0,284.0,76.6,3.83
Tunis,Land,1200000.0,1.0,76.6,3.83
Tunis,Apartment,255000.0,110.0,76.6,3.83
Tunis,Apartment,650000.0,200.0,76.6,3.83
Tunis,Apartment,459650.0,211.0,76.6,3.83
Tunis,Land,1800000.0,1.0,76.6,3.83
Tunis,Land,550000.0,1.0,76.6,3.83
Tunis,Land,1400000.0,1.0,76.6,3.83
Tunis,House,750000.0,401.0,76.6,3.83
Tunis,Land,45000.0,1.0,76.6,3.83
Tunis,House,1200000.0,410.0,76.6,3.83
Tunis,Apartment,88000.0,97.0,76.6,3.83
Tunis,Apartment,95000.0,86.0,76.6,3.83
Tunis,Land,120000.0,1.0,76.6,3.83
Tunis,House,320000.0,108.0,76.6,3.83
Tunis,Apartment,90000.0,80.0,76.6,3.83
Tunis,House,2800000.0,1000.0,76.6,3.83
Tunis,House,2200000.0,571.0,76.6,3.83
Tunis,Apartment,260000.0,130.0,76.6,3.83
Tunis,Unknown,25000.0,1000.0,76.6,3.83
Tunis,Apartment,220000.0,90.0,76.6,3.83
Tunis,House,850000.0,300.0,76.6,3.83
Tunis,Unknown,25000.0,100.0,76.6,3.83
Tunis,House,187000.0,180.0,76.6,3.83
Tunis,Land,150000.0,1.0,76.6,3.83
Tunis,Apartment,800000.0,100.0,76.6,3.83
Tunis,Apartment,295000.0,61.0,76.6,3.83
Tunis,Apartment,950000.0,186.0,76.6,3.83
Tunis,Apartment,800000.0,150.0,76.6,3.83
Tunis,Land,1300000.0,1.0,76.6,3.83
Tunis,Apartment,80000.0,75.0,76.6,3.83
Tunis,Apartment,299000.0,98.0,76.6,3.83
Tunis,Apartment,415000.0,161.0,76.6,3.83
Tunis,Apartment,160000.0,104.0,76.6,3.83
Tunis,Land,60000.0,1.0,76.6,3.83
Tunis,Unknown,115000.0,29.0,76.6,3.83
Tunis,Unknown,50000.0,100.0,76.6,3.83
Tunis,Apartment,110000.0,68.0,76.6,3.83
Tunis,Apartment,250000.0,140.0,76.6,3.83
Tunis,Land,3200000.0,1.0,76.6,3.83
Tunis,House,1950000.0,760.0,76.6,3.83
Tunis,House,240000.0,190.0,76.6,3.83
Bizerte,Apartment,140000.0,63.0,72.7,2.16
Bizerte,House,550000.0,196.0,72.7,2.16
Bizerte,Apartment,330000.0,130.0,72.7,2.16
Bizerte,House,200000.0,205.0,72.7,2.16
Bizerte,Apartment,150000.0,51.0,72.7,2.16
Bizerte,Apartment,330000.0,100.0,72.7,2.16
Bizerte,Land,369000.0,410.0,72.7,2.16
Bizerte,Land,378000.0,420.0,72.7,2.16
Bizerte,Apartment,135000.0,65.0,72.7,2.16
Bizerte,House,615000.0,320.0,72.7,2.16
Bizerte,House,610000.0,513.0,72.7,2.16
Bizerte,Apartment,160000.0,110.0,72.7,2.16
Bizerte,House,635000.0,100.0,72.7,2.16
Bizerte,House,230000.0,160.0,72.7,2.16
Bizerte,Apartment,320000.0,100.0,72.7,2.16
Bizerte,House,350000.0,200.0,72.7,2.16
Bizerte,House,350000.0,251.0,72.7,2.16
Bizerte,House,273000.0,150.0,72.7,2.16
Bizerte,House,240000.0,150.0,72.7,2.16
Bizerte,House,650000.0,305.0,72.7,2.16
Bizerte,House,530000.0,284.0,72.7,2.16
Bizerte,House,600000.0,300.0,72.7,2.16
Bizerte,House,1250000.0,826.0,72.7,2.16
Bizerte,Land,440000.0,550.0,72.7,2.16
Bizerte,Land,691600.0,728.0,72.7,2.16
Bizerte,House,350000.0,153.0,72.7,2.16
Bizerte,Land,188500.0,377.0,72.7,2.16
Bizerte,Apartment,520000.0,250.0,72.7,2.16
Bizerte,House,95000.0,113.0,72.7,2.16
Bizerte,Land,711000.0,790.0,72.7,2.16
Bizerte,Land,600000.0,1000.0,72.7,2.16
Bizerte,Land,290000.0,414.0,72.7,2.16
Bizerte,House,480000.0,270.0,72.7,2.16
Bizerte,House,350000.0,194.0,72.7,2.16
Bizerte,Land,595000.0,540.0,72.7,2.16
Bizerte,House,220000.0,120.0,72.7,2.16
Bizerte,Apartment,310000.0,128.0,72.7,2.16
Bizerte,Apartment,160000.0,140.0,72.7,2.16
Bizerte,House,725000.0,460.0,72.7,2.16
Nabeul,House,535000.0,400.0,79.8,1.51
Nabeul,Land,510000.0,417.0,79.8,1.51
Nabeul,Land,285000.0,257.0,79.8,1.51
Nabeul,Apartment,400000.0,125.0,79.8,1.51
Nabeul,Apartment,400000.0,120.0,79.8,1.51
Nabeul,Apartment,400000.0,128.0,79.8,1.51
Nabeul,House,600000.0,400.0,79.8,1.51
Nabeul,House,155000.0,152.0,79.8,1.51
Nabeul,Apartment,280000.0,120.0,79.8,1.51
Nabeul,House,410000.0,390.0,79.8,1.51
Nabeul,Apartment,560000.0,304.0,79.8,1.51
Nabeul,Apartment,175000.0,100.0,79.8,1.51
Nabeul,Apartment,180000.0,100.0,79.8,1.51
Nabeul,Apartment,220000.0,120.0,79.8,1.51
Nabeul,House,700000.0,313.0,79.8,1.51
Nabeul,Apartment,600000.0,200.0,79.8,1.51
Nabeul,House,400000.0,76.0,79.8,1.51
Nabeul,House,370000.0,122.0,79.8,1.51
Nabeul,House,950000.0,350.0,79.8,1.51
Nabeul,House,2100000.0,650.0,79.8,1.51
Nabeul,Land,35000.0,157.0,79.8,1.51
Nabeul,House,260000.0,200.0,79.8,1.51
Nabeul,Apartment,295000.0,83.0,79.8,1.51
Nabeul,House,850000.0,200.0,79.8,1.51
Nabeul,Land,660000.0,220.0,79.8,1.51
Nabeul,Land,250000.0,296.0,79.8,1.51
Nabeul,Land,150000.0,225.0,79.8,1.51
Nabeul,Apartment,365000.0,131.0,79.8,1.51
Nabeul,Apartment,420000.0,127.0,79.8,1.51
Nabeul,Land,80000.0,105.0,79.8,1.51
Nabeul,Apartment,345000.0,117.0,79.8,1.51
Nabeul,Apartment,215000.0,49.0,79.8,1.51
Nabeul,House,470000.0,299.0,79.8,1.51
Nabeul,Land,316000.0,527.0,79.8,1.51
Nabeul,Apartment,350000.0,200.0,79.8,1.51
Nabeul,Apartment,185000.0,110.0,79.8,1.51
Nabeul,Apartment,295000.0,110.0,79.8,1.51
Nabeul,House,700000.0,500.0,79.8,1.51
Nabeul,Apartment,220000.0,118.0,79.8,1.51
Nabeul,Apartment,185000.0,80.0,79.8,1.51
Nabeul,House,2200000.0,750.0,79.8,1.51
Nabeul,Apartment,320000.0,83.0,79.8,1.51
Nabeul,House,495000.0,350.0,79.8,1.51
Nabeul,Apartment,200000.0,105.0,79.8,1.51
Nabeul,Apartment,310000.0,130.0,79.8,1.51
Nabeul,Apartment,250000.0,110.0,79.8,1.51
Nabeul,House,885000.0,500.0,79.8,1.51
Nabeul,Apartment,240000.0,110.0,79.8,1.51
Nabeul,House,197000.0,170.0,79.8,1.51
Nabeul,Apartment,270000.0,80.0,79.8,1.51
Nabeul,House,495000.0,220.0,79.8,1.51
Nabeul,Apartment,395000.0,253.0,79.8,1.51
Nabeul,House,360000.0,208.0,79.8,1.51
Nabeul,House,450000.0,195.0,79.8,1.51
Nabeul,Apartment,300000.0,100.0,79.8,1.51
Nabeul,Apartment,300000.0,127.0,79.8,1.51
Nabeul,House,2295000.0,984.0,79.8,1.51
Nabeul,Apartment,250155.0,55.0,79.8,1.51
Nabeul,Apartment,468384.0,111.0,79.8,1.51
Nabeul,Land,310000.0,277.0,79.8,1.51
Nabeul,Apartment,307000.0,81.0,79.8,1.51
Nabeul,Land,680000.0,687.0,79.8,1.51
Nabeul,Apartment,449400.0,107.0,79.8,1.51
Nabeul,Apartment,239400.0,57.0,79.8,1.51
Nabeul,Apartment,720000.0,152.0,79.8,1.51
Nabeul,Apartment,680000.0,158.0,79.8,1.51
Nabeul,Apartment,403200.0,96.0,79.8,1.51
Nabeul,Apartment,560000.0,185.0,79.8,1.51
Nabeul,Apartment,350000.0,80.0,79.8,1.51
Nabeul,House,390000.0,105.0,79.8,1.51
Nabeul,Apartment,450000.0,113.0,79.8,1.51
Nabeul,Apartment,630000.0,94.0,79.8,1.51
Nabeul,Apartment,175000.0,80.0,79.8,1.51
Nabeul,House,850000.0,174.0,79.8,1.51
Nabeul,House,430000.0,344.0,79.8,1.51
Nabeul,House,280000.0,85.0,79.8,1.51
Nabeul,Land,600000.0,265.0,79.8,1.51
Nabeul,Apartment,240000.0,150.0,79.8,1.51
Nabeul,Land,180000.0,237.0,79.8,1.51
Nabeul,House,540000.0,270.0,79.8,1.51
Nabeul,House,820000.0,337.0,79.8,1.51
Nabeul,House,860000.0,603.0,79.8,1.51
Nabeul,Apartment,215000.0,72.0,79.8,1.51
Nabeul,House,880000.0,360.0,79.8,1.51
Nabeul,House,380000.0,250.0,79.8,1.51
Nabeul,Apartment,250000.0,174.0,79.8,1.51
Nabeul,Apartment,450000.0,113.0,79.8,1.51
Nabeul,Land,187500.0,250.0,79.8,1.51
Nabeul,House,350000.0,100.0,79.8,1.51
Nabeul,House,385000.0,167.0,79.8,1.51
Nabeul,House,990000.0,503.0,79.8,1.51
Nabeul,Land,330000.0,394.0,79.8,1.51
Nabeul,Land,66000.0,120.0,79.8,1.51
Nabeul,Land,217000.0,310.0,79.8,1.51
Nabeul,House,1200000.0,240.0,79.8,1.51
Nabeul,Land,170000.0,237.0,79.8,1.51
Nabeul,House,899000.0,490.0,79.8,1.51
Nabeul,Apartment,150000.0,78.0,79.8,1.51
Nabeul,House,1200000.0,302.0,79.8,1.51
Nabeul,Land,1300000.0,1000.0,79.8,1.51
Nabeul,Apartment,130000.0,60.0,79.8,1.51
Nabeul,Land,365000.0,292.0,79.8,1.51
Nabeul,House,980000.0,640.0,79.8,1.51
Nabeul,Apartment,390000.0,116.0,79.8,1.51
Nabeul,Apartment,295000.0,85.0,79.8,1.51
Nabeul,Land,546150.0,331.0,79.8,1.51
Nabeul,Land,221650.0,341.0,79.8,1.51
Nabeul,Land,180000.0,316.0,79.8,1.51
Nabeul,Land,940000.0,470.0,79.8,1.51
Nabeul,Land,2300000.0,883.0,79.8,1.51
Nabeul,Land,208000.0,260.0,79.8,1.51
Nabeul,Land,714000.0,664.0,79.8,1.51
Nabeul,House,245000.0,210.0,79.8,1.51
Nabeul,Apartment,320000.0,100.0,79.8,1.51
Nabeul,Apartment,320000.0,77.0,79.8,1.51
Nabeul,Apartment,600000.0,165.0,79.8,1.51
Nabeul,Apartment,450000.0,116.0,79.8,1.51
Nabeul,Apartment,320000.0,120.0,79.8,1.51
Nabeul,Apartment,475000.0,130.0,79.8,1.51
Nabeul,Apartment,640000.0,180.0,79.8,1.51
Nabeul,House,440000.0,367.0,79.8,1.51
Nabeul,Apartment,260000.0,74.0,79.8,1.51
Nabeul,House,1200000.0,659.0,79.8,1.51
Nabeul,Land,1182150.0,639.0,79.8,1.51
Nabeul,Apartment,360000.0,95.0,79.8,1.51
Nabeul,Land,330000.0,1000.0,79.8,1.51
Nabeul,Apartment,340000.0,100.0,79.8,1.51
Nabeul,Land,517000.0,1000.0,79.8,1.51
Nabeul,Land,351000.0,1000.0,79.8,1.51
Nabeul,House,2300000.0,1000.0,79.8,1.51
Nabeul,Apartment,285000.0,125.0,79.8,1.51
Nabeul,Apartment,395000.0,101.0,79.8,1.51
Nabeul,Land,168000.0,349.0,79.8,1.51
Nabeul,Land,1245600.0,1000.0,79.8,1.51
Nabeul,Apartment,430000.0,130.0,79.8,1.51
Nabeul,Land,157000.0,157.0,79.8,1.51
Nabeul,House,750000.0,230.0,79.8,1.51
Nabeul,Land,320000.0,534.0,79.8,1.51
Nabeul,House,685000.0,203.0,79.8,1.51
Nabeul,Land,152000.0,152.0,79.8,1.51
Nabeul,House,1050000.0,440.0,79.8,1.51
Nabeul,Land,858000.0,858.0,79.8,1.51
Nabeul,House,1050000.0,280.0,79.8,1.51
Nabeul,Land,190000.0,190.0,79.8,1.51
Nabeul,Land,730000.0,410.0,79.8,1.51
Nabeul,Land,146000.0,248.0,79.8,1.51
Nabeul,House,620000.0,215.0,79.8,1.51
Nabeul,House,805000.0,236.0,79.8,1.51
Nabeul,Land,210000.0,350.0,79.8,1.51
Nabeul,Apartment,100000.0,75.0,79.8,1.51
Nabeul,Apartment,220000.0,70.0,79.8,1.51
Nabeul,Apartment,540000.0,137.0,79.8,1.51
Nabeul,Apartment,340000.0,94.0,79.8,1.51
Nabeul,Land,151740.0,281.0,79.8,1.51
Nabeul,Land,195000.0,272.0,79.8,1.51
Nabeul,Apartment,185000.0,105.0,79.8,1.51
Nabeul,Land,225000.0,340.0,79.8,1.51
Nabeul,Land,245000.0,967.0,79.8,1.51
Nabeul,Apartment,435000.0,131.0,79.8,1.51
Nabeul,Apartment,475000.0,175.0,79.8,1.51
Kairouan,Land,360000.0,1000.0,77.0,4.25
Kairouan,House,230000.0,200.0,77.0,4.25
Kairouan,Apartment,223000.0,98.0,77.0,4.25
Kairouan,Land,270000.0,540.0,77.0,4.25
Kairouan,Apartment,198000.0,86.0,77.0,4.25
Kairouan,Apartment,90000.0,50.0,77.0,4.25
Kairouan,Apartment,100000.0,70.0,77.0,4.25
Kairouan,Land,65000.0,1000.0,77.0,4.25
Kairouan,Land,120000.0,600.0,77.0,4.25
Kairouan,House,260000.0,180.0,77.0,4.25
Kairouan,Apartment,284087.0,156.0,77.0,4.25
Kairouan,House,265000.0,140.0,77.0,4.25
Kairouan,Apartment,160000.0,144.0,77.0,4.25
Kairouan,Land,61200.0,204.0,77.0,4.25
Kairouan,Land,750000.0,1000.0,77.0,4.25
Kairouan,Apartment,280000.0,180.0,77.0,4.25
Kairouan,Apartment,165000.0,79.0,77.0,4.25
Kairouan,Apartment,175000.0,91.0,77.0,4.25
Kairouan,Apartment,180000.0,62.0,77.0,4.25
Kairouan,Land,199920.0,294.0,77.0,4.25
Kairouan,House,1400000.0,750.0,77.0,4.25
Kairouan,Land,198260.0,431.0,77.0,4.25
Kairouan,Apartment,235000.0,94.0,77.0,4.25
Kairouan,House,250000.0,200.0,77.0,4.25
Mahdia,Unknown,230000.0,60.0,76.2,3.61
Mahdia,Apartment,152000.0,85.0,76.2,3.61
Mahdia,Apartment,150000.0,100.0,76.2,3.61
Mahdia,Apartment,275000.0,135.0,76.2,3.61
Mahdia,Apartment,239000.0,81.0,76.2,3.61
Mahdia,Apartment,185000.0,108.0,76.2,3.61
Mahdia,Apartment,160000.0,108.0,76.2,3.61
Mahdia,Land,125500.0,493.0,76.2,3.61
Mahdia,Land,130000.0,311.0,76.2,3.61
Mahdia,Apartment,220000.0,124.0,76.2,3.61
Mahdia,Apartment,380000.0,116.0,76.2,3.61
Mahdia,Apartment,457000.0,127.0,76.2,3.61
Mahdia,Apartment,223000.0,60.0,76.2,3.61
Mahdia,Apartment,340000.0,87.0,76.2,3.61
Mahdia,House,175000.0,265.0,76.2,3.61
Mahdia,Apartment,130000.0,135.0,76.2,3.61
Mahdia,Land,887000.0,1000.0,76.2,3.61
Mahdia,House,820000.0,451.0,76.2,3.61
Mahdia,Apartment,308000.0,86.0,76.2,3.61
Mahdia,Apartment,360000.0,135.0,76.2,3.61
Mahdia,Apartment,210000.0,47.0,76.2,3.61
Mahdia,Land,131000.0,218.0,76.2,3.61
Mahdia,House,80000.0,100.0,76.2,3.61
Mahdia,Land,290000.0,488.0,76.2,3.61
Mahdia,House,260000.0,440.0,76.2,3.61
Mahdia,Apartment,243000.0,91.0,76.2,3.61
Mahdia,Apartment,223000.0,78.0,76.2,3.61
Mahdia,Apartment,290000.0,70.0,76.2,3.61
Mahdia,House,390000.0,467.0,76.2,3.61
Mahdia,Land,151000.0,252.0,76.2,3.61
Mahdia,Apartment,275000.0,85.0,76.2,3.61
Mahdia,Apartment,290000.0,115.0,76.2,3.61
Mahdia,House,1420000.0,500.0,76.2,3.61
Mahdia,Apartment,315000.0,126.0,76.2,3.61
Mahdia,Apartment,237000.0,70.0,76.2,3.61
Mahdia,Apartment,265000.0,105.0,76.2,3.61
Mahdia,House,155000.0,153.0,76.2,3.61
Mahdia,House,725000.0,455.0,76.2,3.61
Mahdia,Apartment,235000.0,98.0,76.2,3.61
Mahdia,Apartment,186000.0,65.0,76.2,3.61
Mahdia,Apartment,170000.0,100.0,76.2,3.61
Mahdia,House,580000.0,216.0,76.2,3.61
Mahdia,House,180000.0,125.0,76.2,3.61
Mahdia,Apartment,242000.0,110.0,76.2,3.61
Mahdia,Land,205000.0,286.0,76.2,3.61
Mahdia,House,140000.0,150.0,76.2,3.61
Mahdia,Apartment,125000.0,64.0,76.2,3.61
Mahdia,Land,175000.0,346.0,76.2,3.61
Mahdia,House,225000.0,242.0,76.2,3.61
Mahdia,House,380000.0,196.0,76.2,3.61
Mahdia,Apartment,290000.0,276.0,76.2,3.61
Mahdia,Land,330000.0,452.0,76.2,3.61
Mahdia,Apartment,160000.0,74.0,76.2,3.61
Mahdia,Land,204000.0,408.0,76.2,3.61
Mahdia,Land,150000.0,323.0,76.2,3.61
Mahdia,Land,590000.0,1000.0,76.2,3.61
Mahdia,Land,180000.0,250.0,76.2,3.61
Mahdia,Land,99000.0,207.0,76.2,3.61
Mahdia,House,1650000.0,1000.0,76.2,3.61
Mahdia,Land,1700000.0,1000.0,76.2,3.61
Mahdia,House,160000.0,150.0,76.2,3.61
Mahdia,Land,185000.0,466.0,76.2,3.61
Mahdia,House,865000.0,330.0,76.2,3.61
Mahdia,Land,220000.0,480.0,76.2,3.61
Mahdia,Land,450000.0,722.0,76.2,3.61
Mahdia,House,750000.0,348.0,76.2,3.61
Mahdia,House,1290000.0,700.0,76.2,3.61
Mahdia,Land,125000.0,367.0,76.2,3.61
Mahdia,Land,120000.0,550.0,76.2,3.61
Mahdia,Land,125000.0,337.0,76.2,3.61
Mahdia,Land,115000.0,289.0,76.2,3.61
Mahdia,Apartment,550000.0,186.0,76.2,3.61
Mahdia,Apartment,165000.0,116.0,76.2,3.61
Mahdia,Land,85000.0,147.0,76.2,3.61
Mahdia,Land,145000.0,259.0,76.2,3.61
Mahdia,Land,372852.0,516.0,76.2,3.61
Mahdia,Apartment,310000.0,99.0,76.2,3.61
Mahdia,Land,210000.0,350.0,76.2,3.61
Mahdia,Land,234000.0,360.0,76.2,3.61
Mahdia,Unknown,140000.0,85.0,76.2,3.61
Mahdia,Apartment,290000.0,112.0,76.2,3.61
Mahdia,Apartment,383000.0,402.0,76.2,3.61
Mahdia,Land,124740.0,567.0,76.2,3.61
Mahdia,Land,48600.0,243.0,76.2,3.61
Mahdia,Land,205000.0,394.0,76.2,3.61
Mahdia,Land,147000.0,1000.0,76.2,3.61
Mahdia,Apartment,218000.0,48.0,76.2,3.61
Mahdia,Land,96800.0,458.0,76.2,3.61
Mahdia,Land,71000.0,174.0,76.2,3.61
Mahdia,Land,620000.0,519.0,76.2,3.61
Mahdia,Land,303000.0,510.0,76.2,3.61
Mahdia,Land,140000.0,389.0,76.2,3.61
Mahdia,Land,198000.0,381.0,76.2,3.61
Mahdia,Land,169260.0,403.0,76.2,3.61
Mahdia,House,100000.0,225.0,76.2,3.61
Mahdia,Land,245000.0,492.0,76.2,3.61
Mahdia,Land,218400.0,336.0,76.2,3.61
Mahdia,Land,241000.0,419.0,76.2,3.61
Mahdia,Apartment,175000.0,100.0,76.2,3.61
Mahdia,Land,47720.0,317.0,76.2,3.61
Mahdia,Land,45700.0,318.0,76.2,3.61
Mahdia,Land,227400.0,379.0,76.2,3.61
Mahdia,House,420000.0,250.0,76.2,3.61
Mahdia,House,500000.0,328.0,76.2,3.61
Mahdia,House,275000.0,160.0,76.2,3.61
Mahdia,Apartment,260000.0,110.0,76.2,3.61
Mahdia,House,495000.0,600.0,76.2,3.61
Mahdia,Apartment,250000.0,103.0,76.2,3.61
Mahdia,House,1250000.0,305.0,76.2,3.61
Mahdia,Apartment,445000.0,135.0,76.2,3.61
Mahdia,House,300000.0,280.0,76.2,3.61
Mahdia,Land,900000.0,1000.0,76.2,3.61
Mahdia,Apartment,285000.0,135.0,76.2,3.61
Mahdia,Land,671000.0,1000.0,76.2,3.61
Mahdia,Apartment,270000.0,87.0,76.2,3.61
Mahdia,House,550000.0,190.0,76.2,3.61
Mahdia,House,500000.0,278.0,76.2,3.61
Monastir,House,550000.0,508.0,77.4,3.79
Monastir,House,780000.0,1000.0,77.4,3.79
Monastir,Apartment,139000.0,88.0,77.4,3.79
Monastir,House,390000.0,190.0,77.4,3.79
Monastir,House,75000.0,280.0,77.4,3.79
Monastir,Apartment,200000.0,120.0,77.4,3.79
Monastir,House,355000.0,100.0,77.4,3.79
Monastir,Apartment,170000.0,75.0,77.4,3.79
Monastir,House,280000.0,350.0,77.4,3.79
Monastir,House,700000.0,1000.0,77.4,3.79
Monastir,House,65000.0,180.0,77.4,3.79
Monastir,Apartment,540000.0,90.0,77.4,3.79
Monastir,Land,310000.0,400.0,77.4,3.79
Monastir,Land,1350000.0,1000.0,77.4,3.79
Monastir,House,215000.0,240.0,77.4,3.79
Monastir,Land,300000.0,1000.0,77.4,3.79
Monastir,Apartment,435000.0,130.0,77.4,3.79
Monastir,Land,360000.0,1000.0,77.4,3.79
Monastir,House,380000.0,300.0,77.4,3.79
Monastir,Apartment,260000.0,63.0,77.4,3.79
Monastir,Land,308000.0,434.0,77.4,3.79
Monastir,Apartment,250000.0,150.0,77.4,3.79
Monastir,Land,105000.0,290.0,77.4,3.79
Monastir,House,490000.0,201.0,77.4,3.79
Monastir,House,830000.0,360.0,77.4,3.79
Monastir,House,1250000.0,250.0,77.4,3.79
Monastir,Apartment,420000.0,190.0,77.4,3.79
Monastir,House,610000.0,600.0,77.4,3.79
Monastir,Land,200200.0,308.0,77.4,3.79
Monastir,House,699000.0,238.0,77.4,3.79
Monastir,House,197000.0,113.0,77.4,3.79
Monastir,Apartment,580000.0,157.0,77.4,3.79
Monastir,House,1300000.0,404.0,77.4,3.79
Monastir,House,185000.0,135.0,77.4,3.79
Monastir,Apartment,450000.0,103.0,77.4,3.79
Monastir,Land,270000.0,421.0,77.4,3.79
Monastir,Apartment,130000.0,63.0,77.4,3.79
Monastir,House,495000.0,450.0,77.4,3.79
Monastir,Land,1200000.0,1000.0,77.4,3.79
Monastir,Apartment,171000.0,114.0,77.4,3.79
Monastir,Land,123750.0,225.0,77.4,3.79
Monastir,House,265000.0,281.0,77.4,3.79
Monastir,Land,370000.0,860.0,77.4,3.79
Monastir,Land,217620.0,468.0,77.4,3.79
Monastir,Land,980000.0,1000.0,77.4,3.79
Monastir,Apartment,95000.0,70.0,77.4,3.79
Monastir,Land,193500.0,430.0,77.4,3.79
Monastir,Apartment,165000.0,76.0,77.4,3.79
Monastir,Land,107000.0,400.0,77.4,3.79
Monastir,Land,110000.0,198.0,77.4,3.79
Monastir,Land,215460.0,1000.0,77.4,3.79
Monastir,House,585000.0,410.0,77.4,3.79
Monastir,Land,255000.0,824.0,77.4,3.79
Monastir,Apartment,150000.0,105.0,77.4,3.79
Monastir,House,490000.0,488.0,77.4,3.79
Monastir,House,399000.0,500.0,77.4,3.79
Monastir,Land,195000.0,504.0,77.4,3.79
Monastir,Apartment,108000.0,82.0,77.4,3.79
Monastir,Apartment,92000.0,71.0,77.4,3.79
Monastir,House,140000.0,35.0,77.4,3.79
Monastir,Apartment,130000.0,90.0,77.4,3.79
Monastir,Apartment,350000.0,99.0,77.4,3.79
Monastir,Apartment,92000.0,75.0,77.4,3.79
Monastir,Apartment,170000.0,77.0,77.4,3.79
Monastir,Land,160000.0,333.0,77.4,3.79
Monastir,Apartment,155000.0,75.0,77.4,3.79
Monastir,Apartment,190000.0,130.0,77.4,3.79
Monastir,Apartment,780000.0,240.0,77.4,3.79
Monastir,Apartment,255000.0,112.0,77.4,3.79
Monastir,Apartment,259000.0,114.0,77.4,3.79
Monastir,Apartment,215000.0,58.0,77.4,3.79
Monastir,Apartment,125000.0,68.0,77.4,3.79
Monastir,House,1600000.0,1000.0,77.4,3.79
Monastir,House,115000.0,88.0,77.4,3.79
Monastir,House,280000.0,380.0,77.4,3.79
Monastir,Land,249750.0,555.0,77.4,3.79
Monastir,House,275000.0,110.0,77.4,3.79
Monastir,Land,320000.0,580.0,77.4,3.79
Monastir,House,2226150.0,1000.0,77.4,3.79
Monastir,House,470000.0,144.0,77.4,3.79
Monastir,House,470000.0,140.0,77.4,3.79
Monastir,House,730000.0,417.0,77.4,3.79
Monastir,House,710000.0,475.0,77.4,3.79
Monastir,House,199000.0,275.0,77.4,3.79
Monastir,Land,333000.0,555.0,77.4,3.79
Monastir,Land,95000.0,1000.0,77.4,3.79
Monastir,House,300000.0,250.0,77.4,3.79
Monastir,Land,115000.0,186.0,77.4,3.79
Monastir,Land,125500.0,251.0,77.4,3.79
Monastir,Land,950000.0,1000.0,77.4,3.79
Monastir,Land,120000.0,369.0,77.4,3.79
Monastir,Land,195000.0,301.0,77.4,3.79
Monastir,Land,247000.0,330.0,77.4,3.79
Monastir,Land,147000.0,294.0,77.4,3.79
Monastir,Apartment,190000.0,90.0,77.4,3.79
Monastir,Apartment,255000.0,87.0,77.4,3.79
Monastir,Apartment,575000.0,121.0,77.4,3.79
Monastir,Land,195300.0,434.0,77.4,3.79
Monastir,Land,158500.0,317.0,77.4,3.79
Monastir,Land,903900.0,393.0,77.4,3.79
Monastir,Land,715200.0,596.0,77.4,3.79
Monastir,Apartment,257000.0,58.0,77.4,3.79
Monastir,Land,929200.0,404.0,77.4,3.79
Monastir,Apartment,470000.0,137.0,77.4,3.79
Monastir,Apartment,169000.0,87.0,77.4,3.79
Monastir,Apartment,198000.0,109.0,77.4,3.79
Monastir,House,410000.0,368.0,77.4,3.79
Monastir,House,60000.0,70.0,77.4,3.79
Monastir,Land,162000.0,249.0,77.4,3.79
Monastir,House,295000.0,196.0,77.4,3.79
Monastir,Land,217800.0,396.0,77.4,3.79
Monastir,Apartment,560000.0,191.0,77.4,3.79
Monastir,Apartment,540000.0,103.0,77.4,3.79
Monastir,Apartment,480000.0,123.0,77.4,3.79
Monastir,Apartment,248000.0,125.0,77.4,3.79
Monastir,Apartment,490000.0,90.0,77.4,3.79
Monastir,Apartment,490000.0,130.0,77.4,3.79
Monastir,Land,58000.0,189.0,77.4,3.79
Monastir,House,75000.0,60.0,77.4,3.79
Monastir,House,245000.0,200.0,77.4,3.79
Monastir,Land,122000.0,299.0,77.4,3.79
Monastir,House,140000.0,120.0,77.4,3.79
Monastir,House,1300000.0,120.0,77.4,3.79
Monastir,Land,128000.0,366.0,77.4,3.79
Monastir,House,130000.0,70.0,77.4,3.79
Monastir,Apartment,300000.0,62.0,77.4,3.79
Monastir,Apartment,250000.0,92.0,77.4,3.79
Monastir,Apartment,230000.0,80.0,77.4,3.79
Monastir,House,2000000.0,900.0,77.4,3.79
Monastir,Land,55000.0,135.0,77.4,3.79
Monastir,Land,247000.0,380.0,77.4,3.79
Monastir,Land,160000.0,320.0,77.4,3.79
Sfax,Apartment,230000.0,139.0,80.5,3.59
Sfax,House,530000.0,220.0,80.5,3.59
Sfax,Apartment,272000.0,144.0,80.5,3.59
Sfax,Land,450000.0,1000.0,80.5,3.59
Sfax,Apartment,300000.0,98.0,80.5,3.59
Sfax,Apartment,155000.0,70.0,80.5,3.59
Sfax,Apartment,205000.0,110.0,80.5,3.59
Sfax,House,580000.0,661.0,80.5,3.59
Sfax,Land,270000.0,520.0,80.5,3.59
Sfax,Apartment,320000.0,123.0,80.5,3.59
Sfax,Apartment,345000.0,220.0,80.5,3.59
Sfax,Land,170000.0,405.0,80.5,3.59
Sfax,House,180000.0,370.0,80.5,3.59
Sfax,House,370000.0,748.0,80.5,3.59
Sfax,Apartment,215000.0,120.0,80.5,3.59
Sfax,Apartment,145000.0,60.0,80.5,3.59
Sfax,Land,689000.0,600.0,80.5,3.59
Sfax,Land,200000.0,487.0,80.5,3.59
Sfax,House,110000.0,76.0,80.5,3.59
Sfax,House,570000.0,584.0,80.5,3.59
Sfax,House,380000.0,709.0,80.5,3.59
Sfax,Land,210000.0,710.0,80.5,3.59
Sfax,Land,180000.0,444.0,80.5,3.59
Sfax,Land,1170000.0,1000.0,80.5,3.59
Sfax,House,230000.0,560.0,80.5,3.59
Sfax,House,520000.0,795.0,80.5,3.59
Sfax,House,2950000.0,1000.0,80.5,3.59
Sfax,Land,210000.0,561.0,80.5,3.59
Sfax,Land,170000.0,534.0,80.5,3.59
Sfax,Apartment,230000.0,147.0,80.5,3.59
Sfax,Land,645000.0,920.0,80.5,3.59
Sfax,House,830000.0,900.0,80.5,3.59
Sfax,Apartment,157000.0,53.0,80.5,3.59
Sfax,House,85000.0,150.0,80.5,3.59
Sfax,Apartment,315000.0,203.0,80.5,3.59
Sfax,Apartment,470000.0,187.0,80.5,3.59
Sfax,House,450000.0,500.0,80.5,3.59
Sfax,Apartment,178000.0,87.0,80.5,3.59
Sfax,House,190000.0,193.0,80.5,3.59
Sfax,House,625000.0,770.0,80.5,3.59
Sfax,House,205000.0,100.0,80.5,3.59
Sfax,Apartment,555000.0,239.0,80.5,3.59
Sousse,Apartment,380000.0,187.0,78.1,3.15
Sousse,Apartment,260000.0,110.0,78.1,3.15
Sousse,Apartment,380000.0,134.0,78.1,3.15
Sousse,Apartment,450000.0,178.0,78.1,3.15
Sousse,Land,199500.0,399.0,78.1,3.15
Sousse,Apartment,580000.0,139.0,78.1,3.15
Sousse,Unknown,230000.0,39.0,78.1,3.15
Sousse,House,1180000.0,378.0,78.1,3.15
Sousse,Apartment,514701.0,115.0,78.1,3.15
Sousse,Apartment,538118.0,133.0,78.1,3.15
Sousse,Apartment,308500.0,96.0,78.1,3.15
Sousse,Apartment,265000.0,117.0,78.1,3.15
Sousse,Apartment,250000.0,100.0,78.1,3.15
Sousse,Apartment,146000.0,64.0,78.1,3.15
Sousse,Apartment,150000.0,60.0,78.1,3.15
Sousse,Apartment,420000.0,160.0,78.1,3.15
Sousse,Apartment,240000.0,100.0,78.1,3.15
Sousse,Apartment,190000.0,105.0,78.1,3.15
Sousse,Apartment,400000.0,118.0,78.1,3.15
Sousse,House,520000.0,300.0,78.1,3.15
Sousse,Apartment,98000.0,108.0,78.1,3.15
Sousse,Apartment,187000.0,70.0,78.1,3.15
Sousse,Apartment,210000.0,100.0,78.1,3.15
Sousse,Apartment,145000.0,70.0,78.1,3.15
Sousse,Land,410000.0,432.0,78.1,3.15
Sousse,Land,388000.0,409.0,78.1,3.15
Sousse,Apartment,298230.0,67.0,78.1,3.15
Sousse,House,1400000.0,500.0,78.1,3.15
Sousse,Land,200000.0,374.0,78.1,3.15
Sousse,Apartment,210000.0,80.0,78.1,3.15
Sousse,Apartment,340000.0,120.0,78.1,3.15
Sousse,Apartment,120000.0,50.0,78.1,3.15
Sousse,House,415000.0,195.0,78.1,3.15
Sousse,House,200000.0,192.0,78.1,3.15
Sousse,House,2100000.0,730.0,78.1,3.15
Sousse,Apartment,480000.0,146.0,78.1,3.15
Sousse,House,1090000.0,896.0,78.1,3.15
Sousse,House,1080000.0,650.0,78.1,3.15
Sousse,House,1380000.0,1000.0,78.1,3.15
Sousse,House,785000.0,439.0,78.1,3.15
Sousse,Apartment,280000.0,105.0,78.1,3.15
Sousse,House,259000.0,230.0,78.1,3.15
Sousse,Land,208000.0,262.0,78.1,3.15
Sousse,Apartment,155000.0,197.0,78.1,3.15
Sousse,House,495000.0,450.0,78.1,3.15
Sousse,Apartment,420000.0,150.0,78.1,3.15
Sousse,Apartment,185000.0,95.0,78.1,3.15
Sousse,House,520000.0,312.0,78.1,3.15
Sousse,House,710000.0,510.0,78.1,3.15
Sousse,Apartment,185000.0,57.0,78.1,3.15
Sousse,Land,242000.0,529.0,78.1,3.15
Sousse,House,600000.0,368.0,78.1,3.15
Sousse,Apartment,851000.0,476.0,78.1,3.15
Sousse,House,335000.0,203.0,78.1,3.15
Sousse,Apartment,270000.0,180.0,78.1,3.15
Sousse,Land,561000.0,374.0,78.1,3.15
Sousse,Land,414000.0,553.0,78.1,3.15
Sousse,Land,223200.0,319.0,78.1,3.15
Sousse,House,380000.0,110.0,78.1,3.15
Sousse,House,275000.0,145.0,78.1,3.15
Sousse,Apartment,75000.0,70.0,78.1,3.15
Sousse,Land,63000.0,485.0,78.1,3.15
Sousse,Apartment,245000.0,130.0,78.1,3.15
Sousse,Apartment,180000.0,100.0,78.1,3.15
Sousse,House,1050000.0,600.0,78.1,3.15
Sousse,Apartment,410294.0,103.0,78.1,3.15
Sousse,Land,318000.0,398.0,78.1,3.15
Sousse,Land,625000.0,736.0,78.1,3.15
Sousse,Apartment,485000.0,211.0,78.1,3.15
Sousse,House,600000.0,286.0,78.1,3.15
Sousse,Apartment,281000.0,64.0,78.1,3.15
Sousse,House,1125000.0,1000.0,78.1,3.15
Sousse,Land,245000.0,391.0,78.1,3.15
Sousse,Land,404000.0,449.0,78.1,3.15
Sousse,Land,540000.0,454.0,78.1,3.15
Sousse,Land,700000.0,1000.0,78.1,3.15
Sousse,Apartment,70000.0,70.0,78.1,3.15
Sousse,Apartment,350000.0,110.0,78.1,3.15
Sousse,Apartment,170000.0,95.0,78.1,3.15
Sousse,Land,505000.0,459.0,78.1,3.15
Sousse,Apartment,220000.0,134.0,78.1,3.15
Sousse,House,480000.0,331.0,78.1,3.15
Sousse,House,480000.0,307.0,78.1,3.15
Sousse,House,840000.0,539.0,78.1,3.15
Sousse,House,336000.0,263.0,78.1,3.15
Sousse,House,795000.0,600.0,78.1,3.15
Sousse,House,680000.0,716.0,78.1,3.15
Sousse,Apartment,440000.0,121.0,78.1,3.15
Sousse,Land,220000.0,452.0,78.1,3.15
Sousse,House,250000.0,95.0,78.1,3.15
Sousse,Apartment,350000.0,67.0,78.1,3.15
Sousse,House,650000.0,480.0,78.1,3.15
Sousse,Land,550000.0,495.0,78.1,3.15
Sousse,Apartment,180000.0,90.0,78.1,3.15
Sousse,Apartment,135000.0,80.0,78.1,3.15
Sousse,Apartment,240000.0,100.0,78.1,3.15
Sousse,Apartment,310000.0,75.0,78.1,3.15
Sousse,Land,560000.0,751.0,78.1,3.15
Sousse,House,325000.0,250.0,78.1,3.15
Sousse,House,1450000.0,1000.0,78.1,3.15
Sousse,House,380000.0,160.0,78.1,3.15
Sousse,Land,412425.0,1000.0,78.1,3.15
Sousse,Land,490000.0,1000.0,78.1,3.15
Sousse,House,180000.0,300.0,78.1,3.15
Sousse,Apartment,70000.0,77.0,78.1,3.15
Sousse,House,470000.0,300.0,78.1,3.15
Sousse,Land,415000.0,553.0,78.1,3.15
Sousse,Apartment,320000.0,133.0,78.1,3.15
Sousse,Land,696000.0,557.0,78.1,3.15
Sousse,Land,568000.0,455.0,78.1,3.15
Sousse,Land,275000.0,195.0,78.1,3.15
Sousse,Apartment,265000.0,110.0,78.1,3.15
Sousse,Apartment,315000.0,112.0,78.1,3.15
Sousse,House,520000.0,170.0,78.1,3.15
Sousse,Apartment,150000.0,68.0,78.1,3.15
Sousse,House,370000.0,155.0,78.1,3.15
Sousse,House,1600000.0,1000.0,78.1,3.15
Sousse,Land,150000.0,1000.0,78.1,3.15
Sousse,House,660000.0,430.0,78.1,3.15
Sousse,Apartment,406000.0,140.0,78.1,3.15
Sousse,Apartment,340000.0,120.0,78.1,3.15
Sousse,House,310000.0,210.0,78.1,3.15
Sousse,Apartment,290000.0,125.0,78.1,3.15
Sousse,Apartment,135000.0,120.0,78.1,3.15
Sousse,Apartment,187000.0,85.0,78.1,3.15
Sousse,House,900000.0,360.0,78.1,3.15
Sousse,Apartment,245000.0,67.0,78.1,3.15
Sousse,Land,850000.0,496.0,78.1,3.15
Sousse,Land,271000.0,375.0,78.1,3.15
Sousse,Apartment,420000.0,87.0,78.1,3.15
Sousse,Apartment,343000.0,127.0,78.1,3.15
Sousse,Apartment,347000.0,105.0,78.1,3.15
Sousse,Apartment,360000.0,65.0,78.1,3.15
Sousse,Apartment,335000.0,145.0,78.1,3.15
Sousse,Land,756000.0,1000.0,78.1,3.15
Sousse,Apartment,325000.0,89.0,78.1,3.15
Sousse,Land,237000.0,417.0,78.1,3.15
Sousse,House,260000.0,112.0,78.1,3.15
Sousse,Land,75000.0,1000.0,78.1,3.15
Sousse,Apartment,160000.0,100.0,78.1,3.15
Sousse,Apartment,530000.0,86.0,78.1,3.15
Sousse,Land,290000.0,412.0,78.1,3.15
Sousse,Apartment,300000.0,204.0,78.1,3.15
Sousse,Apartment,194000.0,94.0,78.1,3.15
Sousse,Apartment,558000.0,137.0,78.1,3.15
Sousse,Apartment,148000.0,90.0,78.1,3.15
Sousse,Apartment,160000.0,100.0,78.1,3.15
Sousse,Land,255000.0,425.0,78.1,3.15
Sousse,Land,197220.0,346.0,78.1,3.15
Sousse,Apartment,510000.0,150.0,78.1,3.15
Sousse,Land,180000.0,1000.0,78.1,3.15
Sousse,Apartment,147000.0,72.0,78.1,3.15
Sousse,House,620000.0,465.0,78.1,3.15
Sousse,Apartment,200000.0,57.0,78.1,3.15
Sousse,Apartment,235000.0,130.0,78.1,3.15
Sousse,Apartment,250000.0,103.0,78.1,3.15
Sousse,Apartment,240000.0,90.0,78.1,3.15
Sousse,Apartment,255000.0,80.0,78.1,3.15
Sousse,Apartment,420000.0,120.0,78.1,3.15
Sousse,Apartment,75000.0,75.0,78.1,3.15
Sousse,Apartment,345000.0,108.0,78.1,3.15
Sousse,Apartment,373200.0,140.0,78.1,3.15
Sousse,Apartment,186000.0,93.0,78.1,3.15
Sousse,House,750000.0,466.0,78.1,3.15
Sousse,Apartment,447000.0,160.0,78.1,3.15
Sousse,Apartment,415000.0,145.0,78.1,3.15
Sousse,House,880000.0,400.0,78.1,3.15
Sousse,House,360000.0,480.0,78.1,3.15
Sousse,Apartment,290000.0,101.0,78.1,3.15
Sousse,Apartment,155000.0,80.0,78.1,3.15
Sousse,Land,230000.0,329.0,78.1,3.15
Sousse,Apartment,210000.0,117.0,78.1,3.15
Sousse,Apartment,210000.0,167.0,78.1,3.15
Sousse,Apartment,210000.0,136.0,78.1,3.15
Sousse,Apartment,285000.0,62.0,78.1,3.15
Sousse,Land,888000.0,450.0,78.1,3.15
Sousse,Apartment,410000.0,105.0,78.1,3.15
Sousse,Apartment,225000.0,80.0,78.1,3.15
Sousse,Apartment,350000.0,143.0,78.1,3.15
Sousse,Apartment,365000.0,123.0,78.1,3.15
Sousse,Apartment,340000.0,137.0,78.1,3.15
Sousse,Apartment,380000.0,167.0,78.1,3.15
Sousse,Land,120000.0,467.0,78.1,3.15
Sousse,Land,300000.0,1000.0,78.1,3.15
Sousse,Apartment,260000.0,135.0,78.1,3.15
Sousse,House,900000.0,450.0,78.1,3.15
Sousse,Apartment,165000.0,105.0,78.1,3.15
Sousse,House,960000.0,420.0,78.1,3.15
Sousse,Apartment,295000.0,141.0,78.1,3.15
Sousse,Land,540000.0,601.0,78.1,3.15
Sousse,Apartment,135000.0,85.0,78.1,3.15
Sousse,Land,190000.0,368.0,78.1,3.15
Sousse,Apartment,300000.0,65.0,78.1,3.15
Sousse,House,895000.0,269.0,78.1,3.15
Sousse,Apartment,300000.0,150.0,78.1,3.15
Sousse,Land,2313000.0,1000.0,78.1,3.15
Sousse,Apartment,200000.0,85.0,78.1,3.15
Sousse,Land,288800.0,304.0,78.1,3.15
Sousse,Apartment,408000.0,90.0,78.1,3.15
Sousse,Apartment,90000.0,85.0,78.1,3.15
Sousse,Land,714000.0,397.0,78.1,3.15
Sousse,Land,677300.0,521.0,78.1,3.15
Sousse,Land,684000.0,570.0,78.1,3.15
Sousse,Land,550000.0,500.0,78.1,3.15
Sousse,Apartment,140000.0,70.0,78.1,3.15
Sousse,Apartment,290000.0,117.0,78.1,3.15
Sousse,House,1060000.0,480.0,78.1,3.15
Sousse,Land,400000.0,565.0,78.1,3.15
Sousse,Apartment,391000.0,109.0,78.1,3.15
Sousse,Apartment,439296.0,133.0,78.1,3.15
Sousse,House,800000.0,548.0,78.1,3.15
Sousse,Unknown,154000.0,41.0,78.1,3.15
Sousse,House,2200000.0,1000.0,78.1,3.15
Sousse,House,372000.0,140.0,78.1,3.15
Sousse,Land,864000.0,432.0,78.1,3.15
Sousse,Land,660000.0,550.0,78.1,3.15
Sousse,Apartment,550000.0,175.0,78.1,3.15
Sousse,House,330000.0,246.0,78.1,3.15
Sousse,House,300000.0,240.0,78.1,3.15
Sousse,Apartment,177536.0,55.0,78.1,3.15
Sousse,House,750000.0,690.0,78.1,3.15
Sousse,House,185000.0,254.0,78.1,3.15
Sousse,House,590000.0,328.0,78.1,3.15
Sousse,Land,145000.0,247.0,78.1,3.15
Sousse,Apartment,540000.0,167.0,78.1,3.15
Sousse,Unknown,126000.0,30.0,78.1,3.15
Sousse,Apartment,225000.0,124.0,78.1,3.15
Sousse,Apartment,408000.0,165.0,78.1,3.15
Sousse,Land,780000.0,1000.0,78.1,3.15
Sousse,Land,230000.0,479.0,78.1,3.15
Sousse,House,290000.0,158.0,78.1,3.15
Sousse,Apartment,290000.0,190.0,78.1,3.15
Sousse,Apartment,400000.0,143.0,78.1,3.15
Sousse,Apartment,230000.0,79.0,78.1,3.15
Sousse,Apartment,320000.0,130.0,78.1,3.15
Sousse,Apartment,380500.0,118.0,78.1,3.15
Sousse,Land,130000.0,500.0,78.1,3.15
Sousse,Apartment,750000.0,230.0,78.1,3.15
Sousse,Land,544000.0,544.0,78.1,3.15
Sousse,Land,850000.0,446.0,78.1,3.15
Sousse,Land,117000.0,1000.0,78.1,3.15
Sousse,House,1100000.0,415.0,78.1,3.15
Sousse,Land,204000.0,1000.0,78.1,3.15
Sousse,Land,83000.0,417.0,78.1,3.15
Sousse,Land,564000.0,1000.0,78.1,3.15
Sousse,Land,337330.0,427.0,78.1,3.15
Sousse,Land,750000.0,614.0,78.1,3.15
Sousse,House,220000.0,100.0,78.1,3.15
Sousse,Apartment,219000.0,69.0,78.1,3.15
Sousse,Land,700000.0,405.0,78.1,3.15
Sousse,Land,165000.0,1000.0,78.1,3.15
Sousse,Apartment,345000.0,93.0,78.1,3.15
Sousse,House,340000.0,180.0,78.1,3.15
Sousse,Apartment,98000.0,115.0,78.1,3.15
Sousse,House,670000.0,720.0,78.1,3.15
Sousse,Apartment,100000.0,110.0,78.1,3.15
Sousse,House,250000.0,97.0,78.1,3.15
Sousse,House,610000.0,450.0,78.1,3.15
Sousse,House,220000.0,130.0,78.1,3.15
Sousse,House,200000.0,94.0,78.1,3.15
Sousse,House,2500000.0,950.0,78.1,3.15
Sousse,Apartment,400000.0,100.0,78.1,3.15
Sousse,Apartment,74000.0,70.0,78.1,3.15
Sousse,Apartment,185000.0,135.0,78.1,3.15
Sousse,House,1250000.0,590.0,78.1,3.15
Sousse,Apartment,275000.0,123.0,78.1,3.15
Sousse,Apartment,350000.0,180.0,78.1,3.15
Tunis,Apartment,240000.0,115.0,76.6,3.83
Tunis,Apartment,170000.0,95.0,76.6,3.83
Tunis,Apartment,227000.0,109.0,76.6,3.83
Tunis,Apartment,135000.0,68.0,76.6,3.83
Tunis,Apartment,592000.0,171.0,76.6,3.83
Tunis,Apartment,290000.0,130.0,76.6,3.83
Tunis,Apartment,285000.0,120.0,76.6,3.83
Tunis,Apartment,305000.0,121.0,76.6,3.83
Tunis,House,648000.0,410.0,76.6,3.83
Tunis,House,360000.0,107.0,76.6,3.83
Tunis,House,1900000.0,502.0,76.6,3.83
Tunis,House,800000.0,540.0,76.6,3.83
Tunis,Apartment,450000.0,190.0,76.6,3.83
Tunis,Apartment,190000.0,150.0,76.6,3.83
Tunis,House,1230000.0,340.0,76.6,3.83
Tunis,House,950000.0,500.0,76.6,3.83
Tunis,Apartment,265000.0,109.0,76.6,3.83
Tunis,Apartment,125000.0,66.0,76.6,3.83
Tunis,Apartment,310000.0,130.0,76.6,3.83
Tunis,Apartment,940000.0,175.0,76.6,3.83
Tunis,House,1500000.0,540.0,76.6,3.83
Tunis,Apartment,260000.0,110.0,76.6,3.83
Tunis,Land,444400.0,370.0,76.6,3.83
Tunis,House,900000.0,401.0,76.6,3.83
Tunis,Apartment,165000.0,65.0,76.6,3.83
Tunis,Apartment,130000.0,60.0,76.6,3.83
Tunis,Apartment,550000.0,151.0,76.6,3.83
Tunis,House,520000.0,132.0,76.6,3.83
Tunis,Apartment,240000.0,85.0,76.6,3.83
Tunis,House,900000.0,300.0,76.6,3.83
Tunis,Land,270000.0,391.0,76.6,3.83
Tunis,Land,310000.0,567.0,76.6,3.83
Tunis,Apartment,380000.0,135.0,76.6,3.83
Tunis,Apartment,411000.0,80.0,76.6,3.83
Tunis,Apartment,605000.0,112.0,76.6,3.83
Tunis,Land,600000.0,400.0,76.6,3.83
Tunis,Apartment,485000.0,128.0,76.6,3.83
Tunis,Apartment,390000.0,130.0,76.6,3.83
Tunis,House,750000.0,127.0,76.6,3.83
Tunis,House,650000.0,350.0,76.6,3.83
Tunis,Apartment,745000.0,92.0,76.6,3.83
Tunis,House,260000.0,77.0,76.6,3.83
Tunis,Apartment,420000.0,113.0,76.6,3.83
Tunis,Apartment,464941.0,106.0,76.6,3.83
Tunis,Apartment,485000.0,120.0,76.6,3.83
Tunis,House,2500000.0,403.0,76.6,3.83
Tunis,Apartment,435000.0,152.0,76.6,3.83
Tunis,House,620000.0,160.0,76.6,3.83
Tunis,Apartment,530000.0,90.0,76.6,3.83
Tunis,Apartment,190000.0,84.0,76.6,3.83
Tunis,Apartment,380000.0,90.0,76.6,3.83
Tunis,Apartment,280000.0,115.0,76.6,3.83
Tunis,Apartment,450000.0,118.0,76.6,3.83
Tunis,Apartment,530000.0,245.0,76.6,3.83
Tunis,Apartment,475000.0,206.0,76.6,3.83
Tunis,House,300000.0,320.0,76.6,3.83
Tunis,House,650000.0,450.0,76.6,3.83
Tunis,House,550000.0,170.0,76.6,3.83
Tunis,House,530000.0,150.0,76.6,3.83
Tunis,House,670000.0,398.0,76.6,3.83
Tunis,Apartment,450000.0,110.0,76.6,3.83
Tunis,House,1350000.0,240.0,76.6,3.83
Tunis,Land,130000.0,238.0,76.6,3.83
Tunis,Land,1782000.0,990.0,76.6,3.83
Tunis,Land,400000.0,445.0,76.6,3.83
Tunis,Land,220000.0,497.0,76.6,3.83
Tunis,Apartment,178000.0,60.0,76.6,3.83
Tunis,Apartment,855000.0,171.0,76.6,3.83
Tunis,Apartment,230000.0,115.0,76.6,3.83
Tunis,Apartment,530000.0,152.0,76.6,3.83
Tunis,House,695000.0,304.0,76.6,3.83
Tunis,Apartment,440000.0,65.0,76.6,3.83
Tunis,Apartment,345000.0,130.0,76.6,3.83
Tunis,Apartment,740000.0,211.0,76.6,3.83
Tunis,Apartment,450000.0,120.0,76.6,3.83
Tunis,Apartment,395000.0,115.0,76.6,3.83
Tunis,House,1200000.0,290.0,76.6,3.83
Tunis,House,500000.0,500.0,76.6,3.83
Tunis,Apartment,365000.0,110.0,76.6,3.83
Tunis,House,1190000.0,495.0,76.6,3.83
Tunis,House,650000.0,170.0,76.6,3.83
Tunis,House,395000.0,140.0,76.6,3.83
Tunis,Apartment,750000.0,121.0,76.6,3.83
Tunis,House,580000.0,260.0,76.6,3.83
Tunis,Apartment,380000.0,83.0,76.6,3.83
Tunis,Apartment,265000.0,80.0,76.6,3.83
Tunis,Apartment,280000.0,125.0,76.6,3.83
Tunis,Apartment,230000.0,85.0,76.6,3.83
Tunis,Apartment,365000.0,174.0,76.6,3.83
Tunis,Apartment,360000.0,135.0,76.6,3.83
Tunis,Apartment,280000.0,80.0,76.6,3.83
Tunis,Apartment,100000.0,59.0,76.6,3.83
Tunis,House,640000.0,360.0,76.6,3.83
Tunis,Land,318000.0,424.0,76.6,3.83
Tunis,House,600000.0,300.0,76.6,3.83
Tunis,House,2200000.0,1000.0,76.6,3.83
Tunis,House,595000.0,170.0,76.6,3.83
Tunis,House,1150000.0,300.0,76.6,3.83
Tunis,Apartment,105000.0,60.0,76.6,3.83
Tunis,Apartment,147000.0,65.0,76.6,3.83
Tunis,Apartment,250000.0,121.0,76.6,3.83
Tunis,Apartment,255000.0,65.0,76.6,3.83
Tunis,House,500000.0,323.0,76.6,3.83
Tunis,Apartment,310000.0,140.0,76.6,3.83
Tunis,Land,491000.0,491.0,76.6,3.83
Tunis,Land,494400.0,618.0,76.6,3.83
Tunis,Apartment,130000.0,65.0,76.6,3.83
Tunis,House,220000.0,128.0,76.6,3.83
Tunis,Land,850000.0,525.0,76.6,3.83
Tunis,Land,480000.0,272.0,76.6,3.83
Tunis,Apartment,290000.0,145.0,76.6,3.83
Tunis,Apartment,365000.0,120.0,76.6,3.83
Tunis,House,800000.0,349.0,76.6,3.83
Tunis,House,730000.0,143.0,76.6,3.83
Tunis,House,780000.0,500.0,76.6,3.83
Tunis,House,1800000.0,223.0,76.6,3.83
Tunis,Apartment,500000.0,125.0,76.6,3.83
Tunis,Land,270000.0,404.0,76.6,3.83
Tunis,Apartment,535000.0,133.0,76.6,3.83
Tunis,House,370000.0,299.0,76.6,3.83
Tunis,House,740000.0,200.0,76.6,3.83
Tunis,Land,275000.0,416.0,76.6,3.83
Tunis,Land,135000.0,214.0,76.6,3.83
Tunis,House,600000.0,355.0,76.6,3.83
Tunis,Apartment,275000.0,90.0,76.6,3.83
Tunis,Apartment,630000.0,207.0,76.6,3.83
Tunis,Apartment,140000.0,85.0,76.6,3.83
Tunis,Unknown,115000.0,45.0,76.6,3.83
Tunis,Apartment,239000.0,53.0,76.6,3.83
Tunis,Apartment,125000.0,64.0,76.6,3.83
Tunis,Apartment,390000.0,138.0,76.6,3.83
Tunis,Apartment,130000.0,108.0,76.6,3.83
Tunis,Apartment,835000.0,180.0,76.6,3.83
Tunis,Apartment,287000.0,104.0,76.6,3.83
Tunis,Apartment,530000.0,210.0,76.6,3.83
Tunis,Apartment,380000.0,153.0,76.6,3.83
Tunis,Apartment,235000.0,110.0,76.6,3.83
Tunis,Apartment,140000.0,79.0,76.6,3.83
Tunis,Apartment,167000.0,63.0,76.6,3.83
Tunis,Apartment,245000.0,114.0,76.6,3.83
Tunis,Apartment,250000.0,186.0,76.6,3.83
Tunis,Apartment,370000.0,123.0,76.6,3.83
Tunis,Apartment,350000.0,139.0,76.6,3.83
Tunis,Apartment,400000.0,120.0,76.6,3.83
Tunis,Apartment,123000.0,80.0,76.6,3.83
Tunis,Apartment,420000.0,125.0,76.6,3.83
Tunis,Apartment,150000.0,60.0,76.6,3.83
Tunis,Apartment,550000.0,145.0,76.6,3.83
Tunis,Apartment,235000.0,122.0,76.6,3.83
Tunis,Apartment,279000.0,110.0,76.6,3.83
Tunis,Apartment,135000.0,100.0,76.6,3.83
Tunis,Apartment,245000.0,100.0,76.6,3.83
Tunis,Apartment,265000.0,120.0,76.6,3.83
Tunis,Land,399000.0,570.0,76.6,3.83
Tunis,Apartment,420000.0,120.0,76.6,3.83
Tunis,House,1550000.0,452.0,76.6,3.83
Tunis,Apartment,195000.0,48.0,76.6,3.83
Tunis,House,550000.0,240.0,76.6,3.83
Tunis,Apartment,711993.0,100.0,76.6,3.83
Tunis,Apartment,899000.0,131.0,76.6,3.83
Tunis,Land,1498500.0,999.0,76.6,3.83
Tunis,Apartment,190000.0,70.0,76.6,3.83
Tunis,House,690000.0,1000.0,76.6,3.83
Tunis,Land,345400.0,314.0,76.6,3.83
Tunis,House,1290000.0,722.0,76.6,3.83
Tunis,Apartment,145000.0,70.0,76.6,3.83
Tunis,Apartment,115000.0,60.0,76.6,3.83
Tunis,Land,295000.0,410.0,76.6,3.83
Tunis,Apartment,150000.0,75.0,76.6,3.83
Tunis,House,560000.0,210.0,76.6,3.83
Tunis,Apartment,240000.0,110.0,76.6,3.83
Tunis,House,795000.0,392.0,76.6,3.83
Tunis,Apartment,250000.0,106.0,76.6,3.83
Tunis,Land,480000.0,400.0,76.6,3.83
Tunis,Apartment,165000.0,88.0,76.6,3.83
Tunis,Land,154070.0,248.0,76.6,3.83
Tunis,Land,495000.0,75.0,76.6,3.83
Tunis,Apartment,370000.0,81.0,76.6,3.83
Tunis,House,300000.0,187.0,76.6,3.83
Tunis,House,320000.0,230.0,76.6,3.83
Tunis,Apartment,330000.0,105.0,76.6,3.83
Tunis,Unknown,295000.0,125.0,76.6,3.83
Tunis,Land,1200000.0,670.0,76.6,3.83
Tunis,House,370000.0,369.0,76.6,3.83
Tunis,Apartment,650000.0,159.0,76.6,3.83
Tunis,Apartment,580000.0,165.0,76.6,3.83
Tunis,Apartment,170000.0,70.0,76.6,3.83
Tunis,House,670000.0,440.0,76.6,3.83
Tunis,House,304000.0,208.0,76.6,3.83
Tunis,Apartment,800000.0,200.0,76.6,3.83
Tunis,Apartment,310000.0,155.0,76.6,3.83
Tunis,House,290000.0,140.0,76.6,3.83
Tunis,Apartment,145000.0,80.0,76.6,3.83
Tunis,Apartment,275000.0,59.0,76.6,3.83
Tunis,Apartment,273000.0,61.0,76.6,3.83
Tunis,Apartment,430000.0,110.0,76.6,3.83
Tunis,Apartment,660000.0,167.0,76.6,3.83
Tunis,Land,700000.0,1000.0,76.6,3.83
Tunis,Apartment,335000.0,139.0,76.6,3.83
Tunis,Land,275000.0,365.0,76.6,3.83
Tunis,Land,800000.0,637.0,76.6,3.83
Tunis,Land,1240000.0,731.0,76.6,3.83
Tunis,House,280000.0,140.0,76.6,3.83
Tunis,House,2500000.0,913.0,76.6,3.83
Tunis,Apartment,1700000.0,600.0,76.6,3.83
Tunis,Apartment,310000.0,66.0,76.6,3.83
Tunis,House,1100000.0,658.0,76.6,3.83
Tunis,House,1600000.0,400.0,76.6,3.83
Tunis,House,1300000.0,337.0,76.6,3.83
Tunis,House,2200000.0,527.0,76.6,3.83
Tunis,House,1500000.0,684.0,76.6,3.83
Tunis,Apartment,315000.0,95.0,76.6,3.83
Tunis,Apartment,155000.0,129.0,76.6,3.83
Tunis,House,670000.0,483.0,76.6,3.83
Tunis,House,750000.0,247.0,76.6,3.83
Tunis,Apartment,140000.0,100.0,76.6,3.83
Tunis,House,260000.0,120.0,76.6,3.83
Tunis,Apartment,155000.0,99.0,76.6,3.83
Tunis,House,350000.0,350.0,76.6,3.83
Tunis,Apartment,70000.0,60.0,76.6,3.83
Tunis,Land,515000.0,522.0,76.6,3.83
Tunis,Apartment,385000.0,130.0,76.6,3.83
Tunis,Apartment,340000.0,166.0,76.6,3.83
Tunis,Apartment,130000.0,80.0,76.6,3.83
Tunis,Apartment,430000.0,143.0,76.6,3.83
Tunis,House,450000.0,220.0,76.6,3.83
Tunis,House,750000.0,425.0,76.6,3.83
Tunis,House,880000.0,512.0,76.6,3.83
Tunis,Apartment,315000.0,127.0,76.6,3.83
Tunis,House,970000.0,230.0,76.6,3.83
Tunis,Apartment,360000.0,110.0,76.6,3.83
Tunis,House,320000.0,90.0,76.6,3.83
Tunis,Apartment,185000.0,64.0,76.6,3.83
Tunis,House,1200000.0,600.0,76.6,3.83
Tunis,House,1800000.0,622.0,76.6,3.83
Tunis,Land,705600.0,504.0,76.6,3.83
Tunis,Land,650000.0,453.0,76.6,3.83
Tunis,Land,450000.0,333.0,76.6,3.83
Tunis,Land,290000.0,321.0,76.6,3.83
Tunis,House,395000.0,170.0,76.6,3.83
Tunis,House,510000.0,300.0,76.6,3.83
Tunis,Apartment,230000.0,100.0,76.6,3.83
Tunis,House,1280000.0,240.0,76.6,3.83
Tunis,Land,515000.0,515.0,76.6,3.83
Tunis,Apartment,175000.0,91.0,76.6,3.83
Tunis,Apartment,228000.0,100.0,76.6,3.83
Tunis,Apartment,390000.0,150.0,76.6,3.83
Tunis,Apartment,137000.0,80.0,76.6,3.83
Tunis,Apartment,280000.0,109.0,76.6,3.83
Tunis,Land,245000.0,219.0,76.6,3.83
Tunis,House,555000.0,180.0,76.6,3.83
Tunis,Apartment,158000.0,75.0,76.6,3.83
Tunis,Apartment,155000.0,100.0,76.6,3.83
Tunis,Apartment,170000.0,100.0,76.6,3.83
Tunis,Apartment,285000.0,81.0,76.6,3.83
Tunis,Apartment,315000.0,116.0,76.6,3.83
Tunis,Apartment,365000.0,125.0,76.6,3.83
Tunis,Apartment,680000.0,156.0,76.6,3.83
Tunis,Land,195000.0,250.0,76.6,3.83
Tunis,House,520000.0,290.0,76.6,3.83
Tunis,House,1300000.0,398.0,76.6,3.83
Tunis,Apartment,360000.0,122.0,76.6,3.83
Tunis,House,900000.0,450.0,76.6,3.83
Tunis,House,680000.0,300.0,76.6,3.83
Tunis,House,450000.0,200.0,76.6,3.83
Tunis,Apartment,245000.0,123.0,76.6,3.83
Tunis,Apartment,177000.0,92.0,76.6,3.83
Tunis,House,450000.0,210.0,76.6,3.83
Tunis,Apartment,135000.0,81.0,76.6,3.83
Tunis,Apartment,675000.0,158.0,76.6,3.83
Tunis,Apartment,390000.0,132.0,76.6,3.83
Tunis,Apartment,200000.0,80.0,76.6,3.83
Tunis,Land,164000.0,310.0,76.6,3.83
Tunis,Land,1436400.0,1000.0,76.6,3.83
Tunis,Land,1200000.0,1000.0,76.6,3.83
Tunis,Apartment,370000.0,138.0,76.6,3.83
Tunis,Apartment,250000.0,115.0,76.6,3.83
Tunis,Land,1700000.0,571.0,76.6,3.83
Tunis,House,1800000.0,700.0,76.6,3.83
Tunis,Land,357000.0,357.0,76.6,3.83
Tunis,Land,580000.0,597.0,76.6,3.83
Tunis,Apartment,270000.0,131.0,76.6,3.83
Tunis,Apartment,310000.0,100.0,76.6,3.83
Tunis,Apartment,105000.0,47.0,76.6,3.83
Tunis,House,2100000.0,580.0,76.6,3.83
Tunis,House,430000.0,387.0,76.6,3.83
Tunis,Apartment,130000.0,75.0,76.6,3.83
Tunis,Apartment,1050000.0,103.0,76.6,3.83
Tunis,House,500000.0,328.0,76.6,3.83
Tunis,House,850000.0,536.0,76.6,3.83
Tunis,Apartment,400000.0,79.0,76.6,3.83
Tunis,House,980000.0,360.0,76.6,3.83
Tunis,House,870000.0,400.0,76.6,3.83
Tunis,House,165000.0,89.0,76.6,3.83
Tunis,Apartment,115000.0,61.0,76.6,3.83
Tunis,Apartment,450000.0,155.0,76.6,3.83
Tunis,House,650000.0,337.0,76.6,3.83
Tunis,Apartment,299000.0,133.0,76.6,3.83
Tunis,Apartment,210000.0,133.0,76.6,3.83
Tunis,Apartment,340000.0,145.0,76.6,3.83
Tunis,Apartment,520000.0,108.0,76.6,3.83
Tunis,Land,975000.0,650.0,76.6,3.83
Tunis,House,450000.0,231.0,76.6,3.83
Tunis,Land,270000.0,242.0,76.6,3.83
Tunis,Apartment,175000.0,70.0,76.6,3.83
Tunis,House,1600000.0,300.0,76.6,3.83
Tunis,Apartment,900000.0,177.0,76.6,3.83
Tunis,Apartment,230000.0,128.0,76.6,3.83
Tunis,House,390000.0,120.0,76.6,3.83
Tunis,Apartment,320000.0,146.0,76.6,3.83
Tunis,Apartment,315000.0,117.0,76.6,3.83
Tunis,Apartment,280000.0,126.0,76.6,3.83
Tunis,House,759000.0,330.0,76.6,3.83
Tunis,Apartment,317000.0,152.0,76.6,3.83
Tunis,House,450000.0,140.0,76.6,3.83
Tunis,Land,450000.0,401.0,76.6,3.83
Tunis,Apartment,195000.0,120.0,76.6,3.83
Tunis,House,340000.0,230.0,76.6,3.83
Tunis,Apartment,100000.0,100.0,76.6,3.83
Tunis,Land,490000.0,613.0,76.6,3.83
Tunis,Apartment,170000.0,115.0,76.6,3.83
Tunis,Apartment,495000.0,178.0,76.6,3.83
Tunis,Apartment,249000.0,118.0,76.6,3.83
Tunis,Apartment,295000.0,110.0,76.6,3.83
Tunis,House,1350000.0,247.0,76.6,3.83
Tunis,Apartment,130000.0,44.0,76.6,3.83
Tunis,House,290000.0,150.0,76.6,3.83
Tunis,House,420000.0,422.0,76.6,3.83
Tunis,Apartment,178000.0,78.0,76.6,3.83
Tunis,Apartment,268000.0,115.0,76.6,3.83
Tunis,Apartment,377000.0,185.0,76.6,3.83
Tunis,House,305000.0,111.0,76.6,3.83
Tunis,House,700000.0,360.0,76.6,3.83
Tunis,Apartment,590478.0,112.0,76.6,3.83
Tunis,Land,483600.0,403.0,76.6,3.83
Tunis,Apartment,539994.0,128.0,76.6,3.83
Tunis,Apartment,260778.0,62.0,76.6,3.83
Tunis,Apartment,200000.0,67.0,76.6,3.83
Tunis,Land,1429000.0,1000.0,76.6,3.83
Tunis,Land,752000.0,684.0,76.6,3.83
Tunis,Apartment,375000.0,110.0,76.6,3.83
Tunis,House,470000.0,259.0,76.6,3.83
Tunis,Apartment,250000.0,94.0,76.6,3.83
Tunis,Apartment,190000.0,68.0,76.6,3.83
Tunis,Apartment,265000.0,76.0,76.6,3.83
Tunis,Apartment,370000.0,124.0,76.6,3.83
Tunis,Apartment,310000.0,105.0,76.6,3.83
Tunis,Apartment,120000.0,52.0,76.6,3.83
Tunis,Apartment,395000.0,180.0,76.6,3.83
Tunis,House,570000.0,138.0,76.6,3.83
Tunis,Apartment,185000.0,120.0,76.6,3.83
Tunis,Apartment,250000.0,115.0,76.6,3.83
Tunis,Land,410000.0,550.0,76.6,3.83
Tunis,Apartment,350000.0,124.0,76.6,3.83
Tunis,Apartment,290000.0,101.0,76.6,3.83
Tunis,Apartment,450000.0,130.0,76.6,3.83
Tunis,Apartment,450000.0,130.0,76.6,3.83
Tunis,Apartment,450000.0,130.0,76.6,3.83
Tunis,Land,750000.0,474.0,76.6,3.83
Tunis,House,1055000.0,483.0,76.6,3.83
Tunis,House,1850000.0,450.0,76.6,3.83
Tunis,House,710000.0,242.0,76.6,3.83
Tunis,Land,1950000.0,681.0,76.6,3.83
Tunis,House,1850000.0,538.0,76.6,3.83
Tunis,Apartment,92000.0,47.0,76.6,3.83
Tunis,Apartment,360000.0,150.0,76.6,3.83
Tunis,Apartment,360000.0,100.0,76.6,3.83
Tunis,House,1800000.0,175.0,76.6,3.83
Tunis,Apartment,280000.0,72.0,76.6,3.83
Tunis,Apartment,265000.0,120.0,76.6,3.83
Tunis,Apartment,210000.0,97.0,76.6,3.83
Tunis,House,1380000.0,450.0,76.6,3.83
Tunis,Apartment,180000.0,110.0,76.6,3.83
Tunis,Land,200000.0,274.0,76.6,3.83
Tunis,House,780000.0,500.0,76.6,3.83
Tunis,Apartment,295000.0,111.0,76.6,3.83
Tunis,Apartment,650000.0,160.0,76.6,3.83
Tunis,Apartment,240000.0,114.0,76.6,3.83
Tunis,Land,434000.0,484.0,76.6,3.83
Tunis,Apartment,155000.0,100.0,76.6,3.83
Tunis,Land,300000.0,400.0,76.6,3.83
Tunis,Apartment,335000.0,110.0,76.6,3.83
Tunis,House,645000.0,570.0,76.6,3.83
Tunis,House,480000.0,200.0,76.6,3.83
Tunis,Apartment,185000.0,100.0,76.6,3.83
Tunis,Land,155000.0,333.0,76.6,3.83
Tunis,Apartment,190000.0,126.0,76.6,3.83
Tunis,Land,310000.0,460.0,76.6,3.83
Tunis,Apartment,140000.0,86.0,76.6,3.83
Tunis,House,385000.0,330.0,76.6,3.83
Tunis,House,510000.0,200.0,76.6,3.83
Tunis,House,1600000.0,579.0,76.6,3.83
Tunis,House,490000.0,190.0,76.6,3.83
Tunis,Land,406000.0,507.0,76.6,3.83
Tunis,House,680000.0,197.0,76.6,3.83
Tunis,House,1500000.0,673.0,76.6,3.83
Tunis,Apartment,165000.0,75.0,76.6,3.83
Tunis,Land,900000.0,800.0,76.6,3.83
Tunis,Apartment,297000.0,120.0,76.6,3.83
Tunis,House,570000.0,240.0,76.6,3.83
Tunis,House,650000.0,151.0,76.6,3.83
Tunis,House,1470000.0,500.0,76.6,3.83
Tunis,House,1190000.0,564.0,76.6,3.83
Tunis,Apartment,770000.0,138.0,76.6,3.83
Tunis,House,335000.0,105.0,76.6,3.83
Tunis,Apartment,210000.0,90.0,76.6,3.83
Tunis,Apartment,197000.0,72.0,76.6,3.83
Tunis,Apartment,220000.0,109.0,76.6,3.83
Tunis,Apartment,128000.0,100.0,76.6,3.83
Tunis,House,2500000.0,667.0,76.6,3.83
Tunis,House,320000.0,180.0,76.6,3.83
Tunis,House,330000.0,86.0,76.6,3.83
Tunis,House,1480000.0,320.0,76.6,3.83
Tunis,Apartment,245000.0,113.0,76.6,3.83
Tunis,Apartment,440000.0,190.0,76.6,3.83
Tunis,House,900000.0,330.0,76.6,3.83
Tunis,Land,457900.0,482.0,76.6,3.83
Tunis,House,480000.0,148.0,76.6,3.83
Tunis,Land,137200.0,343.0,76.6,3.83
Tunis,Apartment,450000.0,150.0,76.6,3.83
Tunis,House,530000.0,450.0,76.6,3.83
Tunis,House,650000.0,200.0,76.6,3.83
Tunis,Land,256500.0,342.0,76.6,3.83
Tunis,Apartment,320000.0,149.0,76.6,3.83
Tunis,Land,742000.0,529.0,76.6,3.83
Tunis,House,475000.0,207.0,76.6,3.83
Tunis,House,450000.0,198.0,76.6,3.83
Tunis,House,560000.0,343.0,76.6,3.83
Tunis,House,499000.0,315.0,76.6,3.83
Tunis,Land,195000.0,234.0,76.6,3.83
Tunis,Land,2500000.0,1000.0,76.6,3.83
Tunis,House,750000.0,450.0,76.6,3.83
Tunis,House,1050000.0,595.0,76.6,3.83
Tunis,Apartment,275000.0,128.0,76.6,3.83
Tunis,Apartment,340000.0,158.0,76.6,3.83
Tunis,Land,414000.0,503.0,76.6,3.83
Tunis,Apartment,175000.0,98.0,76.6,3.83
Tunis,House,1000000.0,284.0,76.6,3.83
Tunis,House,370000.0,317.0,76.6,3.83
Tunis,Apartment,265000.0,146.0,76.6,3.83
Tunis,House,1400000.0,1000.0,76.6,3.83
Tunis,Apartment,280000.0,104.0,76.6,3.83
Tunis,House,680000.0,200.0,76.6,3.83
Tunis,House,380000.0,175.0,76.6,3.83
Tunis,Land,297500.0,425.0,76.6,3.83
Tunis,House,838000.0,544.0,76.6,3.83
Tunis,Land,484000.0,440.0,76.6,3.83
Tunis,Apartment,270000.0,114.0,76.6,3.83
Tunis,House,750000.0,450.0,76.6,3.83
Tunis,House,600000.0,349.0,76.6,3.83
Tunis,Apartment,792000.0,198.0,76.6,3.83
Tunis,Apartment,110000.0,90.0,76.6,3.83
Tunis,Land,480000.0,300.0,76.6,3.83
Tunis,Apartment,457000.0,115.0,76.6,3.83
Tunis,House,550000.0,200.0,76.6,3.83
Tunis,Land,250000.0,306.0,76.6,3.83
Tunis,Land,470000.0,715.0,76.6,3.83
Tunis,Land,260000.0,380.0,76.6,3.83
Tunis,Land,363000.0,405.0,76.6,3.83
Tunis,House,1850000.0,616.0,76.6,3.83
Tunis,House,1050000.0,634.0,76.6,3.83
Tunis,Apartment,335000.0,136.0,76.6,3.83
Tunis,House,1000000.0,672.0,76.6,3.83
Tunis,House,1290000.0,370.0,76.6,3.83
Tunis,House,675000.0,200.0,76.6,3.83
Tunis,Apartment,439235.0,120.0,76.6,3.83
Tunis,House,695000.0,455.0,76.6,3.83
Tunis,Apartment,340000.0,130.0,76.6,3.83
Tunis,Apartment,550000.0,110.0,76.6,3.83
Tunis,House,1400000.0,340.0,76.6,3.83
Tunis,House,1137500.0,339.0,76.6,3.83
Tunis,Apartment,113000.0,80.0,76.6,3.83
Tunis,House,1150000.0,599.0,76.6,3.83
Tunis,House,1280000.0,1000.0,76.6,3.83
Tunis,Land,307800.0,513.0,76.6,3.83
Tunis,Apartment,245000.0,60.0,76.6,3.83
Tunis,Land,620000.0,360.0,76.6,3.83
Tunis,House,520000.0,260.0,76.6,3.83
Tunis,Apartment,450000.0,126.0,76.6,3.83
Tunis,House,1600000.0,467.0,76.6,3.83
Tunis,House,450000.0,160.0,76.6,3.83
Tunis,Apartment,395000.0,100.0,76.6,3.83
Tunis,Apartment,290000.0,111.0,76.6,3.83
Tunis,House,580000.0,260.0,76.6,3.83
Tunis,Apartment,352000.0,141.0,76.6,3.83
Tunis,House,1100000.0,474.0,76.6,3.83
Tunis,House,815000.0,386.0,76.6,3.83
Tunis,House,550000.0,350.0,76.6,3.83
Tunis,House,480000.0,265.0,76.6,3.83
Tunis,Land,2250000.0,539.0,76.6,3.83
Tunis,Land,745000.0,596.0,76.6,3.83
Tunis,House,1269000.0,350.0,76.6,3.83
Tunis,Apartment,280000.0,125.0,76.6,3.83
Tunis,House,1550000.0,684.0,76.6,3.83
Tunis,Apartment,300000.0,87.0,76.6,3.83
Tunis,House,370000.0,100.0,76.6,3.83
Tunis,Apartment,170000.0,105.0,76.6,3.83
Tunis,Apartment,497000.0,144.0,76.6,3.83
Tunis,House,870000.0,360.0,76.6,3.83
Tunis,Apartment,580000.0,216.0,76.6,3.83
Tunis,Apartment,1270000.0,249.0,76.6,3.83
Tunis,Apartment,297000.0,59.0,76.6,3.83
Tunis,Apartment,645000.0,129.0,76.6,3.83
Tunis,Apartment,925000.0,112.0,76.6,3.83
Tunis,Apartment,259000.0,110.0,76.6,3.83
Tunis,Apartment,280000.0,120.0,76.6,3.83
Tunis,Land,418660.0,484.0,76.6,3.83
Tunis,House,380000.0,441.0,76.6,3.83
Tunis,House,4000000.0,1000.0,76.6,3.83
Tunis,Apartment,279700.0,110.0,76.6,3.83
Tunis,Apartment,320000.0,116.0,76.6,3.83
Tunis,Apartment,490000.0,205.0,76.6,3.83
Tunis,House,1100000.0,411.0,76.6,3.83
Tunis,House,650000.0,140.0,76.6,3.83
Tunis,House,450000.0,355.0,76.6,3.83
Tunis,Apartment,180000.0,103.0,76.6,3.83
Tunis,House,1480000.0,422.0,76.6,3.83
Tunis,Apartment,440000.0,138.0,76.6,3.83
Tunis,Apartment,270000.0,120.0,76.6,3.83
Tunis,Apartment,270000.0,130.0,76.6,3.83
Tunis,Land,853600.0,776.0,76.6,3.83
Tunis,House,450000.0,140.0,76.6,3.83
Tunis,Land,474300.0,558.0,76.6,3.83
Tunis,Land,366000.0,486.0,76.6,3.83
Tunis,Apartment,339150.0,59.0,76.6,3.83
Tunis,House,1385000.0,528.0,76.6,3.83
Tunis,House,990000.0,542.0,76.6,3.83
Tunis,House,550000.0,501.0,76.6,3.83
Tunis,House,1400000.0,600.0,76.6,3.83
Tunis,House,1300000.0,400.0,76.6,3.83
Tunis,House,420000.0,158.0,76.6,3.83
Tunis,Land,580000.0,1000.0,76.6,3.83
Tunis,Apartment,1000000.0,150.0,76.6,3.83
Tunis,Apartment,147000.0,90.0,76.6,3.83
Tunis,House,1600000.0,436.0,76.6,3.83
Tunis,House,1700000.0,1000.0,76.6,3.83
Tunis,House,1150000.0,250.0,76.6,3.83
Tunis,Apartment,370000.0,133.0,76.6,3.83
Tunis,Apartment,320000.0,105.0,76.6,3.83
Tunis,House,420000.0,240.0,76.6,3.83
Tunis,Apartment,595000.0,108.0,76.6,3.83
Tunis,House,750000.0,460.0,76.6,3.83
Tunis,House,790000.0,400.0,76.6,3.83
Tunis,Apartment,292000.0,160.0,76.6,3.83
Tunis,Land,620000.0,366.0,76.6,3.83
Tunis,Land,450000.0,450.0,76.6,3.83
Tunis,House,545000.0,150.0,76.6,3.83
Tunis,House,1700000.0,574.0,76.6,3.83
Tunis,House,1050000.0,586.0,76.6,3.83
Tunis,House,670000.0,449.0,76.6,3.83
Tunis,House,2000000.0,665.0,76.6,3.83
Tunis,Land,393000.0,357.0,76.6,3.83
Tunis,Land,2600000.0,930.0,76.6,3.83
Tunis,Land,1800000.0,956.0,76.6,3.83
Tunis,Land,485000.0,431.0,76.6,3.83
Tunis,Apartment,418400.0,100.0,76.6,3.83
Tunis,Land,750000.0,385.0,76.6,3.83
Tunis,Land,235000.0,340.0,76.6,3.83
Tunis,Land,1092300.0,993.0,76.6,3.83
Tunis,Apartment,680000.0,225.0,76.6,3.83
Tunis,Land,1950000.0,1000.0,76.6,3.83
